betas,circuit_hash,edges,gammas,graph_family,graph_hash,graph_seed,logical_id,n_qubits,p,parameter_index
[0.0],3ec8e57b4a30f9afe33d26b4248107d7561d116a7d36216e2be2d2308b836527,"[[0,1],[0,5],[1,2],[2,3],[3,4],[4,5]]",[0.0],cycle,900a88af0ec5cbfa0fea692166903376a2b37697cdccf020daa84e2f79e80779,2026,m2:cycle:n6:p1:g2026:a0,6,1,0
[0.7853981633974483],bb10332816bb6b75c128ce08a08b0df352e427ad22d28120420b2eaf1c15a85e,"[[0,1],[0,5],[1,2],[2,3],[3,4],[4,5]]",[1.5707963267948966],cycle,900a88af0ec5cbfa0fea692166903376a2b37697cdccf020daa84e2f79e80779,2026,m2:cycle:n6:p1:g2026:a1,6,1,1
[0.39269908169872414],d32663e6b229d7edc851bb2fe572a2bcb1bb509ab7be3a2699844afae12eb44d,"[[0,1],[0,5],[1,2],[2,3],[3,4],[4,5]]",[2.356194490192345],cycle,900a88af0ec5cbfa0fea692166903376a2b37697cdccf020daa84e2f79e80779,2026,m2:cycle:n6:p1:g2026:a2,6,1,2
[1.1780972450961724],b015fde8b4fd3a4137e03ca6bd7c3f4fa96140ec46c08562af5cda70bfdef207,"[[0,1],[0,5],[1,2],[2,3],[3,4],[4,5]]",[0.7853981633974483],cycle,900a88af0ec5cbfa0fea692166903376a2b37697cdccf020daa84e2f79e80779,2026,m2:cycle:n6:p1:g2026:a3,6,1,3
[0.0],2b9ca88b4d7bd89a7ab03196167cdcd37029df4dba3f1bf8475d6b97b91a6980,"[[0,1],[0,5],[1,2],[2,3],[3,4],[4,5]]",[0.0],cycle,f6635546ce017e85ce00d22188878011bdf359d9feb4721fc0cb63e6eb2835c2,2027,m2:cycle:n6:p1:g2027:a0,6,1,0
[0.7853981633974483],a6a546fbb9fbb30c3c4196afa442553626f5b0bb01740ee27391e78b1cd2755a,"[[0,1],[0,5],[1,2],[2,3],[3,4],[4,5]]",[1.5707963267948966],cycle,f6635546ce017e85ce00d22188878011bdf359d9feb4721fc0cb63e6eb2835c2,2027,m2:cycle:n6:p1:g2027:a1,6,1,1
[0.39269908169872414],50a80b8916c82fd9cc7f8f20104ef19f49f9f93f4e21947bfbff5bf9e8ffc08d,"[[0,1],[0,5],[1,2],[2,3],[3,4],[4,5]]",[2.356194490192345],cycle,f6635546ce017e85ce00d22188878011bdf359d9feb4721fc0cb63e6eb2835c2,2027,m2:cycle:n6:p1:g2027:a2,6,1,2
[1.1780972450961724],167bf714d6a6b32b01486c9122d870425c00c240caecff3ca9608c15712fc989,"[[0,1],[0,5],[1,2],[2,3],[3,4],[4,5]]",[0.7853981633974483],cycle,f6635546ce017e85ce00d22188878011bdf359d9feb4721fc0cb63e6eb2835c2,2027,m2:cycle:n6:p1:g2027:a3,6,1,3
[0.0],fbbe5961b6fb83ef40c4843fea67c75f88636ed44990e3558a29fc424656d7c6,"[[0,1],[0,5],[1,2],[2,3],[3,4],[4,5]]",[0.0],cycle,09c844bdf7d9f11e2ef87de09321f61c4cccf7a72645e83cd2205fc480476665,2028,m2:cycle:n6:p1:g2028:a0,6,1,0
[0.7853981633974483],0562a8d43a34a94d58d9ae3c075d48098b96bf3450bc5c2412231aeef3e4f7ea,"[[0,1],[0,5],[1,2],[2,3],[3,4],[4,5]]",[1.5707963267948966],cycle,09c844bdf7d9f11e2ef87de09321f61c4cccf7a72645e83cd2205fc480476665,2028,m2:cycle:n6:p1:g2028:a1,6,1,1
[0.39269908169872414],ad6f6a6bcffd71d8981d3b95cecde2419e6fdcd4cf699358a7a83b22dd3a7948,"[[0,1],[0,5],[1,2],[2,3],[3,4],[4,5]]",[2.356194490192345],cycle,09c844bdf7d9f11e2ef87de09321f61c4cccf7a72645e83cd2205fc480476665,2028,m2:cycle:n6:p1:g2028:a2,6,1,2
[1.1780972450961724],93fe747771da77091e68a3c17906a99add85edfa18c9e25d681cfceca4be5a1d,"[[0,1],[0,5],[1,2],[2,3],[3,4],[4,5]]",[0.7853981633974483],cycle,09c844bdf7d9f11e2ef87de09321f61c4cccf7a72645e83cd2205fc480476665,2028,m2:cycle:n6:p1:g2028:a3,6,1,3
"[0.0,0.0]",93a86b4fe586156c777a1cdd944052e44d96957848f270b0d9781f98c9082cd4,"[[0,1],[0,5],[1,2],[2,3],[3,4],[4,5]]","[0.0,0.0]",cycle,900a88af0ec5cbfa0fea692166903376a2b37697cdccf020daa84e2f79e80779,2026,m2:cycle:n6:p2:g2026:a0,6,2,0
"[0.7853981633974483,0.7853981633974483]",af4573338a0fd6365b10e2a852400eb512fb4dd0aada85baa1913ac6bd0d4721,"[[0,1],[0,5],[1,2],[2,3],[3,4],[4,5]]","[1.5707963267948966,1.5707963267948966]",cycle,900a88af0ec5cbfa0fea692166903376a2b37697cdccf020daa84e2f79e80779,2026,m2:cycle:n6:p2:g2026:a1,6,2,1
"[0.39269908169872414,1.1780972450961724]",43db8ed9ef06b3c0eab7c918dce17c92cb77398a5aa670152e60d6a09bfcbe63,"[[0,1],[0,5],[1,2],[2,3],[3,4],[4,5]]","[2.356194490192345,0.7853981633974483]",cycle,900a88af0ec5cbfa0fea692166903376a2b37697cdccf020daa84e2f79e80779,2026,m2:cycle:n6:p2:g2026:a2,6,2,2
"[1.1780972450961724,0.39269908169872414]",39bd8ee1536a00343d6869795b774fe2a14982119582bdc88a7b96fcc1aa9d3d,"[[0,1],[0,5],[1,2],[2,3],[3,4],[4,5]]","[0.7853981633974483,2.356194490192345]",cycle,900a88af0ec5cbfa0fea692166903376a2b37697cdccf020daa84e2f79e80779,2026,m2:cycle:n6:p2:g2026:a3,6,2,3
"[0.0,0.0]",1dd348263a1342198cfcae8809c69321d6f178aab9b03bee9adda74e476000a7,"[[0,1],[0,5],[1,2],[2,3],[3,4],[4,5]]","[0.0,0.0]",cycle,f6635546ce017e85ce00d22188878011bdf359d9feb4721fc0cb63e6eb2835c2,2027,m2:cycle:n6:p2:g2027:a0,6,2,0
"[0.7853981633974483,0.7853981633974483]",a922d011846cc4b08bec6e90ae66bf7bd1f50ac9eb6b3d35ce90f15131e1d6ae,"[[0,1],[0,5],[1,2],[2,3],[3,4],[4,5]]","[1.5707963267948966,1.5707963267948966]",cycle,f6635546ce017e85ce00d22188878011bdf359d9feb4721fc0cb63e6eb2835c2,2027,m2:cycle:n6:p2:g2027:a1,6,2,1
"[0.39269908169872414,1.1780972450961724]",e7abb2615c4fc70e4a1e772d0f3372c2dc5a84ab1bc709b1f214645f2bcf4978,"[[0,1],[0,5],[1,2],[2,3],[3,4],[4,5]]","[2.356194490192345,0.7853981633974483]",cycle,f6635546ce017e85ce00d22188878011bdf359d9feb4721fc0cb63e6eb2835c2,2027,m2:cycle:n6:p2:g2027:a2,6,2,2
"[1.1780972450961724,0.39269908169872414]",4830d0d59aa4be15e176011b0fb725e9865fd84c265e33d2d682a3d83d911ea9,"[[0,1],[0,5],[1,2],[2,3],[3,4],[4,5]]","[0.7853981633974483,2.356194490192345]",cycle,f6635546ce017e85ce00d22188878011bdf359d9feb4721fc0cb63e6eb2835c2,2027,m2:cycle:n6:p2:g2027:a3,6,2,3
"[0.0,0.0]",39181341a6b9f6afea882f8b35277718cf028f6badbbd025d372604f003c0b3c,"[[0,1],[0,5],[1,2],[2,3],[3,4],[4,5]]","[0.0,0.0]",cycle,09c844bdf7d9f11e2ef87de09321f61c4cccf7a72645e83cd2205fc480476665,2028,m2:cycle:n6:p2:g2028:a0,6,2,0
"[0.7853981633974483,0.7853981633974483]",15443e68e9ba5ddf4ca0b7a77e7501e24afb8902c76e771467373245038fd799,"[[0,1],[0,5],[1,2],[2,3],[3,4],[4,5]]","[1.5707963267948966,1.5707963267948966]",cycle,09c844bdf7d9f11e2ef87de09321f61c4cccf7a72645e83cd2205fc480476665,2028,m2:cycle:n6:p2:g2028:a1,6,2,1
"[0.39269908169872414,1.1780972450961724]",d17ccf4c814f45258023f883007a67241085d7c3a466c7a785f60288c9771bab,"[[0,1],[0,5],[1,2],[2,3],[3,4],[4,5]]","[2.356194490192345,0.7853981633974483]",cycle,09c844bdf7d9f11e2ef87de09321f61c4cccf7a72645e83cd2205fc480476665,2028,m2:cycle:n6:p2:g2028:a2,6,2,2
"[1.1780972450961724,0.39269908169872414]",a7f2d4af8d7746c45131b597e73ca8a9732e780583f89f2fa9d4f8dd0bf7a5e7,"[[0,1],[0,5],[1,2],[2,3],[3,4],[4,5]]","[0.7853981633974483,2.356194490192345]",cycle,09c844bdf7d9f11e2ef87de09321f61c4cccf7a72645e83cd2205fc480476665,2028,m2:cycle:n6:p2:g2028:a3,6,2,3
"[0.0,0.0,0.0]",5e901bddc3d942a39b0ca3f1eb7d98a200398e3f5f2847baa6eca45eddf5b26d,"[[0,1],[0,5],[1,2],[2,3],[3,4],[4,5]]","[0.0,0.0,0.0]",cycle,900a88af0ec5cbfa0fea692166903376a2b37697cdccf020daa84e2f79e80779,2026,m2:cycle:n6:p3:g2026:a0,6,3,0
"[0.7853981633974483,0.7853981633974483,0.7853981633974483]",598e076b6e7922e379edbf62e98e2dfa8887070d26e40e3e06b269f2383e1029,"[[0,1],[0,5],[1,2],[2,3],[3,4],[4,5]]","[1.5707963267948966,1.5707963267948966,1.5707963267948966]",cycle,900a88af0ec5cbfa0fea692166903376a2b37697cdccf020daa84e2f79e80779,2026,m2:cycle:n6:p3:g2026:a1,6,3,1
"[0.39269908169872414,1.1780972450961724,1.1780972450961724]",fe332c31461318b60af08ea7dd9108f3590e82c9fec97cea3adaf776010233e4,"[[0,1],[0,5],[1,2],[2,3],[3,4],[4,5]]","[2.356194490192345,0.7853981633974483,0.7853981633974483]",cycle,900a88af0ec5cbfa0fea692166903376a2b37697cdccf020daa84e2f79e80779,2026,m2:cycle:n6:p3:g2026:a2,6,3,2
"[1.1780972450961724,0.39269908169872414,0.39269908169872414]",4fdb3702816c868f5be3427b494dc2bd483e9aefc75f41dd851fc1c29cb146eb,"[[0,1],[0,5],[1,2],[2,3],[3,4],[4,5]]","[0.7853981633974483,2.356194490192345,2.356194490192345]",cycle,900a88af0ec5cbfa0fea692166903376a2b37697cdccf020daa84e2f79e80779,2026,m2:cycle:n6:p3:g2026:a3,6,3,3
"[0.0,0.0,0.0]",4828f5dddd3651a5279dc9acb76ab05ee0aa953df713cab9fb96a3c990367fc6,"[[0,1],[0,5],[1,2],[2,3],[3,4],[4,5]]","[0.0,0.0,0.0]",cycle,f6635546ce017e85ce00d22188878011bdf359d9feb4721fc0cb63e6eb2835c2,2027,m2:cycle:n6:p3:g2027:a0,6,3,0
"[0.7853981633974483,0.7853981633974483,0.7853981633974483]",d9c54750a111d859c3b26f5dbee133d604d6bac3a55469093d111784a27bb39a,"[[0,1],[0,5],[1,2],[2,3],[3,4],[4,5]]","[1.5707963267948966,1.5707963267948966,1.5707963267948966]",cycle,f6635546ce017e85ce00d22188878011bdf359d9feb4721fc0cb63e6eb2835c2,2027,m2:cycle:n6:p3:g2027:a1,6,3,1
"[0.39269908169872414,1.1780972450961724,1.1780972450961724]",bf0262d303d77bf6807c2965a54c3bc8411e311ac76a945a919d517cecddc55f,"[[0,1],[0,5],[1,2],[2,3],[3,4],[4,5]]","[2.356194490192345,0.7853981633974483,0.7853981633974483]",cycle,f6635546ce017e85ce00d22188878011bdf359d9feb4721fc0cb63e6eb2835c2,2027,m2:cycle:n6:p3:g2027:a2,6,3,2
"[1.1780972450961724,0.39269908169872414,0.39269908169872414]",6c32f475d2e076bf414aaeee6cae72eb734bb698a8c8c1cf30b7b5ca49256331,"[[0,1],[0,5],[1,2],[2,3],[3,4],[4,5]]","[0.7853981633974483,2.356194490192345,2.356194490192345]",cycle,f6635546ce017e85ce00d22188878011bdf359d9feb4721fc0cb63e6eb2835c2,2027,m2:cycle:n6:p3:g2027:a3,6,3,3
"[0.0,0.0,0.0]",ee797e8a7c71807f3a29962cfb1bf2a5903052ced38ff12036ccf7a4383db8f8,"[[0,1],[0,5],[1,2],[2,3],[3,4],[4,5]]","[0.0,0.0,0.0]",cycle,09c844bdf7d9f11e2ef87de09321f61c4cccf7a72645e83cd2205fc480476665,2028,m2:cycle:n6:p3:g2028:a0,6,3,0
"[0.7853981633974483,0.7853981633974483,0.7853981633974483]",dd8604d2cbf7af36c12061d1335211406a29ce92bb49ccc2c6d8fd0e0c82a436,"[[0,1],[0,5],[1,2],[2,3],[3,4],[4,5]]","[1.5707963267948966,1.5707963267948966,1.5707963267948966]",cycle,09c844bdf7d9f11e2ef87de09321f61c4cccf7a72645e83cd2205fc480476665,2028,m2:cycle:n6:p3:g2028:a1,6,3,1
"[0.39269908169872414,1.1780972450961724,1.1780972450961724]",2062a084f20b42424fb3010024450b192b808ab152a61c66b47e60995f633528,"[[0,1],[0,5],[1,2],[2,3],[3,4],[4,5]]","[2.356194490192345,0.7853981633974483,0.7853981633974483]",cycle,09c844bdf7d9f11e2ef87de09321f61c4cccf7a72645e83cd2205fc480476665,2028,m2:cycle:n6:p3:g2028:a2,6,3,2
"[1.1780972450961724,0.39269908169872414,0.39269908169872414]",e30a7324b066b1d2bf16398384a9e5ef55ea2dcb84c591002628a574b2a22969,"[[0,1],[0,5],[1,2],[2,3],[3,4],[4,5]]","[0.7853981633974483,2.356194490192345,2.356194490192345]",cycle,09c844bdf7d9f11e2ef87de09321f61c4cccf7a72645e83cd2205fc480476665,2028,m2:cycle:n6:p3:g2028:a3,6,3,3
[0.0],273c6d994cb379e9051b7f5f24619f1ee861887be6fd30ae8b3f2ea2d9a39314,"[[0,1],[0,7],[1,2],[2,3],[3,4],[4,5],[5,6],[6,7]]",[0.0],cycle,8886dc2478ce090f5333d15f2df54563b842316bce47aad162a43950ea90e750,2026,m2:cycle:n8:p1:g2026:a0,8,1,0
[0.7853981633974483],0f71bee2fcbe4d22aef6294f2d08ef635682b096c56096e1c9b52d6c627c0bf2,"[[0,1],[0,7],[1,2],[2,3],[3,4],[4,5],[5,6],[6,7]]",[1.5707963267948966],cycle,8886dc2478ce090f5333d15f2df54563b842316bce47aad162a43950ea90e750,2026,m2:cycle:n8:p1:g2026:a1,8,1,1
[0.39269908169872414],8741132bd1c7ae1d2132bfee2dfac119db415bee1f32a3a1db477ff60a71dfa9,"[[0,1],[0,7],[1,2],[2,3],[3,4],[4,5],[5,6],[6,7]]",[2.356194490192345],cycle,8886dc2478ce090f5333d15f2df54563b842316bce47aad162a43950ea90e750,2026,m2:cycle:n8:p1:g2026:a2,8,1,2
[1.1780972450961724],8ff1c6408eac597158a392dcf8df453e240b60f6950b8f61f23101a3921d01cd,"[[0,1],[0,7],[1,2],[2,3],[3,4],[4,5],[5,6],[6,7]]",[0.7853981633974483],cycle,8886dc2478ce090f5333d15f2df54563b842316bce47aad162a43950ea90e750,2026,m2:cycle:n8:p1:g2026:a3,8,1,3
[0.0],a93cfcc81528762a88064f0603b5d3fbf4671182fe78875bb84ad41dcc1a5f04,"[[0,1],[0,7],[1,2],[2,3],[3,4],[4,5],[5,6],[6,7]]",[0.0],cycle,65e8d340fdfbac1ec555b5da48956294f018d76b9c7400eec18c930413512ac7,2027,m2:cycle:n8:p1:g2027:a0,8,1,0
[0.7853981633974483],9df874e1d4f59e3c0da2967befbceced6ce3de11fb368d9733e65a0726f3b86b,"[[0,1],[0,7],[1,2],[2,3],[3,4],[4,5],[5,6],[6,7]]",[1.5707963267948966],cycle,65e8d340fdfbac1ec555b5da48956294f018d76b9c7400eec18c930413512ac7,2027,m2:cycle:n8:p1:g2027:a1,8,1,1
[0.39269908169872414],e132215c9aa3f70ffa007c43a4c014a02069d4e96fcb59c2d2c4a61d3bfa3865,"[[0,1],[0,7],[1,2],[2,3],[3,4],[4,5],[5,6],[6,7]]",[2.356194490192345],cycle,65e8d340fdfbac1ec555b5da48956294f018d76b9c7400eec18c930413512ac7,2027,m2:cycle:n8:p1:g2027:a2,8,1,2
[1.1780972450961724],8a0b9ffe62e92cfad7106a6e30a8ba3bb2964a76796c698b79269250ab9235e7,"[[0,1],[0,7],[1,2],[2,3],[3,4],[4,5],[5,6],[6,7]]",[0.7853981633974483],cycle,65e8d340fdfbac1ec555b5da48956294f018d76b9c7400eec18c930413512ac7,2027,m2:cycle:n8:p1:g2027:a3,8,1,3
[0.0],341d6f964a1ba97c87634613031cfa91281b0f85eadc494077acb613ca33003f,"[[0,1],[0,7],[1,2],[2,3],[3,4],[4,5],[5,6],[6,7]]",[0.0],cycle,a4fef002b5e07a482ad996ddbf6fa3abac9bf46e0261d4c2ffee0225c71fb7a8,2028,m2:cycle:n8:p1:g2028:a0,8,1,0
[0.7853981633974483],e7e920347ed999e838081e5af746587a43f5cf28b0b8169a68d8af66ae0c8e5e,"[[0,1],[0,7],[1,2],[2,3],[3,4],[4,5],[5,6],[6,7]]",[1.5707963267948966],cycle,a4fef002b5e07a482ad996ddbf6fa3abac9bf46e0261d4c2ffee0225c71fb7a8,2028,m2:cycle:n8:p1:g2028:a1,8,1,1
[0.39269908169872414],7e76da24f9f0272635cf9a03476e5c973d5d9fb6421fbdca86c00b26dff5dd85,"[[0,1],[0,7],[1,2],[2,3],[3,4],[4,5],[5,6],[6,7]]",[2.356194490192345],cycle,a4fef002b5e07a482ad996ddbf6fa3abac9bf46e0261d4c2ffee0225c71fb7a8,2028,m2:cycle:n8:p1:g2028:a2,8,1,2
[1.1780972450961724],91d58c6375c69b48a3433256b0cc7e590ea992e1b4e4fafc10f401bc725ecdeb,"[[0,1],[0,7],[1,2],[2,3],[3,4],[4,5],[5,6],[6,7]]",[0.7853981633974483],cycle,a4fef002b5e07a482ad996ddbf6fa3abac9bf46e0261d4c2ffee0225c71fb7a8,2028,m2:cycle:n8:p1:g2028:a3,8,1,3
"[0.0,0.0]",8cc57a62662e855e86cc8c84a007bf51a4e0fc354398d23048851318afb2ca5d,"[[0,1],[0,7],[1,2],[2,3],[3,4],[4,5],[5,6],[6,7]]","[0.0,0.0]",cycle,8886dc2478ce090f5333d15f2df54563b842316bce47aad162a43950ea90e750,2026,m2:cycle:n8:p2:g2026:a0,8,2,0
"[0.7853981633974483,0.7853981633974483]",f1361e5382f39679a567f4e2872d8503b4e1ed56f0b0606f08bbaca7e65c3862,"[[0,1],[0,7],[1,2],[2,3],[3,4],[4,5],[5,6],[6,7]]","[1.5707963267948966,1.5707963267948966]",cycle,8886dc2478ce090f5333d15f2df54563b842316bce47aad162a43950ea90e750,2026,m2:cycle:n8:p2:g2026:a1,8,2,1
"[0.39269908169872414,1.1780972450961724]",d7c7069caded36d62b886d9b32075eefc0a8df734bbbedf49914f74ea210274a,"[[0,1],[0,7],[1,2],[2,3],[3,4],[4,5],[5,6],[6,7]]","[2.356194490192345,0.7853981633974483]",cycle,8886dc2478ce090f5333d15f2df54563b842316bce47aad162a43950ea90e750,2026,m2:cycle:n8:p2:g2026:a2,8,2,2
"[1.1780972450961724,0.39269908169872414]",e63c945ceb501d58678f0f5d1feec379905b7ca2f9458fe452982fa6c232306c,"[[0,1],[0,7],[1,2],[2,3],[3,4],[4,5],[5,6],[6,7]]","[0.7853981633974483,2.356194490192345]",cycle,8886dc2478ce090f5333d15f2df54563b842316bce47aad162a43950ea90e750,2026,m2:cycle:n8:p2:g2026:a3,8,2,3
"[0.0,0.0]",82f424448fcbac7a071cb8f426b42c3a13e347b71615cd815485f881fe8b3f79,"[[0,1],[0,7],[1,2],[2,3],[3,4],[4,5],[5,6],[6,7]]","[0.0,0.0]",cycle,65e8d340fdfbac1ec555b5da48956294f018d76b9c7400eec18c930413512ac7,2027,m2:cycle:n8:p2:g2027:a0,8,2,0
"[0.7853981633974483,0.7853981633974483]",805abd21f6e80a82590dd14c9bca8e4f3646f9762e8185c426bb376e270846d9,"[[0,1],[0,7],[1,2],[2,3],[3,4],[4,5],[5,6],[6,7]]","[1.5707963267948966,1.5707963267948966]",cycle,65e8d340fdfbac1ec555b5da48956294f018d76b9c7400eec18c930413512ac7,2027,m2:cycle:n8:p2:g2027:a1,8,2,1
"[0.39269908169872414,1.1780972450961724]",781a0f9a226a7273f11f4250eec4263893191ad61ab858b429c451105ef250b3,"[[0,1],[0,7],[1,2],[2,3],[3,4],[4,5],[5,6],[6,7]]","[2.356194490192345,0.7853981633974483]",cycle,65e8d340fdfbac1ec555b5da48956294f018d76b9c7400eec18c930413512ac7,2027,m2:cycle:n8:p2:g2027:a2,8,2,2
"[1.1780972450961724,0.39269908169872414]",b71bc0854128c663636a4d06e94617fdc2eb67d890ae7c5d8b16d9c1751d23b0,"[[0,1],[0,7],[1,2],[2,3],[3,4],[4,5],[5,6],[6,7]]","[0.7853981633974483,2.356194490192345]",cycle,65e8d340fdfbac1ec555b5da48956294f018d76b9c7400eec18c930413512ac7,2027,m2:cycle:n8:p2:g2027:a3,8,2,3
"[0.0,0.0]",4564b95e38add658cd9d21b80f946a7a1238dd6a7f1bed2d0e99deb403a1ed64,"[[0,1],[0,7],[1,2],[2,3],[3,4],[4,5],[5,6],[6,7]]","[0.0,0.0]",cycle,a4fef002b5e07a482ad996ddbf6fa3abac9bf46e0261d4c2ffee0225c71fb7a8,2028,m2:cycle:n8:p2:g2028:a0,8,2,0
"[0.7853981633974483,0.7853981633974483]",69a6bac178a5ac38ea49dbd8e478b2598ff120ab631b291e487392ed18a7f8b5,"[[0,1],[0,7],[1,2],[2,3],[3,4],[4,5],[5,6],[6,7]]","[1.5707963267948966,1.5707963267948966]",cycle,a4fef002b5e07a482ad996ddbf6fa3abac9bf46e0261d4c2ffee0225c71fb7a8,2028,m2:cycle:n8:p2:g2028:a1,8,2,1
"[0.39269908169872414,1.1780972450961724]",fd86ad76f4564c2893443d94c164bcb749c5ba73e29036a27202c94adeb2049b,"[[0,1],[0,7],[1,2],[2,3],[3,4],[4,5],[5,6],[6,7]]","[2.356194490192345,0.7853981633974483]",cycle,a4fef002b5e07a482ad996ddbf6fa3abac9bf46e0261d4c2ffee0225c71fb7a8,2028,m2:cycle:n8:p2:g2028:a2,8,2,2
"[1.1780972450961724,0.39269908169872414]",f39b2df41adc4510af92cbb11be7222d791dff04bdc2ce0e6c9223647f7390b3,"[[0,1],[0,7],[1,2],[2,3],[3,4],[4,5],[5,6],[6,7]]","[0.7853981633974483,2.356194490192345]",cycle,a4fef002b5e07a482ad996ddbf6fa3abac9bf46e0261d4c2ffee0225c71fb7a8,2028,m2:cycle:n8:p2:g2028:a3,8,2,3
"[0.0,0.0,0.0]",19dd7b05a50b117e8f554ec7a9bc7ff9e61caab3011521d9114ae5ac108d9201,"[[0,1],[0,7],[1,2],[2,3],[3,4],[4,5],[5,6],[6,7]]","[0.0,0.0,0.0]",cycle,8886dc2478ce090f5333d15f2df54563b842316bce47aad162a43950ea90e750,2026,m2:cycle:n8:p3:g2026:a0,8,3,0
"[0.7853981633974483,0.7853981633974483,0.7853981633974483]",8d26bee0793a790738fe24cae5eb47ee307ba38fd887abf05e623dd0c57e2b92,"[[0,1],[0,7],[1,2],[2,3],[3,4],[4,5],[5,6],[6,7]]","[1.5707963267948966,1.5707963267948966,1.5707963267948966]",cycle,8886dc2478ce090f5333d15f2df54563b842316bce47aad162a43950ea90e750,2026,m2:cycle:n8:p3:g2026:a1,8,3,1
"[0.39269908169872414,1.1780972450961724,1.1780972450961724]",d4ab5d9088bfa814353cecb67e77afdc0adec2dc4bba16057ab56dc6856ee1fc,"[[0,1],[0,7],[1,2],[2,3],[3,4],[4,5],[5,6],[6,7]]","[2.356194490192345,0.7853981633974483,0.7853981633974483]",cycle,8886dc2478ce090f5333d15f2df54563b842316bce47aad162a43950ea90e750,2026,m2:cycle:n8:p3:g2026:a2,8,3,2
"[1.1780972450961724,0.39269908169872414,0.39269908169872414]",e08c0813fe7923dfc84672824558da013cf11fe5bf99b3e68b39d03a7adecdd0,"[[0,1],[0,7],[1,2],[2,3],[3,4],[4,5],[5,6],[6,7]]","[0.7853981633974483,2.356194490192345,2.356194490192345]",cycle,8886dc2478ce090f5333d15f2df54563b842316bce47aad162a43950ea90e750,2026,m2:cycle:n8:p3:g2026:a3,8,3,3
"[0.0,0.0,0.0]",8924a31893b224c7dbf3c1247dc0ebfd7dc651e22b3522ad1f573946991e9977,"[[0,1],[0,7],[1,2],[2,3],[3,4],[4,5],[5,6],[6,7]]","[0.0,0.0,0.0]",cycle,65e8d340fdfbac1ec555b5da48956294f018d76b9c7400eec18c930413512ac7,2027,m2:cycle:n8:p3:g2027:a0,8,3,0
"[0.7853981633974483,0.7853981633974483,0.7853981633974483]",6c977049597d074183686c7d896426cd4e433800aa7d9acdfe35174b4baf5486,"[[0,1],[0,7],[1,2],[2,3],[3,4],[4,5],[5,6],[6,7]]","[1.5707963267948966,1.5707963267948966,1.5707963267948966]",cycle,65e8d340fdfbac1ec555b5da48956294f018d76b9c7400eec18c930413512ac7,2027,m2:cycle:n8:p3:g2027:a1,8,3,1
"[0.39269908169872414,1.1780972450961724,1.1780972450961724]",9697d60a88b7e35aba8e4be0a4df27218b2660e42ec3d891aead00831738fc51,"[[0,1],[0,7],[1,2],[2,3],[3,4],[4,5],[5,6],[6,7]]","[2.356194490192345,0.7853981633974483,0.7853981633974483]",cycle,65e8d340fdfbac1ec555b5da48956294f018d76b9c7400eec18c930413512ac7,2027,m2:cycle:n8:p3:g2027:a2,8,3,2
"[1.1780972450961724,0.39269908169872414,0.39269908169872414]",074b4bee6e1d4813be7c3f448856dd82af37484a8903dcc8cbba9e719c4df7c7,"[[0,1],[0,7],[1,2],[2,3],[3,4],[4,5],[5,6],[6,7]]","[0.7853981633974483,2.356194490192345,2.356194490192345]",cycle,65e8d340fdfbac1ec555b5da48956294f018d76b9c7400eec18c930413512ac7,2027,m2:cycle:n8:p3:g2027:a3,8,3,3
"[0.0,0.0,0.0]",23f0b5a6554fd1dca9c7627d8852c924cda1057ad217106b34a9b48086472c95,"[[0,1],[0,7],[1,2],[2,3],[3,4],[4,5],[5,6],[6,7]]","[0.0,0.0,0.0]",cycle,a4fef002b5e07a482ad996ddbf6fa3abac9bf46e0261d4c2ffee0225c71fb7a8,2028,m2:cycle:n8:p3:g2028:a0,8,3,0
"[0.7853981633974483,0.7853981633974483,0.7853981633974483]",bdc091a5a306b2f708b6c4458e1aa1ad32e452093acd318adfb2584e259c4234,"[[0,1],[0,7],[1,2],[2,3],[3,4],[4,5],[5,6],[6,7]]","[1.5707963267948966,1.5707963267948966,1.5707963267948966]",cycle,a4fef002b5e07a482ad996ddbf6fa3abac9bf46e0261d4c2ffee0225c71fb7a8,2028,m2:cycle:n8:p3:g2028:a1,8,3,1
"[0.39269908169872414,1.1780972450961724,1.1780972450961724]",b5a6d07e4f201bccfc6c34d74610940b0de9ace451ae810f289589a804e7e9a7,"[[0,1],[0,7],[1,2],[2,3],[3,4],[4,5],[5,6],[6,7]]","[2.356194490192345,0.7853981633974483,0.7853981633974483]",cycle,a4fef002b5e07a482ad996ddbf6fa3abac9bf46e0261d4c2ffee0225c71fb7a8,2028,m2:cycle:n8:p3:g2028:a2,8,3,2
"[1.1780972450961724,0.39269908169872414,0.39269908169872414]",11955179fa9ba1129cb234a07e02e95868c6e5f4f2d6d90aa05ee055d56bef71,"[[0,1],[0,7],[1,2],[2,3],[3,4],[4,5],[5,6],[6,7]]","[0.7853981633974483,2.356194490192345,2.356194490192345]",cycle,a4fef002b5e07a482ad996ddbf6fa3abac9bf46e0261d4c2ffee0225c71fb7a8,2028,m2:cycle:n8:p3:g2028:a3,8,3,3
[0.0],8d61eea5df7f0f0e992acc6e4f139afd66d9d9d1a607498953f6868bcbe13fb1,"[[0,1],[0,9],[1,2],[2,3],[3,4],[4,5],[5,6],[6,7],[7,8],[8,9]]",[0.0],cycle,dd57953c9104fbbe9acef03819b512e4950473dc62e5d56d45ac0b24a25ac9f0,2026,m2:cycle:n10:p1:g2026:a0,10,1,0
[0.7853981633974483],a844817ea50ac1d4f580ad256b5533c6818e235e35a9c99ff86fdafbeb176062,"[[0,1],[0,9],[1,2],[2,3],[3,4],[4,5],[5,6],[6,7],[7,8],[8,9]]",[1.5707963267948966],cycle,dd57953c9104fbbe9acef03819b512e4950473dc62e5d56d45ac0b24a25ac9f0,2026,m2:cycle:n10:p1:g2026:a1,10,1,1
[0.39269908169872414],961699bacdd1aa07b21cf831a5ec8a3f5644919275c34d69869e49a2c625f8d5,"[[0,1],[0,9],[1,2],[2,3],[3,4],[4,5],[5,6],[6,7],[7,8],[8,9]]",[2.356194490192345],cycle,dd57953c9104fbbe9acef03819b512e4950473dc62e5d56d45ac0b24a25ac9f0,2026,m2:cycle:n10:p1:g2026:a2,10,1,2
[1.1780972450961724],13331538567f8b67d21227f9991d1e13ac16850695dcdd237e77d50db288ae09,"[[0,1],[0,9],[1,2],[2,3],[3,4],[4,5],[5,6],[6,7],[7,8],[8,9]]",[0.7853981633974483],cycle,dd57953c9104fbbe9acef03819b512e4950473dc62e5d56d45ac0b24a25ac9f0,2026,m2:cycle:n10:p1:g2026:a3,10,1,3
[0.0],c7ae7e98f2236e5746ed1fe126b5e0813247cac69de4644812c7102ec3597941,"[[0,1],[0,9],[1,2],[2,3],[3,4],[4,5],[5,6],[6,7],[7,8],[8,9]]",[0.0],cycle,8761d8ffe052343993673598696af86be06c6aa9fde2bb0d0c6006cc6b591b4a,2027,m2:cycle:n10:p1:g2027:a0,10,1,0
[0.7853981633974483],dd96f686bf27ea0fa406b91ee16c485f53ec9ebb679ed43a8bbcda714562d659,"[[0,1],[0,9],[1,2],[2,3],[3,4],[4,5],[5,6],[6,7],[7,8],[8,9]]",[1.5707963267948966],cycle,8761d8ffe052343993673598696af86be06c6aa9fde2bb0d0c6006cc6b591b4a,2027,m2:cycle:n10:p1:g2027:a1,10,1,1
[0.39269908169872414],cf217fc2a30126b87504ec0b1269bc03f266e4bc127f6bc592128fa8b55e5f68,"[[0,1],[0,9],[1,2],[2,3],[3,4],[4,5],[5,6],[6,7],[7,8],[8,9]]",[2.356194490192345],cycle,8761d8ffe052343993673598696af86be06c6aa9fde2bb0d0c6006cc6b591b4a,2027,m2:cycle:n10:p1:g2027:a2,10,1,2
[1.1780972450961724],6aa8c3b21ab45f81eb780607441299c2f7adddfcff4822fed54826c47585d93c,"[[0,1],[0,9],[1,2],[2,3],[3,4],[4,5],[5,6],[6,7],[7,8],[8,9]]",[0.7853981633974483],cycle,8761d8ffe052343993673598696af86be06c6aa9fde2bb0d0c6006cc6b591b4a,2027,m2:cycle:n10:p1:g2027:a3,10,1,3
[0.0],ab2ca144868c4d37ab639cdccccebaf575417f72c11af80407acc8c939bd4d38,"[[0,1],[0,9],[1,2],[2,3],[3,4],[4,5],[5,6],[6,7],[7,8],[8,9]]",[0.0],cycle,1a7885e570614ecd7dbd3ac0c09188acf49a466cf312e98530477c09f323f0d1,2028,m2:cycle:n10:p1:g2028:a0,10,1,0
[0.7853981633974483],67112694a05ae496cfdbcf3a1da19b4cb2fef507df60c61b34615aa46ecdd6e3,"[[0,1],[0,9],[1,2],[2,3],[3,4],[4,5],[5,6],[6,7],[7,8],[8,9]]",[1.5707963267948966],cycle,1a7885e570614ecd7dbd3ac0c09188acf49a466cf312e98530477c09f323f0d1,2028,m2:cycle:n10:p1:g2028:a1,10,1,1
[0.39269908169872414],44f3d48caa37f82c7f02875ee4391d24965f8d83e72dd54739ee0b1c6766396d,"[[0,1],[0,9],[1,2],[2,3],[3,4],[4,5],[5,6],[6,7],[7,8],[8,9]]",[2.356194490192345],cycle,1a7885e570614ecd7dbd3ac0c09188acf49a466cf312e98530477c09f323f0d1,2028,m2:cycle:n10:p1:g2028:a2,10,1,2
[1.1780972450961724],f57e0d5398c9133085ebd3ae2bcd1dea9edbbc5a019d5947a49eb8c10b0caee3,"[[0,1],[0,9],[1,2],[2,3],[3,4],[4,5],[5,6],[6,7],[7,8],[8,9]]",[0.7853981633974483],cycle,1a7885e570614ecd7dbd3ac0c09188acf49a466cf312e98530477c09f323f0d1,2028,m2:cycle:n10:p1:g2028:a3,10,1,3
"[0.0,0.0]",973d59b8375d4d8882425a84850346588a40f7c7dfe6c04ce57b342eced0e78e,"[[0,1],[0,9],[1,2],[2,3],[3,4],[4,5],[5,6],[6,7],[7,8],[8,9]]","[0.0,0.0]",cycle,dd57953c9104fbbe9acef03819b512e4950473dc62e5d56d45ac0b24a25ac9f0,2026,m2:cycle:n10:p2:g2026:a0,10,2,0
"[0.7853981633974483,0.7853981633974483]",994f5445a772671b50fbfe7bd4c4f4c8a03e9a1bb541fb20d4572255d1073152,"[[0,1],[0,9],[1,2],[2,3],[3,4],[4,5],[5,6],[6,7],[7,8],[8,9]]","[1.5707963267948966,1.5707963267948966]",cycle,dd57953c9104fbbe9acef03819b512e4950473dc62e5d56d45ac0b24a25ac9f0,2026,m2:cycle:n10:p2:g2026:a1,10,2,1
"[0.39269908169872414,1.1780972450961724]",a72fa722b903e2d692a561458f43516dca16862822ce58aa8580cca63c114d7b,"[[0,1],[0,9],[1,2],[2,3],[3,4],[4,5],[5,6],[6,7],[7,8],[8,9]]","[2.356194490192345,0.7853981633974483]",cycle,dd57953c9104fbbe9acef03819b512e4950473dc62e5d56d45ac0b24a25ac9f0,2026,m2:cycle:n10:p2:g2026:a2,10,2,2
"[1.1780972450961724,0.39269908169872414]",0e2af60f0a70f32481d1947b3c486863854525eb9ce869fc83296708fe6bd665,"[[0,1],[0,9],[1,2],[2,3],[3,4],[4,5],[5,6],[6,7],[7,8],[8,9]]","[0.7853981633974483,2.356194490192345]",cycle,dd57953c9104fbbe9acef03819b512e4950473dc62e5d56d45ac0b24a25ac9f0,2026,m2:cycle:n10:p2:g2026:a3,10,2,3
"[0.0,0.0]",82626f141d06ebd22b1d7abf04a196db66c69764eb88e37a11382ff187524ae2,"[[0,1],[0,9],[1,2],[2,3],[3,4],[4,5],[5,6],[6,7],[7,8],[8,9]]","[0.0,0.0]",cycle,8761d8ffe052343993673598696af86be06c6aa9fde2bb0d0c6006cc6b591b4a,2027,m2:cycle:n10:p2:g2027:a0,10,2,0
"[0.7853981633974483,0.7853981633974483]",89341b2f956d2b5e819c758e79682638826cff8da01c22dc7b8d0c2f2c78601d,"[[0,1],[0,9],[1,2],[2,3],[3,4],[4,5],[5,6],[6,7],[7,8],[8,9]]","[1.5707963267948966,1.5707963267948966]",cycle,8761d8ffe052343993673598696af86be06c6aa9fde2bb0d0c6006cc6b591b4a,2027,m2:cycle:n10:p2:g2027:a1,10,2,1
"[0.39269908169872414,1.1780972450961724]",8de57bda1a5bd50164aa52cfd4fdddc3df6437f24d13ab8d42382c33eb859675,"[[0,1],[0,9],[1,2],[2,3],[3,4],[4,5],[5,6],[6,7],[7,8],[8,9]]","[2.356194490192345,0.7853981633974483]",cycle,8761d8ffe052343993673598696af86be06c6aa9fde2bb0d0c6006cc6b591b4a,2027,m2:cycle:n10:p2:g2027:a2,10,2,2
"[1.1780972450961724,0.39269908169872414]",85fbf605eec04bef13c61ae6476e11899270503bd241738050a841a6b064cceb,"[[0,1],[0,9],[1,2],[2,3],[3,4],[4,5],[5,6],[6,7],[7,8],[8,9]]","[0.7853981633974483,2.356194490192345]",cycle,8761d8ffe052343993673598696af86be06c6aa9fde2bb0d0c6006cc6b591b4a,2027,m2:cycle:n10:p2:g2027:a3,10,2,3
"[0.0,0.0]",07b596cf96d4c4ae6df85fe7f267df51ca63354378ea0402fa73b3637aa3d857,"[[0,1],[0,9],[1,2],[2,3],[3,4],[4,5],[5,6],[6,7],[7,8],[8,9]]","[0.0,0.0]",cycle,1a7885e570614ecd7dbd3ac0c09188acf49a466cf312e98530477c09f323f0d1,2028,m2:cycle:n10:p2:g2028:a0,10,2,0
"[0.7853981633974483,0.7853981633974483]",7e7c2fc03ff831618b10a65eafc79d594bbd518ed3833ba90b6a5a34caa145cc,"[[0,1],[0,9],[1,2],[2,3],[3,4],[4,5],[5,6],[6,7],[7,8],[8,9]]","[1.5707963267948966,1.5707963267948966]",cycle,1a7885e570614ecd7dbd3ac0c09188acf49a466cf312e98530477c09f323f0d1,2028,m2:cycle:n10:p2:g2028:a1,10,2,1
"[0.39269908169872414,1.1780972450961724]",4dbf7c92452c10cc8e89e3639294d623f8212bbd6f723911a27351c4580f690f,"[[0,1],[0,9],[1,2],[2,3],[3,4],[4,5],[5,6],[6,7],[7,8],[8,9]]","[2.356194490192345,0.7853981633974483]",cycle,1a7885e570614ecd7dbd3ac0c09188acf49a466cf312e98530477c09f323f0d1,2028,m2:cycle:n10:p2:g2028:a2,10,2,2
"[1.1780972450961724,0.39269908169872414]",a43669612501da67e6d4aeaa867f92e69c797580a1db8b0ba9a19fb8270cb1ae,"[[0,1],[0,9],[1,2],[2,3],[3,4],[4,5],[5,6],[6,7],[7,8],[8,9]]","[0.7853981633974483,2.356194490192345]",cycle,1a7885e570614ecd7dbd3ac0c09188acf49a466cf312e98530477c09f323f0d1,2028,m2:cycle:n10:p2:g2028:a3,10,2,3
"[0.0,0.0,0.0]",5126c515a6d1d5895571ab916d1f74ebf41eb3b74fcf1d920e9a9e88294fc1da,"[[0,1],[0,9],[1,2],[2,3],[3,4],[4,5],[5,6],[6,7],[7,8],[8,9]]","[0.0,0.0,0.0]",cycle,dd57953c9104fbbe9acef03819b512e4950473dc62e5d56d45ac0b24a25ac9f0,2026,m2:cycle:n10:p3:g2026:a0,10,3,0
"[0.7853981633974483,0.7853981633974483,0.7853981633974483]",f0f4ce7e880155ef081e1f8089357197ad292e544d89636daec86b46d5bb1836,"[[0,1],[0,9],[1,2],[2,3],[3,4],[4,5],[5,6],[6,7],[7,8],[8,9]]","[1.5707963267948966,1.5707963267948966,1.5707963267948966]",cycle,dd57953c9104fbbe9acef03819b512e4950473dc62e5d56d45ac0b24a25ac9f0,2026,m2:cycle:n10:p3:g2026:a1,10,3,1
"[0.39269908169872414,1.1780972450961724,1.1780972450961724]",2fbcad3bf41b67f2cb1510ee92611565b7adf8487be43d81534f904e41ac1998,"[[0,1],[0,9],[1,2],[2,3],[3,4],[4,5],[5,6],[6,7],[7,8],[8,9]]","[2.356194490192345,0.7853981633974483,0.7853981633974483]",cycle,dd57953c9104fbbe9acef03819b512e4950473dc62e5d56d45ac0b24a25ac9f0,2026,m2:cycle:n10:p3:g2026:a2,10,3,2
"[1.1780972450961724,0.39269908169872414,0.39269908169872414]",ecac3294cdbb9f279c66685b146033c90d99883342629365c480b4a5e5dcb8ee,"[[0,1],[0,9],[1,2],[2,3],[3,4],[4,5],[5,6],[6,7],[7,8],[8,9]]","[0.7853981633974483,2.356194490192345,2.356194490192345]",cycle,dd57953c9104fbbe9acef03819b512e4950473dc62e5d56d45ac0b24a25ac9f0,2026,m2:cycle:n10:p3:g2026:a3,10,3,3
"[0.0,0.0,0.0]",3e290640eee19bbaead302f6821f6b0a6260ad2036a95871904f2e6b69efa3f0,"[[0,1],[0,9],[1,2],[2,3],[3,4],[4,5],[5,6],[6,7],[7,8],[8,9]]","[0.0,0.0,0.0]",cycle,8761d8ffe052343993673598696af86be06c6aa9fde2bb0d0c6006cc6b591b4a,2027,m2:cycle:n10:p3:g2027:a0,10,3,0
"[0.7853981633974483,0.7853981633974483,0.7853981633974483]",455e5de6fc8ade847a853a0419afde22c94cc4a37e304d60326fdaa9c0490d7a,"[[0,1],[0,9],[1,2],[2,3],[3,4],[4,5],[5,6],[6,7],[7,8],[8,9]]","[1.5707963267948966,1.5707963267948966,1.5707963267948966]",cycle,8761d8ffe052343993673598696af86be06c6aa9fde2bb0d0c6006cc6b591b4a,2027,m2:cycle:n10:p3:g2027:a1,10,3,1
"[0.39269908169872414,1.1780972450961724,1.1780972450961724]",4f42a7d1a4d1ff3e52e2d6b57cd7f93ba34fb409a229ce9f70c5b694c52726aa,"[[0,1],[0,9],[1,2],[2,3],[3,4],[4,5],[5,6],[6,7],[7,8],[8,9]]","[2.356194490192345,0.7853981633974483,0.7853981633974483]",cycle,8761d8ffe052343993673598696af86be06c6aa9fde2bb0d0c6006cc6b591b4a,2027,m2:cycle:n10:p3:g2027:a2,10,3,2
"[1.1780972450961724,0.39269908169872414,0.39269908169872414]",7762531c56f448f46a8d9463864aef0b07dfd893fa31ee688b7874ce5e6991b5,"[[0,1],[0,9],[1,2],[2,3],[3,4],[4,5],[5,6],[6,7],[7,8],[8,9]]","[0.7853981633974483,2.356194490192345,2.356194490192345]",cycle,8761d8ffe052343993673598696af86be06c6aa9fde2bb0d0c6006cc6b591b4a,2027,m2:cycle:n10:p3:g2027:a3,10,3,3
"[0.0,0.0,0.0]",c284656043e0c59a3f3ca58bab4f75062b5958bde4f38db51d2374c2af6810af,"[[0,1],[0,9],[1,2],[2,3],[3,4],[4,5],[5,6],[6,7],[7,8],[8,9]]","[0.0,0.0,0.0]",cycle,1a7885e570614ecd7dbd3ac0c09188acf49a466cf312e98530477c09f323f0d1,2028,m2:cycle:n10:p3:g2028:a0,10,3,0
"[0.7853981633974483,0.7853981633974483,0.7853981633974483]",bf45841ca9bba5043eed34bd86541958a2703631b7911d95344c30d99922b351,"[[0,1],[0,9],[1,2],[2,3],[3,4],[4,5],[5,6],[6,7],[7,8],[8,9]]","[1.5707963267948966,1.5707963267948966,1.5707963267948966]",cycle,1a7885e570614ecd7dbd3ac0c09188acf49a466cf312e98530477c09f323f0d1,2028,m2:cycle:n10:p3:g2028:a1,10,3,1
"[0.39269908169872414,1.1780972450961724,1.1780972450961724]",2684b65881ca048d4443417bfde565fc7146884170e507b07d991feaf4173946,"[[0,1],[0,9],[1,2],[2,3],[3,4],[4,5],[5,6],[6,7],[7,8],[8,9]]","[2.356194490192345,0.7853981633974483,0.7853981633974483]",cycle,1a7885e570614ecd7dbd3ac0c09188acf49a466cf312e98530477c09f323f0d1,2028,m2:cycle:n10:p3:g2028:a2,10,3,2
"[1.1780972450961724,0.39269908169872414,0.39269908169872414]",e801e0899a87a4be50a962804ca9e099c35fee09535764e112f8b8c1395148a1,"[[0,1],[0,9],[1,2],[2,3],[3,4],[4,5],[5,6],[6,7],[7,8],[8,9]]","[0.7853981633974483,2.356194490192345,2.356194490192345]",cycle,1a7885e570614ecd7dbd3ac0c09188acf49a466cf312e98530477c09f323f0d1,2028,m2:cycle:n10:p3:g2028:a3,10,3,3
[0.0],677ed217e870a96215b25bc99ce48147af341880583f071514a3464cf3144245,"[[0,1],[0,11],[1,2],[2,3],[3,4],[4,5],[5,6],[6,7],[7,8],[8,9],[9,10],[10,11]]",[0.0],cycle,895cac1b7c9ae3447069f402bdd57c22bbb1c342dc5a9c62ca26e7e32e1e232e,2026,m2:cycle:n12:p1:g2026:a0,12,1,0
[0.7853981633974483],feb884ac26f3e6663753efed77b2dee9195938628d89c9a4a4a31a24b49e57be,"[[0,1],[0,11],[1,2],[2,3],[3,4],[4,5],[5,6],[6,7],[7,8],[8,9],[9,10],[10,11]]",[1.5707963267948966],cycle,895cac1b7c9ae3447069f402bdd57c22bbb1c342dc5a9c62ca26e7e32e1e232e,2026,m2:cycle:n12:p1:g2026:a1,12,1,1
[0.39269908169872414],89d0dc008f1bc43b2f93b68b2765be7aac93e3b3f94ee0e617c59f08771dfb0d,"[[0,1],[0,11],[1,2],[2,3],[3,4],[4,5],[5,6],[6,7],[7,8],[8,9],[9,10],[10,11]]",[2.356194490192345],cycle,895cac1b7c9ae3447069f402bdd57c22bbb1c342dc5a9c62ca26e7e32e1e232e,2026,m2:cycle:n12:p1:g2026:a2,12,1,2
[1.1780972450961724],8c7e03e56a6e8b9e443aeea27689952bde1461ffa889f5d0213513ae16868266,"[[0,1],[0,11],[1,2],[2,3],[3,4],[4,5],[5,6],[6,7],[7,8],[8,9],[9,10],[10,11]]",[0.7853981633974483],cycle,895cac1b7c9ae3447069f402bdd57c22bbb1c342dc5a9c62ca26e7e32e1e232e,2026,m2:cycle:n12:p1:g2026:a3,12,1,3
[0.0],1aaa538c3bbb07a8406e82cd624e1708ec5c3c93b40a789e0556db74a2eb134b,"[[0,1],[0,11],[1,2],[2,3],[3,4],[4,5],[5,6],[6,7],[7,8],[8,9],[9,10],[10,11]]",[0.0],cycle,125108a9dbcaec5e90843198446c0fdc7c6560907f51150ab2ffdc8681420175,2027,m2:cycle:n12:p1:g2027:a0,12,1,0
[0.7853981633974483],b3cc9c2787eef165dccab4b9da337d21351da45cb01cd74b138f80332bd33bf8,"[[0,1],[0,11],[1,2],[2,3],[3,4],[4,5],[5,6],[6,7],[7,8],[8,9],[9,10],[10,11]]",[1.5707963267948966],cycle,125108a9dbcaec5e90843198446c0fdc7c6560907f51150ab2ffdc8681420175,2027,m2:cycle:n12:p1:g2027:a1,12,1,1
[0.39269908169872414],954b095cd5d24bf89b5daf5ea422afe65292445fb4af14857f26efb272ad18f3,"[[0,1],[0,11],[1,2],[2,3],[3,4],[4,5],[5,6],[6,7],[7,8],[8,9],[9,10],[10,11]]",[2.356194490192345],cycle,125108a9dbcaec5e90843198446c0fdc7c6560907f51150ab2ffdc8681420175,2027,m2:cycle:n12:p1:g2027:a2,12,1,2
[1.1780972450961724],e65d7cb6dc21596e71be54b5c08a41df1f4e5d8f251569dc510e79e3b3e6b8b4,"[[0,1],[0,11],[1,2],[2,3],[3,4],[4,5],[5,6],[6,7],[7,8],[8,9],[9,10],[10,11]]",[0.7853981633974483],cycle,125108a9dbcaec5e90843198446c0fdc7c6560907f51150ab2ffdc8681420175,2027,m2:cycle:n12:p1:g2027:a3,12,1,3
[0.0],d94a80a249eb5f69ee021749b0baefc2c5a541c4825530c81c0f7552f0c66e39,"[[0,1],[0,11],[1,2],[2,3],[3,4],[4,5],[5,6],[6,7],[7,8],[8,9],[9,10],[10,11]]",[0.0],cycle,02a9d63c29821f10640e54d16f0dc2f08ca70ffa1f4867f8d823daffbaba0bfa,2028,m2:cycle:n12:p1:g2028:a0,12,1,0
[0.7853981633974483],0142d5d5f355f875d1801763b805bec844858737e8d4dae6a800b82a71d3a70e,"[[0,1],[0,11],[1,2],[2,3],[3,4],[4,5],[5,6],[6,7],[7,8],[8,9],[9,10],[10,11]]",[1.5707963267948966],cycle,02a9d63c29821f10640e54d16f0dc2f08ca70ffa1f4867f8d823daffbaba0bfa,2028,m2:cycle:n12:p1:g2028:a1,12,1,1
[0.39269908169872414],37d7c2613976a19456d7a11362ab453141dfc343dfa9940352f3f9a1541a2530,"[[0,1],[0,11],[1,2],[2,3],[3,4],[4,5],[5,6],[6,7],[7,8],[8,9],[9,10],[10,11]]",[2.356194490192345],cycle,02a9d63c29821f10640e54d16f0dc2f08ca70ffa1f4867f8d823daffbaba0bfa,2028,m2:cycle:n12:p1:g2028:a2,12,1,2
[1.1780972450961724],513650290c7b2d1eca44e804b775095ffcf4a90826289d37ee3c3db2cb5b5f32,"[[0,1],[0,11],[1,2],[2,3],[3,4],[4,5],[5,6],[6,7],[7,8],[8,9],[9,10],[10,11]]",[0.7853981633974483],cycle,02a9d63c29821f10640e54d16f0dc2f08ca70ffa1f4867f8d823daffbaba0bfa,2028,m2:cycle:n12:p1:g2028:a3,12,1,3
"[0.0,0.0]",850810eab77d2c2965ac05c77b553a73ca0199c0375a15fb89500002ed358d17,"[[0,1],[0,11],[1,2],[2,3],[3,4],[4,5],[5,6],[6,7],[7,8],[8,9],[9,10],[10,11]]","[0.0,0.0]",cycle,895cac1b7c9ae3447069f402bdd57c22bbb1c342dc5a9c62ca26e7e32e1e232e,2026,m2:cycle:n12:p2:g2026:a0,12,2,0
"[0.7853981633974483,0.7853981633974483]",6e9d8249a26c5914b911d8952ab8042860660da47b78a2832865c9d1191c47a5,"[[0,1],[0,11],[1,2],[2,3],[3,4],[4,5],[5,6],[6,7],[7,8],[8,9],[9,10],[10,11]]","[1.5707963267948966,1.5707963267948966]",cycle,895cac1b7c9ae3447069f402bdd57c22bbb1c342dc5a9c62ca26e7e32e1e232e,2026,m2:cycle:n12:p2:g2026:a1,12,2,1
"[0.39269908169872414,1.1780972450961724]",63e4e2c3a8b3fbfa18262f163e2a1250f6545dd5f90ac417aaf4477735646e73,"[[0,1],[0,11],[1,2],[2,3],[3,4],[4,5],[5,6],[6,7],[7,8],[8,9],[9,10],[10,11]]","[2.356194490192345,0.7853981633974483]",cycle,895cac1b7c9ae3447069f402bdd57c22bbb1c342dc5a9c62ca26e7e32e1e232e,2026,m2:cycle:n12:p2:g2026:a2,12,2,2
"[1.1780972450961724,0.39269908169872414]",efc06293d22825c7a17975dddc106a98be97b4952d417aef81699b5d605b32e8,"[[0,1],[0,11],[1,2],[2,3],[3,4],[4,5],[5,6],[6,7],[7,8],[8,9],[9,10],[10,11]]","[0.7853981633974483,2.356194490192345]",cycle,895cac1b7c9ae3447069f402bdd57c22bbb1c342dc5a9c62ca26e7e32e1e232e,2026,m2:cycle:n12:p2:g2026:a3,12,2,3
"[0.0,0.0]",cf802a51516f2d98c95ca46eec4b3af49bba4da6708e7565941237efe392d100,"[[0,1],[0,11],[1,2],[2,3],[3,4],[4,5],[5,6],[6,7],[7,8],[8,9],[9,10],[10,11]]","[0.0,0.0]",cycle,125108a9dbcaec5e90843198446c0fdc7c6560907f51150ab2ffdc8681420175,2027,m2:cycle:n12:p2:g2027:a0,12,2,0
"[0.7853981633974483,0.7853981633974483]",d6230ea19d7037585d1cfd5a555ecea4a0a942492246bbf8b2eceed957b04e6b,"[[0,1],[0,11],[1,2],[2,3],[3,4],[4,5],[5,6],[6,7],[7,8],[8,9],[9,10],[10,11]]","[1.5707963267948966,1.5707963267948966]",cycle,125108a9dbcaec5e90843198446c0fdc7c6560907f51150ab2ffdc8681420175,2027,m2:cycle:n12:p2:g2027:a1,12,2,1
"[0.39269908169872414,1.1780972450961724]",2444ff4c6f91f37a4b417addbaa33ac3af20a280e04b06df3ff785072ae39f3c,"[[0,1],[0,11],[1,2],[2,3],[3,4],[4,5],[5,6],[6,7],[7,8],[8,9],[9,10],[10,11]]","[2.356194490192345,0.7853981633974483]",cycle,125108a9dbcaec5e90843198446c0fdc7c6560907f51150ab2ffdc8681420175,2027,m2:cycle:n12:p2:g2027:a2,12,2,2
"[1.1780972450961724,0.39269908169872414]",812536f7414fcac84bbec2c38d3722312affb3574c3d02f0f14c0876e397e3d3,"[[0,1],[0,11],[1,2],[2,3],[3,4],[4,5],[5,6],[6,7],[7,8],[8,9],[9,10],[10,11]]","[0.7853981633974483,2.356194490192345]",cycle,125108a9dbcaec5e90843198446c0fdc7c6560907f51150ab2ffdc8681420175,2027,m2:cycle:n12:p2:g2027:a3,12,2,3
"[0.0,0.0]",0192070b8c68b14e7189308781f48fe36f937b629ded2c754a21dc724bab7f7c,"[[0,1],[0,11],[1,2],[2,3],[3,4],[4,5],[5,6],[6,7],[7,8],[8,9],[9,10],[10,11]]","[0.0,0.0]",cycle,02a9d63c29821f10640e54d16f0dc2f08ca70ffa1f4867f8d823daffbaba0bfa,2028,m2:cycle:n12:p2:g2028:a0,12,2,0
"[0.7853981633974483,0.7853981633974483]",73ca266ca6885f9a067bd7ef53c80bb9758ba7076fc8907c3e4d48400872161a,"[[0,1],[0,11],[1,2],[2,3],[3,4],[4,5],[5,6],[6,7],[7,8],[8,9],[9,10],[10,11]]","[1.5707963267948966,1.5707963267948966]",cycle,02a9d63c29821f10640e54d16f0dc2f08ca70ffa1f4867f8d823daffbaba0bfa,2028,m2:cycle:n12:p2:g2028:a1,12,2,1
"[0.39269908169872414,1.1780972450961724]",353f9f08f59ac79f0ea08c6fc41ad23da2bf1e552a8fa98e69d5f17784aff42c,"[[0,1],[0,11],[1,2],[2,3],[3,4],[4,5],[5,6],[6,7],[7,8],[8,9],[9,10],[10,11]]","[2.356194490192345,0.7853981633974483]",cycle,02a9d63c29821f10640e54d16f0dc2f08ca70ffa1f4867f8d823daffbaba0bfa,2028,m2:cycle:n12:p2:g2028:a2,12,2,2
"[1.1780972450961724,0.39269908169872414]",27e80e8652d02b0273c781e59ed0542f73cb2d6929487deba5fc91c515a43a17,"[[0,1],[0,11],[1,2],[2,3],[3,4],[4,5],[5,6],[6,7],[7,8],[8,9],[9,10],[10,11]]","[0.7853981633974483,2.356194490192345]",cycle,02a9d63c29821f10640e54d16f0dc2f08ca70ffa1f4867f8d823daffbaba0bfa,2028,m2:cycle:n12:p2:g2028:a3,12,2,3
"[0.0,0.0,0.0]",0229f4a079860fba60a092f66a3649282854c6983a69cce1e5d1598d81a2331f,"[[0,1],[0,11],[1,2],[2,3],[3,4],[4,5],[5,6],[6,7],[7,8],[8,9],[9,10],[10,11]]","[0.0,0.0,0.0]",cycle,895cac1b7c9ae3447069f402bdd57c22bbb1c342dc5a9c62ca26e7e32e1e232e,2026,m2:cycle:n12:p3:g2026:a0,12,3,0
"[0.7853981633974483,0.7853981633974483,0.7853981633974483]",e03b75090cd2f1fc5cba559d22d0614b41e4b4e72e8d89064d1c7daaeb70af5a,"[[0,1],[0,11],[1,2],[2,3],[3,4],[4,5],[5,6],[6,7],[7,8],[8,9],[9,10],[10,11]]","[1.5707963267948966,1.5707963267948966,1.5707963267948966]",cycle,895cac1b7c9ae3447069f402bdd57c22bbb1c342dc5a9c62ca26e7e32e1e232e,2026,m2:cycle:n12:p3:g2026:a1,12,3,1
"[0.39269908169872414,1.1780972450961724,1.1780972450961724]",bb5994a19c081eca08237cf7bc31a33c189da8b32b212ff2c50810694d0488cc,"[[0,1],[0,11],[1,2],[2,3],[3,4],[4,5],[5,6],[6,7],[7,8],[8,9],[9,10],[10,11]]","[2.356194490192345,0.7853981633974483,0.7853981633974483]",cycle,895cac1b7c9ae3447069f402bdd57c22bbb1c342dc5a9c62ca26e7e32e1e232e,2026,m2:cycle:n12:p3:g2026:a2,12,3,2
"[1.1780972450961724,0.39269908169872414,0.39269908169872414]",ee238a9ebce8b530768291bf78dbd0f11520ab838867810659cf74f0ee3eb0e8,"[[0,1],[0,11],[1,2],[2,3],[3,4],[4,5],[5,6],[6,7],[7,8],[8,9],[9,10],[10,11]]","[0.7853981633974483,2.356194490192345,2.356194490192345]",cycle,895cac1b7c9ae3447069f402bdd57c22bbb1c342dc5a9c62ca26e7e32e1e232e,2026,m2:cycle:n12:p3:g2026:a3,12,3,3
"[0.0,0.0,0.0]",3291f7cf4f5bce32edcce61e8bf2cffc248b9faf9f44136da5a9fc74aa532e30,"[[0,1],[0,11],[1,2],[2,3],[3,4],[4,5],[5,6],[6,7],[7,8],[8,9],[9,10],[10,11]]","[0.0,0.0,0.0]",cycle,125108a9dbcaec5e90843198446c0fdc7c6560907f51150ab2ffdc8681420175,2027,m2:cycle:n12:p3:g2027:a0,12,3,0
"[0.7853981633974483,0.7853981633974483,0.7853981633974483]",a5bfb0c8f30323f1208b503c04d30983c210f13d497ede3ac4b0d5a28a12d406,"[[0,1],[0,11],[1,2],[2,3],[3,4],[4,5],[5,6],[6,7],[7,8],[8,9],[9,10],[10,11]]","[1.5707963267948966,1.5707963267948966,1.5707963267948966]",cycle,125108a9dbcaec5e90843198446c0fdc7c6560907f51150ab2ffdc8681420175,2027,m2:cycle:n12:p3:g2027:a1,12,3,1
"[0.39269908169872414,1.1780972450961724,1.1780972450961724]",a78cacfb5cd7b75d74d844d8d888e17093366741a8ded59ba474cfc2369dec10,"[[0,1],[0,11],[1,2],[2,3],[3,4],[4,5],[5,6],[6,7],[7,8],[8,9],[9,10],[10,11]]","[2.356194490192345,0.7853981633974483,0.7853981633974483]",cycle,125108a9dbcaec5e90843198446c0fdc7c6560907f51150ab2ffdc8681420175,2027,m2:cycle:n12:p3:g2027:a2,12,3,2
"[1.1780972450961724,0.39269908169872414,0.39269908169872414]",e9fa92d387eb89d8c3c3020f645648fb5871b5fde6c5cc91020fa2138c1d9834,"[[0,1],[0,11],[1,2],[2,3],[3,4],[4,5],[5,6],[6,7],[7,8],[8,9],[9,10],[10,11]]","[0.7853981633974483,2.356194490192345,2.356194490192345]",cycle,125108a9dbcaec5e90843198446c0fdc7c6560907f51150ab2ffdc8681420175,2027,m2:cycle:n12:p3:g2027:a3,12,3,3
"[0.0,0.0,0.0]",64013f126ce715ba086d3e298defbd0f01873da89de4b3290df16a0fac8d03cf,"[[0,1],[0,11],[1,2],[2,3],[3,4],[4,5],[5,6],[6,7],[7,8],[8,9],[9,10],[10,11]]","[0.0,0.0,0.0]",cycle,02a9d63c29821f10640e54d16f0dc2f08ca70ffa1f4867f8d823daffbaba0bfa,2028,m2:cycle:n12:p3:g2028:a0,12,3,0
"[0.7853981633974483,0.7853981633974483,0.7853981633974483]",285a399eccef8028bfad5339d979c4566edb07aa6d5961cd413096dd8e14b4b9,"[[0,1],[0,11],[1,2],[2,3],[3,4],[4,5],[5,6],[6,7],[7,8],[8,9],[9,10],[10,11]]","[1.5707963267948966,1.5707963267948966,1.5707963267948966]",cycle,02a9d63c29821f10640e54d16f0dc2f08ca70ffa1f4867f8d823daffbaba0bfa,2028,m2:cycle:n12:p3:g2028:a1,12,3,1
"[0.39269908169872414,1.1780972450961724,1.1780972450961724]",57ddcaae9d3a2c6dcbb96f92ce94b06187fd8e197f39ac1dc7aaf9c27b741042,"[[0,1],[0,11],[1,2],[2,3],[3,4],[4,5],[5,6],[6,7],[7,8],[8,9],[9,10],[10,11]]","[2.356194490192345,0.7853981633974483,0.7853981633974483]",cycle,02a9d63c29821f10640e54d16f0dc2f08ca70ffa1f4867f8d823daffbaba0bfa,2028,m2:cycle:n12:p3:g2028:a2,12,3,2
"[1.1780972450961724,0.39269908169872414,0.39269908169872414]",4f9a258195bdb051b489dd3ea721d2df2c62e6ef6efd823919d0a0d7041a23f3,"[[0,1],[0,11],[1,2],[2,3],[3,4],[4,5],[5,6],[6,7],[7,8],[8,9],[9,10],[10,11]]","[0.7853981633974483,2.356194490192345,2.356194490192345]",cycle,02a9d63c29821f10640e54d16f0dc2f08ca70ffa1f4867f8d823daffbaba0bfa,2028,m2:cycle:n12:p3:g2028:a3,12,3,3
[0.0],1b0b01554533b3db5edf30e13585d0d90d65cf6dad4ea1c94f9d1c054921a1ff,"[[0,1],[0,13],[1,2],[2,3],[3,4],[4,5],[5,6],[6,7],[7,8],[8,9],[9,10],[10,11],[11,12],[12,13]]",[0.0],cycle,afcbe40c31785a0c06a1874ba29b31d2b3574445d2a6905ff3f77db73a63cb9b,2026,m2:cycle:n14:p1:g2026:a0,14,1,0
[0.7853981633974483],7ff86f04e164451c465924603bb1ff45973f69c542749fd74934bd24735731d0,"[[0,1],[0,13],[1,2],[2,3],[3,4],[4,5],[5,6],[6,7],[7,8],[8,9],[9,10],[10,11],[11,12],[12,13]]",[1.5707963267948966],cycle,afcbe40c31785a0c06a1874ba29b31d2b3574445d2a6905ff3f77db73a63cb9b,2026,m2:cycle:n14:p1:g2026:a1,14,1,1
[0.39269908169872414],24cac8d61c669351062c3615ea8bb96dce9cc54df1e03a55ded1c49d7d1a0ff5,"[[0,1],[0,13],[1,2],[2,3],[3,4],[4,5],[5,6],[6,7],[7,8],[8,9],[9,10],[10,11],[11,12],[12,13]]",[2.356194490192345],cycle,afcbe40c31785a0c06a1874ba29b31d2b3574445d2a6905ff3f77db73a63cb9b,2026,m2:cycle:n14:p1:g2026:a2,14,1,2
[1.1780972450961724],49c7ed82cda78a244c2d1c0840f99f010e1db11360167bc302c21dae1a8f966e,"[[0,1],[0,13],[1,2],[2,3],[3,4],[4,5],[5,6],[6,7],[7,8],[8,9],[9,10],[10,11],[11,12],[12,13]]",[0.7853981633974483],cycle,afcbe40c31785a0c06a1874ba29b31d2b3574445d2a6905ff3f77db73a63cb9b,2026,m2:cycle:n14:p1:g2026:a3,14,1,3
[0.0],d1b30ddc8bad5abb59f98ac3695ae29ed8c86c799f5203d9100d6868f2b95e02,"[[0,1],[0,13],[1,2],[2,3],[3,4],[4,5],[5,6],[6,7],[7,8],[8,9],[9,10],[10,11],[11,12],[12,13]]",[0.0],cycle,04506ddf83f6836aaaaf3cd26eb3a6fd71746b33e33e5638aa481abe2250a650,2027,m2:cycle:n14:p1:g2027:a0,14,1,0
[0.7853981633974483],807482dbcde0e8286f6d4294e042c037bff03b583d35de07b471f91fd5e4d1f2,"[[0,1],[0,13],[1,2],[2,3],[3,4],[4,5],[5,6],[6,7],[7,8],[8,9],[9,10],[10,11],[11,12],[12,13]]",[1.5707963267948966],cycle,04506ddf83f6836aaaaf3cd26eb3a6fd71746b33e33e5638aa481abe2250a650,2027,m2:cycle:n14:p1:g2027:a1,14,1,1
[0.39269908169872414],8a055f6574d88c9a0cc0a5a2e22eaebcb2a1340c3c912919270b4842b82b1f40,"[[0,1],[0,13],[1,2],[2,3],[3,4],[4,5],[5,6],[6,7],[7,8],[8,9],[9,10],[10,11],[11,12],[12,13]]",[2.356194490192345],cycle,04506ddf83f6836aaaaf3cd26eb3a6fd71746b33e33e5638aa481abe2250a650,2027,m2:cycle:n14:p1:g2027:a2,14,1,2
[1.1780972450961724],0dbe0714951a9fc8b91de1084e02365e56368be2b981169d5401b69dc623d2cc,"[[0,1],[0,13],[1,2],[2,3],[3,4],[4,5],[5,6],[6,7],[7,8],[8,9],[9,10],[10,11],[11,12],[12,13]]",[0.7853981633974483],cycle,04506ddf83f6836aaaaf3cd26eb3a6fd71746b33e33e5638aa481abe2250a650,2027,m2:cycle:n14:p1:g2027:a3,14,1,3
[0.0],ee03e1b41bccddd83d679098c3134d25fa4a4e2bdce81adcad5ca7d4adde7b5a,"[[0,1],[0,13],[1,2],[2,3],[3,4],[4,5],[5,6],[6,7],[7,8],[8,9],[9,10],[10,11],[11,12],[12,13]]",[0.0],cycle,86c88008d520be584e9b0448798fc0a5ceab4b0159c307f0a7504825c05095fd,2028,m2:cycle:n14:p1:g2028:a0,14,1,0
[0.7853981633974483],c370e427d56926f5a32a83ab3a51ca9a4c034e6c9ee8b6edf6d98381742f5cef,"[[0,1],[0,13],[1,2],[2,3],[3,4],[4,5],[5,6],[6,7],[7,8],[8,9],[9,10],[10,11],[11,12],[12,13]]",[1.5707963267948966],cycle,86c88008d520be584e9b0448798fc0a5ceab4b0159c307f0a7504825c05095fd,2028,m2:cycle:n14:p1:g2028:a1,14,1,1
[0.39269908169872414],3fbdabc2846bd312e2bfa477a3f4fc9026868618b7f613022f3fb33628d09f41,"[[0,1],[0,13],[1,2],[2,3],[3,4],[4,5],[5,6],[6,7],[7,8],[8,9],[9,10],[10,11],[11,12],[12,13]]",[2.356194490192345],cycle,86c88008d520be584e9b0448798fc0a5ceab4b0159c307f0a7504825c05095fd,2028,m2:cycle:n14:p1:g2028:a2,14,1,2
[1.1780972450961724],f62d031727705e355d7d7c7f50d6622983dc723dfdd6fbee1e8c96fe681d321b,"[[0,1],[0,13],[1,2],[2,3],[3,4],[4,5],[5,6],[6,7],[7,8],[8,9],[9,10],[10,11],[11,12],[12,13]]",[0.7853981633974483],cycle,86c88008d520be584e9b0448798fc0a5ceab4b0159c307f0a7504825c05095fd,2028,m2:cycle:n14:p1:g2028:a3,14,1,3
"[0.0,0.0]",d56140cc739c87fd1ef6eba3684ddd556f68154d0b61efbfedead21e9b2d9561,"[[0,1],[0,13],[1,2],[2,3],[3,4],[4,5],[5,6],[6,7],[7,8],[8,9],[9,10],[10,11],[11,12],[12,13]]","[0.0,0.0]",cycle,afcbe40c31785a0c06a1874ba29b31d2b3574445d2a6905ff3f77db73a63cb9b,2026,m2:cycle:n14:p2:g2026:a0,14,2,0
"[0.7853981633974483,0.7853981633974483]",3e0dcbb0ffc3367ac0379869a93f079e9fd88f68196a55232bdaf873b15be11b,"[[0,1],[0,13],[1,2],[2,3],[3,4],[4,5],[5,6],[6,7],[7,8],[8,9],[9,10],[10,11],[11,12],[12,13]]","[1.5707963267948966,1.5707963267948966]",cycle,afcbe40c31785a0c06a1874ba29b31d2b3574445d2a6905ff3f77db73a63cb9b,2026,m2:cycle:n14:p2:g2026:a1,14,2,1
"[0.39269908169872414,1.1780972450961724]",262525cc0b3b536318908776d3223d4094777ce9af7f4fe191ba42a1648e866c,"[[0,1],[0,13],[1,2],[2,3],[3,4],[4,5],[5,6],[6,7],[7,8],[8,9],[9,10],[10,11],[11,12],[12,13]]","[2.356194490192345,0.7853981633974483]",cycle,afcbe40c31785a0c06a1874ba29b31d2b3574445d2a6905ff3f77db73a63cb9b,2026,m2:cycle:n14:p2:g2026:a2,14,2,2
"[1.1780972450961724,0.39269908169872414]",9926328cc5542f2832a8ce493ad2444da38e7b680dbb2ad5293af14b273ef6e7,"[[0,1],[0,13],[1,2],[2,3],[3,4],[4,5],[5,6],[6,7],[7,8],[8,9],[9,10],[10,11],[11,12],[12,13]]","[0.7853981633974483,2.356194490192345]",cycle,afcbe40c31785a0c06a1874ba29b31d2b3574445d2a6905ff3f77db73a63cb9b,2026,m2:cycle:n14:p2:g2026:a3,14,2,3
"[0.0,0.0]",f66d4e908b37621a1a6c0f85124a15376bd147de355ca8726eab591f0c8a5738,"[[0,1],[0,13],[1,2],[2,3],[3,4],[4,5],[5,6],[6,7],[7,8],[8,9],[9,10],[10,11],[11,12],[12,13]]","[0.0,0.0]",cycle,04506ddf83f6836aaaaf3cd26eb3a6fd71746b33e33e5638aa481abe2250a650,2027,m2:cycle:n14:p2:g2027:a0,14,2,0
"[0.7853981633974483,0.7853981633974483]",85fc6fbd15b0eebdaa8e759da787b6d5bc6d4e50338ca18749ba12c73e7f589c,"[[0,1],[0,13],[1,2],[2,3],[3,4],[4,5],[5,6],[6,7],[7,8],[8,9],[9,10],[10,11],[11,12],[12,13]]","[1.5707963267948966,1.5707963267948966]",cycle,04506ddf83f6836aaaaf3cd26eb3a6fd71746b33e33e5638aa481abe2250a650,2027,m2:cycle:n14:p2:g2027:a1,14,2,1
"[0.39269908169872414,1.1780972450961724]",2610c015a540ab0061d64850f2b9bb8a867c3ad508ebbce41d8d812797faaad1,"[[0,1],[0,13],[1,2],[2,3],[3,4],[4,5],[5,6],[6,7],[7,8],[8,9],[9,10],[10,11],[11,12],[12,13]]","[2.356194490192345,0.7853981633974483]",cycle,04506ddf83f6836aaaaf3cd26eb3a6fd71746b33e33e5638aa481abe2250a650,2027,m2:cycle:n14:p2:g2027:a2,14,2,2
"[1.1780972450961724,0.39269908169872414]",049c8229f25add282f6e39e8caa20d4b106f30098e81eee40a935ed4553b71ac,"[[0,1],[0,13],[1,2],[2,3],[3,4],[4,5],[5,6],[6,7],[7,8],[8,9],[9,10],[10,11],[11,12],[12,13]]","[0.7853981633974483,2.356194490192345]",cycle,04506ddf83f6836aaaaf3cd26eb3a6fd71746b33e33e5638aa481abe2250a650,2027,m2:cycle:n14:p2:g2027:a3,14,2,3
"[0.0,0.0]",454fb904d606209b8ae623a5a7c1da3a44bc5e0cf73f4f9ff048a7edcd7a7bdf,"[[0,1],[0,13],[1,2],[2,3],[3,4],[4,5],[5,6],[6,7],[7,8],[8,9],[9,10],[10,11],[11,12],[12,13]]","[0.0,0.0]",cycle,86c88008d520be584e9b0448798fc0a5ceab4b0159c307f0a7504825c05095fd,2028,m2:cycle:n14:p2:g2028:a0,14,2,0
"[0.7853981633974483,0.7853981633974483]",e0ed50ae8a5345311cef03ec4360b5bad82686a64f27fc796fcacfe514010ca4,"[[0,1],[0,13],[1,2],[2,3],[3,4],[4,5],[5,6],[6,7],[7,8],[8,9],[9,10],[10,11],[11,12],[12,13]]","[1.5707963267948966,1.5707963267948966]",cycle,86c88008d520be584e9b0448798fc0a5ceab4b0159c307f0a7504825c05095fd,2028,m2:cycle:n14:p2:g2028:a1,14,2,1
"[0.39269908169872414,1.1780972450961724]",2ecdf72759ae05a6c1451b8ab09cf4e328eb5f953237c28025a49072a6122527,"[[0,1],[0,13],[1,2],[2,3],[3,4],[4,5],[5,6],[6,7],[7,8],[8,9],[9,10],[10,11],[11,12],[12,13]]","[2.356194490192345,0.7853981633974483]",cycle,86c88008d520be584e9b0448798fc0a5ceab4b0159c307f0a7504825c05095fd,2028,m2:cycle:n14:p2:g2028:a2,14,2,2
"[1.1780972450961724,0.39269908169872414]",b0ee9c885f2b8df7d2e7c083920ad2e673b4964157b32b05c0601118cd39185d,"[[0,1],[0,13],[1,2],[2,3],[3,4],[4,5],[5,6],[6,7],[7,8],[8,9],[9,10],[10,11],[11,12],[12,13]]","[0.7853981633974483,2.356194490192345]",cycle,86c88008d520be584e9b0448798fc0a5ceab4b0159c307f0a7504825c05095fd,2028,m2:cycle:n14:p2:g2028:a3,14,2,3
"[0.0,0.0,0.0]",f3881af1ee071f152e5ff33a477986cadfd803ce8c1627c73675c981fd18351f,"[[0,1],[0,13],[1,2],[2,3],[3,4],[4,5],[5,6],[6,7],[7,8],[8,9],[9,10],[10,11],[11,12],[12,13]]","[0.0,0.0,0.0]",cycle,afcbe40c31785a0c06a1874ba29b31d2b3574445d2a6905ff3f77db73a63cb9b,2026,m2:cycle:n14:p3:g2026:a0,14,3,0
"[0.7853981633974483,0.7853981633974483,0.7853981633974483]",fd89ec99a5a3b1111171605a0134ac531790c56910fdff5d956c1ae44886d724,"[[0,1],[0,13],[1,2],[2,3],[3,4],[4,5],[5,6],[6,7],[7,8],[8,9],[9,10],[10,11],[11,12],[12,13]]","[1.5707963267948966,1.5707963267948966,1.5707963267948966]",cycle,afcbe40c31785a0c06a1874ba29b31d2b3574445d2a6905ff3f77db73a63cb9b,2026,m2:cycle:n14:p3:g2026:a1,14,3,1
"[0.39269908169872414,1.1780972450961724,1.1780972450961724]",548948cd620646528c598f46a5f72fc9f8cb513ebdc1c24bd67c05045960d97b,"[[0,1],[0,13],[1,2],[2,3],[3,4],[4,5],[5,6],[6,7],[7,8],[8,9],[9,10],[10,11],[11,12],[12,13]]","[2.356194490192345,0.7853981633974483,0.7853981633974483]",cycle,afcbe40c31785a0c06a1874ba29b31d2b3574445d2a6905ff3f77db73a63cb9b,2026,m2:cycle:n14:p3:g2026:a2,14,3,2
"[1.1780972450961724,0.39269908169872414,0.39269908169872414]",e073024e3d66390aea821e89d189bc5d5e9fccf3f2727706defdc8e6924fedd1,"[[0,1],[0,13],[1,2],[2,3],[3,4],[4,5],[5,6],[6,7],[7,8],[8,9],[9,10],[10,11],[11,12],[12,13]]","[0.7853981633974483,2.356194490192345,2.356194490192345]",cycle,afcbe40c31785a0c06a1874ba29b31d2b3574445d2a6905ff3f77db73a63cb9b,2026,m2:cycle:n14:p3:g2026:a3,14,3,3
"[0.0,0.0,0.0]",a851e799694096c10f7f24510f2ef76ba670c3c9a8184cefada20ba2ba96096d,"[[0,1],[0,13],[1,2],[2,3],[3,4],[4,5],[5,6],[6,7],[7,8],[8,9],[9,10],[10,11],[11,12],[12,13]]","[0.0,0.0,0.0]",cycle,04506ddf83f6836aaaaf3cd26eb3a6fd71746b33e33e5638aa481abe2250a650,2027,m2:cycle:n14:p3:g2027:a0,14,3,0
"[0.7853981633974483,0.7853981633974483,0.7853981633974483]",ea3333480d7b85fbcea64f7840d5a3edb6c77857f37369e3f6ce7b686c73090e,"[[0,1],[0,13],[1,2],[2,3],[3,4],[4,5],[5,6],[6,7],[7,8],[8,9],[9,10],[10,11],[11,12],[12,13]]","[1.5707963267948966,1.5707963267948966,1.5707963267948966]",cycle,04506ddf83f6836aaaaf3cd26eb3a6fd71746b33e33e5638aa481abe2250a650,2027,m2:cycle:n14:p3:g2027:a1,14,3,1
"[0.39269908169872414,1.1780972450961724,1.1780972450961724]",33079fa605660db51612ca6bcb18cd6980a0fd81130be2e2dc4c128716efdddd,"[[0,1],[0,13],[1,2],[2,3],[3,4],[4,5],[5,6],[6,7],[7,8],[8,9],[9,10],[10,11],[11,12],[12,13]]","[2.356194490192345,0.7853981633974483,0.7853981633974483]",cycle,04506ddf83f6836aaaaf3cd26eb3a6fd71746b33e33e5638aa481abe2250a650,2027,m2:cycle:n14:p3:g2027:a2,14,3,2
"[1.1780972450961724,0.39269908169872414,0.39269908169872414]",2d0d1fd31d5819eefa2b291ad69b2cb65f1a0972debd09a0f4aeac8a77f9a88a,"[[0,1],[0,13],[1,2],[2,3],[3,4],[4,5],[5,6],[6,7],[7,8],[8,9],[9,10],[10,11],[11,12],[12,13]]","[0.7853981633974483,2.356194490192345,2.356194490192345]",cycle,04506ddf83f6836aaaaf3cd26eb3a6fd71746b33e33e5638aa481abe2250a650,2027,m2:cycle:n14:p3:g2027:a3,14,3,3
"[0.0,0.0,0.0]",593e8a6ef96a1f508deb64b77324deafbf644d724c845e7c76d22db4cc4746ac,"[[0,1],[0,13],[1,2],[2,3],[3,4],[4,5],[5,6],[6,7],[7,8],[8,9],[9,10],[10,11],[11,12],[12,13]]","[0.0,0.0,0.0]",cycle,86c88008d520be584e9b0448798fc0a5ceab4b0159c307f0a7504825c05095fd,2028,m2:cycle:n14:p3:g2028:a0,14,3,0
"[0.7853981633974483,0.7853981633974483,0.7853981633974483]",d19633d96a2432f1862dfde095768a8e7ef7444cf7d0313c6a5b4bab05e6d61e,"[[0,1],[0,13],[1,2],[2,3],[3,4],[4,5],[5,6],[6,7],[7,8],[8,9],[9,10],[10,11],[11,12],[12,13]]","[1.5707963267948966,1.5707963267948966,1.5707963267948966]",cycle,86c88008d520be584e9b0448798fc0a5ceab4b0159c307f0a7504825c05095fd,2028,m2:cycle:n14:p3:g2028:a1,14,3,1
"[0.39269908169872414,1.1780972450961724,1.1780972450961724]",d2c6dcb4bbd8bc4d4f67acc1cd9c5931c0d9e4b2f4436f7d5f4b8ca646cced4e,"[[0,1],[0,13],[1,2],[2,3],[3,4],[4,5],[5,6],[6,7],[7,8],[8,9],[9,10],[10,11],[11,12],[12,13]]","[2.356194490192345,0.7853981633974483,0.7853981633974483]",cycle,86c88008d520be584e9b0448798fc0a5ceab4b0159c307f0a7504825c05095fd,2028,m2:cycle:n14:p3:g2028:a2,14,3,2
"[1.1780972450961724,0.39269908169872414,0.39269908169872414]",9d789113159c8303c6bcb21601fbfbd410eb4fbd9bc92d1fa1a95ee6b0cea2a4,"[[0,1],[0,13],[1,2],[2,3],[3,4],[4,5],[5,6],[6,7],[7,8],[8,9],[9,10],[10,11],[11,12],[12,13]]","[0.7853981633974483,2.356194490192345,2.356194490192345]",cycle,86c88008d520be584e9b0448798fc0a5ceab4b0159c307f0a7504825c05095fd,2028,m2:cycle:n14:p3:g2028:a3,14,3,3
[0.0],4e302e90d9eb888043a5989a96d7731288fc48fcef941b907313dc5229cd4423,"[[0,1],[0,15],[1,2],[2,3],[3,4],[4,5],[5,6],[6,7],[7,8],[8,9],[9,10],[10,11],[11,12],[12,13],[13,14],[14,15]]",[0.0],cycle,7f6841c4bd01f66696a176ffa420b5ef348a5f49fba5a00bbb387c3a06fc018c,2026,m2:cycle:n16:p1:g2026:a0,16,1,0
[0.7853981633974483],b8488170de9f2d18d45df434336a6f827ae46b346f81f52db653be069e074dde,"[[0,1],[0,15],[1,2],[2,3],[3,4],[4,5],[5,6],[6,7],[7,8],[8,9],[9,10],[10,11],[11,12],[12,13],[13,14],[14,15]]",[1.5707963267948966],cycle,7f6841c4bd01f66696a176ffa420b5ef348a5f49fba5a00bbb387c3a06fc018c,2026,m2:cycle:n16:p1:g2026:a1,16,1,1
[0.39269908169872414],a925c926943e4c37be691236b42c9ababb309e736fda6646e041303e38928531,"[[0,1],[0,15],[1,2],[2,3],[3,4],[4,5],[5,6],[6,7],[7,8],[8,9],[9,10],[10,11],[11,12],[12,13],[13,14],[14,15]]",[2.356194490192345],cycle,7f6841c4bd01f66696a176ffa420b5ef348a5f49fba5a00bbb387c3a06fc018c,2026,m2:cycle:n16:p1:g2026:a2,16,1,2
[1.1780972450961724],c448785ffaf461a60ce4c904ec3d3091d39fdb46a0e0d4f885be9fde5fb0a31e,"[[0,1],[0,15],[1,2],[2,3],[3,4],[4,5],[5,6],[6,7],[7,8],[8,9],[9,10],[10,11],[11,12],[12,13],[13,14],[14,15]]",[0.7853981633974483],cycle,7f6841c4bd01f66696a176ffa420b5ef348a5f49fba5a00bbb387c3a06fc018c,2026,m2:cycle:n16:p1:g2026:a3,16,1,3
[0.0],a0f66639d44545a819bd065928dcab4db2d4199cbfae5dbe216f15ed9a292346,"[[0,1],[0,15],[1,2],[2,3],[3,4],[4,5],[5,6],[6,7],[7,8],[8,9],[9,10],[10,11],[11,12],[12,13],[13,14],[14,15]]",[0.0],cycle,8e3d29c44f4db94949edde16c3fd53da15a8773e3bbe8412dac0003820e82e00,2027,m2:cycle:n16:p1:g2027:a0,16,1,0
[0.7853981633974483],084e9505c1f5d8d2af4c3571fffa2180057bd5b097dffb6bc01d822e9f00bdf7,"[[0,1],[0,15],[1,2],[2,3],[3,4],[4,5],[5,6],[6,7],[7,8],[8,9],[9,10],[10,11],[11,12],[12,13],[13,14],[14,15]]",[1.5707963267948966],cycle,8e3d29c44f4db94949edde16c3fd53da15a8773e3bbe8412dac0003820e82e00,2027,m2:cycle:n16:p1:g2027:a1,16,1,1
[0.39269908169872414],26347c324a5904c6ed09d5bd3eded4691df1dda019c15a7a0b7b6d8886e2ad27,"[[0,1],[0,15],[1,2],[2,3],[3,4],[4,5],[5,6],[6,7],[7,8],[8,9],[9,10],[10,11],[11,12],[12,13],[13,14],[14,15]]",[2.356194490192345],cycle,8e3d29c44f4db94949edde16c3fd53da15a8773e3bbe8412dac0003820e82e00,2027,m2:cycle:n16:p1:g2027:a2,16,1,2
[1.1780972450961724],c793a9ab5c2b8400bf2a8868b6df84034c68c26669f7596141b3ef81274884d1,"[[0,1],[0,15],[1,2],[2,3],[3,4],[4,5],[5,6],[6,7],[7,8],[8,9],[9,10],[10,11],[11,12],[12,13],[13,14],[14,15]]",[0.7853981633974483],cycle,8e3d29c44f4db94949edde16c3fd53da15a8773e3bbe8412dac0003820e82e00,2027,m2:cycle:n16:p1:g2027:a3,16,1,3
[0.0],8dd349743d29f29692da7c91044f1aeeea3fa9b00e189171e6f1a487ea2b02b7,"[[0,1],[0,15],[1,2],[2,3],[3,4],[4,5],[5,6],[6,7],[7,8],[8,9],[9,10],[10,11],[11,12],[12,13],[13,14],[14,15]]",[0.0],cycle,e233dfd7a65e8f50d17ecc95e049eaf726f12f95a2ab1f684222a039fa53663a,2028,m2:cycle:n16:p1:g2028:a0,16,1,0
[0.7853981633974483],7f0891d7486c61acd67a5b9b377b901eccfa040eca23751458a6d69507806b94,"[[0,1],[0,15],[1,2],[2,3],[3,4],[4,5],[5,6],[6,7],[7,8],[8,9],[9,10],[10,11],[11,12],[12,13],[13,14],[14,15]]",[1.5707963267948966],cycle,e233dfd7a65e8f50d17ecc95e049eaf726f12f95a2ab1f684222a039fa53663a,2028,m2:cycle:n16:p1:g2028:a1,16,1,1
[0.39269908169872414],b85b957d37f1cca0faa0ed16c86003f093c9caa6ddd6cd6ce177ed37eef377bc,"[[0,1],[0,15],[1,2],[2,3],[3,4],[4,5],[5,6],[6,7],[7,8],[8,9],[9,10],[10,11],[11,12],[12,13],[13,14],[14,15]]",[2.356194490192345],cycle,e233dfd7a65e8f50d17ecc95e049eaf726f12f95a2ab1f684222a039fa53663a,2028,m2:cycle:n16:p1:g2028:a2,16,1,2
[1.1780972450961724],32b3e876373150f15f2dcc1922b62114ecb118bf8e9a66459fce5354e77258cf,"[[0,1],[0,15],[1,2],[2,3],[3,4],[4,5],[5,6],[6,7],[7,8],[8,9],[9,10],[10,11],[11,12],[12,13],[13,14],[14,15]]",[0.7853981633974483],cycle,e233dfd7a65e8f50d17ecc95e049eaf726f12f95a2ab1f684222a039fa53663a,2028,m2:cycle:n16:p1:g2028:a3,16,1,3
"[0.0,0.0]",e1929b9f3118e3365661b98c83e2e96059ef223b17efbd30d84c45ea52dd8585,"[[0,1],[0,15],[1,2],[2,3],[3,4],[4,5],[5,6],[6,7],[7,8],[8,9],[9,10],[10,11],[11,12],[12,13],[13,14],[14,15]]","[0.0,0.0]",cycle,7f6841c4bd01f66696a176ffa420b5ef348a5f49fba5a00bbb387c3a06fc018c,2026,m2:cycle:n16:p2:g2026:a0,16,2,0
"[0.7853981633974483,0.7853981633974483]",0aa6cb7bb7dc1b40df32f0334ce327db99c27a93f857461a71f9d2cfbba1d41a,"[[0,1],[0,15],[1,2],[2,3],[3,4],[4,5],[5,6],[6,7],[7,8],[8,9],[9,10],[10,11],[11,12],[12,13],[13,14],[14,15]]","[1.5707963267948966,1.5707963267948966]",cycle,7f6841c4bd01f66696a176ffa420b5ef348a5f49fba5a00bbb387c3a06fc018c,2026,m2:cycle:n16:p2:g2026:a1,16,2,1
"[0.39269908169872414,1.1780972450961724]",733fc0f94795f31a0494fdfce528a0974007e08907a5dcc7f0d4e920e24a8968,"[[0,1],[0,15],[1,2],[2,3],[3,4],[4,5],[5,6],[6,7],[7,8],[8,9],[9,10],[10,11],[11,12],[12,13],[13,14],[14,15]]","[2.356194490192345,0.7853981633974483]",cycle,7f6841c4bd01f66696a176ffa420b5ef348a5f49fba5a00bbb387c3a06fc018c,2026,m2:cycle:n16:p2:g2026:a2,16,2,2
"[1.1780972450961724,0.39269908169872414]",5392a984d75e27e6ba338c6da6d909fce9d1f5f386ea41541684f5cf22b124dd,"[[0,1],[0,15],[1,2],[2,3],[3,4],[4,5],[5,6],[6,7],[7,8],[8,9],[9,10],[10,11],[11,12],[12,13],[13,14],[14,15]]","[0.7853981633974483,2.356194490192345]",cycle,7f6841c4bd01f66696a176ffa420b5ef348a5f49fba5a00bbb387c3a06fc018c,2026,m2:cycle:n16:p2:g2026:a3,16,2,3
"[0.0,0.0]",642c2c33d4b14c47e3d03411342b116194b4edc672fe89cb2e6f7bd608a7b076,"[[0,1],[0,15],[1,2],[2,3],[3,4],[4,5],[5,6],[6,7],[7,8],[8,9],[9,10],[10,11],[11,12],[12,13],[13,14],[14,15]]","[0.0,0.0]",cycle,8e3d29c44f4db94949edde16c3fd53da15a8773e3bbe8412dac0003820e82e00,2027,m2:cycle:n16:p2:g2027:a0,16,2,0
"[0.7853981633974483,0.7853981633974483]",117e30cf503862d5a4d47d5b6a575ce437470c28a49cbb95bc8b1282f5531c24,"[[0,1],[0,15],[1,2],[2,3],[3,4],[4,5],[5,6],[6,7],[7,8],[8,9],[9,10],[10,11],[11,12],[12,13],[13,14],[14,15]]","[1.5707963267948966,1.5707963267948966]",cycle,8e3d29c44f4db94949edde16c3fd53da15a8773e3bbe8412dac0003820e82e00,2027,m2:cycle:n16:p2:g2027:a1,16,2,1
"[0.39269908169872414,1.1780972450961724]",9fb341948a7013e84fdcb74a05e02d3f6ba0f2c27cb133893309f60223d36727,"[[0,1],[0,15],[1,2],[2,3],[3,4],[4,5],[5,6],[6,7],[7,8],[8,9],[9,10],[10,11],[11,12],[12,13],[13,14],[14,15]]","[2.356194490192345,0.7853981633974483]",cycle,8e3d29c44f4db94949edde16c3fd53da15a8773e3bbe8412dac0003820e82e00,2027,m2:cycle:n16:p2:g2027:a2,16,2,2
"[1.1780972450961724,0.39269908169872414]",fb0292cad55c9799aa26aa0441496f20d59903a26ecef9429a192e303e62001e,"[[0,1],[0,15],[1,2],[2,3],[3,4],[4,5],[5,6],[6,7],[7,8],[8,9],[9,10],[10,11],[11,12],[12,13],[13,14],[14,15]]","[0.7853981633974483,2.356194490192345]",cycle,8e3d29c44f4db94949edde16c3fd53da15a8773e3bbe8412dac0003820e82e00,2027,m2:cycle:n16:p2:g2027:a3,16,2,3
"[0.0,0.0]",d96ddf03e7c00e05ee19abd245a49a60a3cc4b4c6300ce13a91e9ae532616b3c,"[[0,1],[0,15],[1,2],[2,3],[3,4],[4,5],[5,6],[6,7],[7,8],[8,9],[9,10],[10,11],[11,12],[12,13],[13,14],[14,15]]","[0.0,0.0]",cycle,e233dfd7a65e8f50d17ecc95e049eaf726f12f95a2ab1f684222a039fa53663a,2028,m2:cycle:n16:p2:g2028:a0,16,2,0
"[0.7853981633974483,0.7853981633974483]",6ed8be3687c614061990bd1b51ed181a0a7fcfef1e11298fcbc8b8979afaadb2,"[[0,1],[0,15],[1,2],[2,3],[3,4],[4,5],[5,6],[6,7],[7,8],[8,9],[9,10],[10,11],[11,12],[12,13],[13,14],[14,15]]","[1.5707963267948966,1.5707963267948966]",cycle,e233dfd7a65e8f50d17ecc95e049eaf726f12f95a2ab1f684222a039fa53663a,2028,m2:cycle:n16:p2:g2028:a1,16,2,1
"[0.39269908169872414,1.1780972450961724]",d5f8dac4a0085f7d9f4a3d75bbc63f9201e778d5245ab001b7198852b01d9d5c,"[[0,1],[0,15],[1,2],[2,3],[3,4],[4,5],[5,6],[6,7],[7,8],[8,9],[9,10],[10,11],[11,12],[12,13],[13,14],[14,15]]","[2.356194490192345,0.7853981633974483]",cycle,e233dfd7a65e8f50d17ecc95e049eaf726f12f95a2ab1f684222a039fa53663a,2028,m2:cycle:n16:p2:g2028:a2,16,2,2
"[1.1780972450961724,0.39269908169872414]",c766116cd879777aa78db58a55ce30a99214be75c9087b2afffc0edcade91363,"[[0,1],[0,15],[1,2],[2,3],[3,4],[4,5],[5,6],[6,7],[7,8],[8,9],[9,10],[10,11],[11,12],[12,13],[13,14],[14,15]]","[0.7853981633974483,2.356194490192345]",cycle,e233dfd7a65e8f50d17ecc95e049eaf726f12f95a2ab1f684222a039fa53663a,2028,m2:cycle:n16:p2:g2028:a3,16,2,3
"[0.0,0.0,0.0]",ef464ebfa7c48b40ff7deb62b88e1d07fe522eeddc85219d5fb5219e0223a684,"[[0,1],[0,15],[1,2],[2,3],[3,4],[4,5],[5,6],[6,7],[7,8],[8,9],[9,10],[10,11],[11,12],[12,13],[13,14],[14,15]]","[0.0,0.0,0.0]",cycle,7f6841c4bd01f66696a176ffa420b5ef348a5f49fba5a00bbb387c3a06fc018c,2026,m2:cycle:n16:p3:g2026:a0,16,3,0
"[0.7853981633974483,0.7853981633974483,0.7853981633974483]",0ea9a6074191f652ba5a6fda9490f6c8db1dd60f998d7ebef709e9835495e909,"[[0,1],[0,15],[1,2],[2,3],[3,4],[4,5],[5,6],[6,7],[7,8],[8,9],[9,10],[10,11],[11,12],[12,13],[13,14],[14,15]]","[1.5707963267948966,1.5707963267948966,1.5707963267948966]",cycle,7f6841c4bd01f66696a176ffa420b5ef348a5f49fba5a00bbb387c3a06fc018c,2026,m2:cycle:n16:p3:g2026:a1,16,3,1
"[0.39269908169872414,1.1780972450961724,1.1780972450961724]",a3a68a42d21b06e93312caa15105701e2a309c93f1b1eeb5bab22933e2890f0e,"[[0,1],[0,15],[1,2],[2,3],[3,4],[4,5],[5,6],[6,7],[7,8],[8,9],[9,10],[10,11],[11,12],[12,13],[13,14],[14,15]]","[2.356194490192345,0.7853981633974483,0.7853981633974483]",cycle,7f6841c4bd01f66696a176ffa420b5ef348a5f49fba5a00bbb387c3a06fc018c,2026,m2:cycle:n16:p3:g2026:a2,16,3,2
"[1.1780972450961724,0.39269908169872414,0.39269908169872414]",6cb36bffc75ceda7f453e5fc411ec35c490711c4ecfae1fa2ed01df1e9e496a9,"[[0,1],[0,15],[1,2],[2,3],[3,4],[4,5],[5,6],[6,7],[7,8],[8,9],[9,10],[10,11],[11,12],[12,13],[13,14],[14,15]]","[0.7853981633974483,2.356194490192345,2.356194490192345]",cycle,7f6841c4bd01f66696a176ffa420b5ef348a5f49fba5a00bbb387c3a06fc018c,2026,m2:cycle:n16:p3:g2026:a3,16,3,3
"[0.0,0.0,0.0]",4c7dc184b342d6695d84fa8aaa804c361af3c439ee98d66fea1809ace9980edf,"[[0,1],[0,15],[1,2],[2,3],[3,4],[4,5],[5,6],[6,7],[7,8],[8,9],[9,10],[10,11],[11,12],[12,13],[13,14],[14,15]]","[0.0,0.0,0.0]",cycle,8e3d29c44f4db94949edde16c3fd53da15a8773e3bbe8412dac0003820e82e00,2027,m2:cycle:n16:p3:g2027:a0,16,3,0
"[0.7853981633974483,0.7853981633974483,0.7853981633974483]",fbfe85d79f7bd49dd81d1230abb6e863e40d449843f04904460db667c7a0b390,"[[0,1],[0,15],[1,2],[2,3],[3,4],[4,5],[5,6],[6,7],[7,8],[8,9],[9,10],[10,11],[11,12],[12,13],[13,14],[14,15]]","[1.5707963267948966,1.5707963267948966,1.5707963267948966]",cycle,8e3d29c44f4db94949edde16c3fd53da15a8773e3bbe8412dac0003820e82e00,2027,m2:cycle:n16:p3:g2027:a1,16,3,1
"[0.39269908169872414,1.1780972450961724,1.1780972450961724]",999b26dc27194efd0ea152058c0336a204655dfe2daedd7fa7da0b5dc73018b1,"[[0,1],[0,15],[1,2],[2,3],[3,4],[4,5],[5,6],[6,7],[7,8],[8,9],[9,10],[10,11],[11,12],[12,13],[13,14],[14,15]]","[2.356194490192345,0.7853981633974483,0.7853981633974483]",cycle,8e3d29c44f4db94949edde16c3fd53da15a8773e3bbe8412dac0003820e82e00,2027,m2:cycle:n16:p3:g2027:a2,16,3,2
"[1.1780972450961724,0.39269908169872414,0.39269908169872414]",ba55f41344c958f84345b2223bc0c2cc160ccd10ad902668e09acaac73be47af,"[[0,1],[0,15],[1,2],[2,3],[3,4],[4,5],[5,6],[6,7],[7,8],[8,9],[9,10],[10,11],[11,12],[12,13],[13,14],[14,15]]","[0.7853981633974483,2.356194490192345,2.356194490192345]",cycle,8e3d29c44f4db94949edde16c3fd53da15a8773e3bbe8412dac0003820e82e00,2027,m2:cycle:n16:p3:g2027:a3,16,3,3
"[0.0,0.0,0.0]",9258b119dc7dd6c60658082de73af87140df19feff451395c0b1121dc7c66c22,"[[0,1],[0,15],[1,2],[2,3],[3,4],[4,5],[5,6],[6,7],[7,8],[8,9],[9,10],[10,11],[11,12],[12,13],[13,14],[14,15]]","[0.0,0.0,0.0]",cycle,e233dfd7a65e8f50d17ecc95e049eaf726f12f95a2ab1f684222a039fa53663a,2028,m2:cycle:n16:p3:g2028:a0,16,3,0
"[0.7853981633974483,0.7853981633974483,0.7853981633974483]",209c3802be3896816019c035c8c8d761303b6be3dfba879ff99d212f05aa2c15,"[[0,1],[0,15],[1,2],[2,3],[3,4],[4,5],[5,6],[6,7],[7,8],[8,9],[9,10],[10,11],[11,12],[12,13],[13,14],[14,15]]","[1.5707963267948966,1.5707963267948966,1.5707963267948966]",cycle,e233dfd7a65e8f50d17ecc95e049eaf726f12f95a2ab1f684222a039fa53663a,2028,m2:cycle:n16:p3:g2028:a1,16,3,1
"[0.39269908169872414,1.1780972450961724,1.1780972450961724]",3be2bb37b74532d79b1e2cf4e576be64d49b5e153751eb463b256cb04b4ef701,"[[0,1],[0,15],[1,2],[2,3],[3,4],[4,5],[5,6],[6,7],[7,8],[8,9],[9,10],[10,11],[11,12],[12,13],[13,14],[14,15]]","[2.356194490192345,0.7853981633974483,0.7853981633974483]",cycle,e233dfd7a65e8f50d17ecc95e049eaf726f12f95a2ab1f684222a039fa53663a,2028,m2:cycle:n16:p3:g2028:a2,16,3,2
"[1.1780972450961724,0.39269908169872414,0.39269908169872414]",830433bbb81cc2fcfa116195d8173935e502490778b5244e88592946b362ba25,"[[0,1],[0,15],[1,2],[2,3],[3,4],[4,5],[5,6],[6,7],[7,8],[8,9],[9,10],[10,11],[11,12],[12,13],[13,14],[14,15]]","[0.7853981633974483,2.356194490192345,2.356194490192345]",cycle,e233dfd7a65e8f50d17ecc95e049eaf726f12f95a2ab1f684222a039fa53663a,2028,m2:cycle:n16:p3:g2028:a3,16,3,3
[0.0],7feaf60a79d90620334a07e1c19d0168a7c8c00e732531763444e977b9e87f9f,"[[0,1],[0,17],[1,2],[2,3],[3,4],[4,5],[5,6],[6,7],[7,8],[8,9],[9,10],[10,11],[11,12],[12,13],[13,14],[14,15],[15,16],[16,17]]",[0.0],cycle,8cd6f63f208813603e467e2dba14bd3721ff3f2e2ac1ee093e5d7f8eb144ba77,2026,m2:cycle:n18:p1:g2026:a0,18,1,0
[0.7853981633974483],56f9a93f0c912921169bb46dbc595263c83ed337551c796b248d53abc60aa647,"[[0,1],[0,17],[1,2],[2,3],[3,4],[4,5],[5,6],[6,7],[7,8],[8,9],[9,10],[10,11],[11,12],[12,13],[13,14],[14,15],[15,16],[16,17]]",[1.5707963267948966],cycle,8cd6f63f208813603e467e2dba14bd3721ff3f2e2ac1ee093e5d7f8eb144ba77,2026,m2:cycle:n18:p1:g2026:a1,18,1,1
[0.39269908169872414],abea4087d8430676db093cc9eaeaef9682943295f26bdeecc6d8fce3abcf6069,"[[0,1],[0,17],[1,2],[2,3],[3,4],[4,5],[5,6],[6,7],[7,8],[8,9],[9,10],[10,11],[11,12],[12,13],[13,14],[14,15],[15,16],[16,17]]",[2.356194490192345],cycle,8cd6f63f208813603e467e2dba14bd3721ff3f2e2ac1ee093e5d7f8eb144ba77,2026,m2:cycle:n18:p1:g2026:a2,18,1,2
[1.1780972450961724],2bd5ee5d451d7d2749b214a4c53121d95f4b4f0b2cbda7785eeb52ecdbcd2134,"[[0,1],[0,17],[1,2],[2,3],[3,4],[4,5],[5,6],[6,7],[7,8],[8,9],[9,10],[10,11],[11,12],[12,13],[13,14],[14,15],[15,16],[16,17]]",[0.7853981633974483],cycle,8cd6f63f208813603e467e2dba14bd3721ff3f2e2ac1ee093e5d7f8eb144ba77,2026,m2:cycle:n18:p1:g2026:a3,18,1,3
[0.0],bd7db07e89fd53efa48f28f2ce36b5d79835b627fdcf71ec055dd9eb310e2594,"[[0,1],[0,17],[1,2],[2,3],[3,4],[4,5],[5,6],[6,7],[7,8],[8,9],[9,10],[10,11],[11,12],[12,13],[13,14],[14,15],[15,16],[16,17]]",[0.0],cycle,f582c4a9832f112ae0c53678a35ddcb944b15deed2ebb9b9f4bbd559178bd83b,2027,m2:cycle:n18:p1:g2027:a0,18,1,0
[0.7853981633974483],c2f6d0141cf0bc8985faafd44aa6983d2b2e7809dd3bf6a7cd69bd7624433351,"[[0,1],[0,17],[1,2],[2,3],[3,4],[4,5],[5,6],[6,7],[7,8],[8,9],[9,10],[10,11],[11,12],[12,13],[13,14],[14,15],[15,16],[16,17]]",[1.5707963267948966],cycle,f582c4a9832f112ae0c53678a35ddcb944b15deed2ebb9b9f4bbd559178bd83b,2027,m2:cycle:n18:p1:g2027:a1,18,1,1
[0.39269908169872414],ff93f055ff7a36626aea9eecfd45e4fc1f347dbce4e1a2ebf7c22697fb3b8dfd,"[[0,1],[0,17],[1,2],[2,3],[3,4],[4,5],[5,6],[6,7],[7,8],[8,9],[9,10],[10,11],[11,12],[12,13],[13,14],[14,15],[15,16],[16,17]]",[2.356194490192345],cycle,f582c4a9832f112ae0c53678a35ddcb944b15deed2ebb9b9f4bbd559178bd83b,2027,m2:cycle:n18:p1:g2027:a2,18,1,2
[1.1780972450961724],2976ea6ff4e7041c62f81e96048bf295b147df1a2020c988f2cbd411aaa86957,"[[0,1],[0,17],[1,2],[2,3],[3,4],[4,5],[5,6],[6,7],[7,8],[8,9],[9,10],[10,11],[11,12],[12,13],[13,14],[14,15],[15,16],[16,17]]",[0.7853981633974483],cycle,f582c4a9832f112ae0c53678a35ddcb944b15deed2ebb9b9f4bbd559178bd83b,2027,m2:cycle:n18:p1:g2027:a3,18,1,3
[0.0],ba2a94dc02b9ce4505d3a648a98462bb2a454f2c4cf069a22ea4198889f306f2,"[[0,1],[0,17],[1,2],[2,3],[3,4],[4,5],[5,6],[6,7],[7,8],[8,9],[9,10],[10,11],[11,12],[12,13],[13,14],[14,15],[15,16],[16,17]]",[0.0],cycle,2e0073c4b9304ff360092232ebb089fc1f79a7f26dc83b48cb6f92982e5f6f50,2028,m2:cycle:n18:p1:g2028:a0,18,1,0
[0.7853981633974483],efcb88a23d0f2eef0eaeae20892410a25402e6759284f1485918bac901647c18,"[[0,1],[0,17],[1,2],[2,3],[3,4],[4,5],[5,6],[6,7],[7,8],[8,9],[9,10],[10,11],[11,12],[12,13],[13,14],[14,15],[15,16],[16,17]]",[1.5707963267948966],cycle,2e0073c4b9304ff360092232ebb089fc1f79a7f26dc83b48cb6f92982e5f6f50,2028,m2:cycle:n18:p1:g2028:a1,18,1,1
[0.39269908169872414],d76534e8e9fbe770a529d49a0eeea02deb394f4b68a01edbb7145f96dc393ec6,"[[0,1],[0,17],[1,2],[2,3],[3,4],[4,5],[5,6],[6,7],[7,8],[8,9],[9,10],[10,11],[11,12],[12,13],[13,14],[14,15],[15,16],[16,17]]",[2.356194490192345],cycle,2e0073c4b9304ff360092232ebb089fc1f79a7f26dc83b48cb6f92982e5f6f50,2028,m2:cycle:n18:p1:g2028:a2,18,1,2
[1.1780972450961724],2c312636fc1708d1260d16c63a759aa9b6b1dbafb086f2a2fa210e03bd4ed4e8,"[[0,1],[0,17],[1,2],[2,3],[3,4],[4,5],[5,6],[6,7],[7,8],[8,9],[9,10],[10,11],[11,12],[12,13],[13,14],[14,15],[15,16],[16,17]]",[0.7853981633974483],cycle,2e0073c4b9304ff360092232ebb089fc1f79a7f26dc83b48cb6f92982e5f6f50,2028,m2:cycle:n18:p1:g2028:a3,18,1,3
"[0.0,0.0]",0ed38aa5fddb76d50d0d6bc586b8b82276d58d475099273444c3bed01d780e31,"[[0,1],[0,17],[1,2],[2,3],[3,4],[4,5],[5,6],[6,7],[7,8],[8,9],[9,10],[10,11],[11,12],[12,13],[13,14],[14,15],[15,16],[16,17]]","[0.0,0.0]",cycle,8cd6f63f208813603e467e2dba14bd3721ff3f2e2ac1ee093e5d7f8eb144ba77,2026,m2:cycle:n18:p2:g2026:a0,18,2,0
"[0.7853981633974483,0.7853981633974483]",12021430517bda644f923e22899e4383b6111f3a546b2267dc8c01832dce09fd,"[[0,1],[0,17],[1,2],[2,3],[3,4],[4,5],[5,6],[6,7],[7,8],[8,9],[9,10],[10,11],[11,12],[12,13],[13,14],[14,15],[15,16],[16,17]]","[1.5707963267948966,1.5707963267948966]",cycle,8cd6f63f208813603e467e2dba14bd3721ff3f2e2ac1ee093e5d7f8eb144ba77,2026,m2:cycle:n18:p2:g2026:a1,18,2,1
"[0.39269908169872414,1.1780972450961724]",f7e6b988bdb0c6dbeca6f4f5b464787335bd959bfb7638e33ff8babe0d82e5d4,"[[0,1],[0,17],[1,2],[2,3],[3,4],[4,5],[5,6],[6,7],[7,8],[8,9],[9,10],[10,11],[11,12],[12,13],[13,14],[14,15],[15,16],[16,17]]","[2.356194490192345,0.7853981633974483]",cycle,8cd6f63f208813603e467e2dba14bd3721ff3f2e2ac1ee093e5d7f8eb144ba77,2026,m2:cycle:n18:p2:g2026:a2,18,2,2
"[1.1780972450961724,0.39269908169872414]",eff4de90631d9d4059b8b56931f8b309a8ca510c66b56a70b9c9a8b23f6f2463,"[[0,1],[0,17],[1,2],[2,3],[3,4],[4,5],[5,6],[6,7],[7,8],[8,9],[9,10],[10,11],[11,12],[12,13],[13,14],[14,15],[15,16],[16,17]]","[0.7853981633974483,2.356194490192345]",cycle,8cd6f63f208813603e467e2dba14bd3721ff3f2e2ac1ee093e5d7f8eb144ba77,2026,m2:cycle:n18:p2:g2026:a3,18,2,3
"[0.0,0.0]",bd208fcf79a0b355fe15ba6aee6432ff8bdda7b1a08fe614c584b4bec97b64a9,"[[0,1],[0,17],[1,2],[2,3],[3,4],[4,5],[5,6],[6,7],[7,8],[8,9],[9,10],[10,11],[11,12],[12,13],[13,14],[14,15],[15,16],[16,17]]","[0.0,0.0]",cycle,f582c4a9832f112ae0c53678a35ddcb944b15deed2ebb9b9f4bbd559178bd83b,2027,m2:cycle:n18:p2:g2027:a0,18,2,0
"[0.7853981633974483,0.7853981633974483]",5d7833759de644c57a016e32e595aa21d6b2fd6efa791e404f0b2201a9cbb289,"[[0,1],[0,17],[1,2],[2,3],[3,4],[4,5],[5,6],[6,7],[7,8],[8,9],[9,10],[10,11],[11,12],[12,13],[13,14],[14,15],[15,16],[16,17]]","[1.5707963267948966,1.5707963267948966]",cycle,f582c4a9832f112ae0c53678a35ddcb944b15deed2ebb9b9f4bbd559178bd83b,2027,m2:cycle:n18:p2:g2027:a1,18,2,1
"[0.39269908169872414,1.1780972450961724]",26aad72923672bd02b383ca22c760dd8d3042e34517bb6a1d211153c0c253548,"[[0,1],[0,17],[1,2],[2,3],[3,4],[4,5],[5,6],[6,7],[7,8],[8,9],[9,10],[10,11],[11,12],[12,13],[13,14],[14,15],[15,16],[16,17]]","[2.356194490192345,0.7853981633974483]",cycle,f582c4a9832f112ae0c53678a35ddcb944b15deed2ebb9b9f4bbd559178bd83b,2027,m2:cycle:n18:p2:g2027:a2,18,2,2
"[1.1780972450961724,0.39269908169872414]",a926c25e849256d63ad4b1b5692926e0641792c3f31141b339729e153d4b3b4c,"[[0,1],[0,17],[1,2],[2,3],[3,4],[4,5],[5,6],[6,7],[7,8],[8,9],[9,10],[10,11],[11,12],[12,13],[13,14],[14,15],[15,16],[16,17]]","[0.7853981633974483,2.356194490192345]",cycle,f582c4a9832f112ae0c53678a35ddcb944b15deed2ebb9b9f4bbd559178bd83b,2027,m2:cycle:n18:p2:g2027:a3,18,2,3
"[0.0,0.0]",51f266492ae88c94e656464ef7f05219f030524bd41bff4ee3a30b91132b993e,"[[0,1],[0,17],[1,2],[2,3],[3,4],[4,5],[5,6],[6,7],[7,8],[8,9],[9,10],[10,11],[11,12],[12,13],[13,14],[14,15],[15,16],[16,17]]","[0.0,0.0]",cycle,2e0073c4b9304ff360092232ebb089fc1f79a7f26dc83b48cb6f92982e5f6f50,2028,m2:cycle:n18:p2:g2028:a0,18,2,0
"[0.7853981633974483,0.7853981633974483]",5108d39bb820426b22f2f2bef7ff34016cb4baf78a739cd3d3cef9ed5899fc95,"[[0,1],[0,17],[1,2],[2,3],[3,4],[4,5],[5,6],[6,7],[7,8],[8,9],[9,10],[10,11],[11,12],[12,13],[13,14],[14,15],[15,16],[16,17]]","[1.5707963267948966,1.5707963267948966]",cycle,2e0073c4b9304ff360092232ebb089fc1f79a7f26dc83b48cb6f92982e5f6f50,2028,m2:cycle:n18:p2:g2028:a1,18,2,1
"[0.39269908169872414,1.1780972450961724]",e7a6e79a28818d2642250b6dc80814973848a3c6f6d44e116ac434ff22dcf6d4,"[[0,1],[0,17],[1,2],[2,3],[3,4],[4,5],[5,6],[6,7],[7,8],[8,9],[9,10],[10,11],[11,12],[12,13],[13,14],[14,15],[15,16],[16,17]]","[2.356194490192345,0.7853981633974483]",cycle,2e0073c4b9304ff360092232ebb089fc1f79a7f26dc83b48cb6f92982e5f6f50,2028,m2:cycle:n18:p2:g2028:a2,18,2,2
"[1.1780972450961724,0.39269908169872414]",e238d96de1d2bf7497167c50e2007dd574b98357fa010cfdd142eaacde494ce0,"[[0,1],[0,17],[1,2],[2,3],[3,4],[4,5],[5,6],[6,7],[7,8],[8,9],[9,10],[10,11],[11,12],[12,13],[13,14],[14,15],[15,16],[16,17]]","[0.7853981633974483,2.356194490192345]",cycle,2e0073c4b9304ff360092232ebb089fc1f79a7f26dc83b48cb6f92982e5f6f50,2028,m2:cycle:n18:p2:g2028:a3,18,2,3
"[0.0,0.0,0.0]",8f61eb8f8cb67c1424a77a9dfe7e1cec14a53dc3cde9cc7c1bd0b8f46740ad27,"[[0,1],[0,17],[1,2],[2,3],[3,4],[4,5],[5,6],[6,7],[7,8],[8,9],[9,10],[10,11],[11,12],[12,13],[13,14],[14,15],[15,16],[16,17]]","[0.0,0.0,0.0]",cycle,8cd6f63f208813603e467e2dba14bd3721ff3f2e2ac1ee093e5d7f8eb144ba77,2026,m2:cycle:n18:p3:g2026:a0,18,3,0
"[0.7853981633974483,0.7853981633974483,0.7853981633974483]",2d422175ee2bc2a6aa3a6f85735838041d12469f9e53f721a22ee5cef2df2ba0,"[[0,1],[0,17],[1,2],[2,3],[3,4],[4,5],[5,6],[6,7],[7,8],[8,9],[9,10],[10,11],[11,12],[12,13],[13,14],[14,15],[15,16],[16,17]]","[1.5707963267948966,1.5707963267948966,1.5707963267948966]",cycle,8cd6f63f208813603e467e2dba14bd3721ff3f2e2ac1ee093e5d7f8eb144ba77,2026,m2:cycle:n18:p3:g2026:a1,18,3,1
"[0.39269908169872414,1.1780972450961724,1.1780972450961724]",c53e23a356e0ec79838d85240d052f7dd77b441a4f4422cab53da0f027bf92a8,"[[0,1],[0,17],[1,2],[2,3],[3,4],[4,5],[5,6],[6,7],[7,8],[8,9],[9,10],[10,11],[11,12],[12,13],[13,14],[14,15],[15,16],[16,17]]","[2.356194490192345,0.7853981633974483,0.7853981633974483]",cycle,8cd6f63f208813603e467e2dba14bd3721ff3f2e2ac1ee093e5d7f8eb144ba77,2026,m2:cycle:n18:p3:g2026:a2,18,3,2
"[1.1780972450961724,0.39269908169872414,0.39269908169872414]",46d5c18f2d06f4e38ec37a5fb8434d0672f63e64eefaea079c8e40e24e2d513a,"[[0,1],[0,17],[1,2],[2,3],[3,4],[4,5],[5,6],[6,7],[7,8],[8,9],[9,10],[10,11],[11,12],[12,13],[13,14],[14,15],[15,16],[16,17]]","[0.7853981633974483,2.356194490192345,2.356194490192345]",cycle,8cd6f63f208813603e467e2dba14bd3721ff3f2e2ac1ee093e5d7f8eb144ba77,2026,m2:cycle:n18:p3:g2026:a3,18,3,3
"[0.0,0.0,0.0]",bf273dc22edc613c03e91d90372f384e2f73ef1caeb84b8dda4821d6f6a598d2,"[[0,1],[0,17],[1,2],[2,3],[3,4],[4,5],[5,6],[6,7],[7,8],[8,9],[9,10],[10,11],[11,12],[12,13],[13,14],[14,15],[15,16],[16,17]]","[0.0,0.0,0.0]",cycle,f582c4a9832f112ae0c53678a35ddcb944b15deed2ebb9b9f4bbd559178bd83b,2027,m2:cycle:n18:p3:g2027:a0,18,3,0
"[0.7853981633974483,0.7853981633974483,0.7853981633974483]",bf705f569089f87cbc7f080027b317cd63276b3a3206acd0f861556990857ee7,"[[0,1],[0,17],[1,2],[2,3],[3,4],[4,5],[5,6],[6,7],[7,8],[8,9],[9,10],[10,11],[11,12],[12,13],[13,14],[14,15],[15,16],[16,17]]","[1.5707963267948966,1.5707963267948966,1.5707963267948966]",cycle,f582c4a9832f112ae0c53678a35ddcb944b15deed2ebb9b9f4bbd559178bd83b,2027,m2:cycle:n18:p3:g2027:a1,18,3,1
"[0.39269908169872414,1.1780972450961724,1.1780972450961724]",05df80f4a99dd4493152dcdbc0a5d15ab7807029d118f8312eee193848085d6c,"[[0,1],[0,17],[1,2],[2,3],[3,4],[4,5],[5,6],[6,7],[7,8],[8,9],[9,10],[10,11],[11,12],[12,13],[13,14],[14,15],[15,16],[16,17]]","[2.356194490192345,0.7853981633974483,0.7853981633974483]",cycle,f582c4a9832f112ae0c53678a35ddcb944b15deed2ebb9b9f4bbd559178bd83b,2027,m2:cycle:n18:p3:g2027:a2,18,3,2
"[1.1780972450961724,0.39269908169872414,0.39269908169872414]",bffc149364724299d9ec7e209fb7df8525ded80bbf7a960ad8690c02f814276d,"[[0,1],[0,17],[1,2],[2,3],[3,4],[4,5],[5,6],[6,7],[7,8],[8,9],[9,10],[10,11],[11,12],[12,13],[13,14],[14,15],[15,16],[16,17]]","[0.7853981633974483,2.356194490192345,2.356194490192345]",cycle,f582c4a9832f112ae0c53678a35ddcb944b15deed2ebb9b9f4bbd559178bd83b,2027,m2:cycle:n18:p3:g2027:a3,18,3,3
"[0.0,0.0,0.0]",4e0dc82507ada183a933c78a7e5da149ede38784da00dac5c622d971b30aed63,"[[0,1],[0,17],[1,2],[2,3],[3,4],[4,5],[5,6],[6,7],[7,8],[8,9],[9,10],[10,11],[11,12],[12,13],[13,14],[14,15],[15,16],[16,17]]","[0.0,0.0,0.0]",cycle,2e0073c4b9304ff360092232ebb089fc1f79a7f26dc83b48cb6f92982e5f6f50,2028,m2:cycle:n18:p3:g2028:a0,18,3,0
"[0.7853981633974483,0.7853981633974483,0.7853981633974483]",a5029c2c4347aa0752067f35044bc96c647fe0edb4899b0b588ea6a37c7eaed8,"[[0,1],[0,17],[1,2],[2,3],[3,4],[4,5],[5,6],[6,7],[7,8],[8,9],[9,10],[10,11],[11,12],[12,13],[13,14],[14,15],[15,16],[16,17]]","[1.5707963267948966,1.5707963267948966,1.5707963267948966]",cycle,2e0073c4b9304ff360092232ebb089fc1f79a7f26dc83b48cb6f92982e5f6f50,2028,m2:cycle:n18:p3:g2028:a1,18,3,1
"[0.39269908169872414,1.1780972450961724,1.1780972450961724]",ebe5ef14378af377375c4e6b16f8d47f8eac27ef3a166f48e86c9f779fb5a012,"[[0,1],[0,17],[1,2],[2,3],[3,4],[4,5],[5,6],[6,7],[7,8],[8,9],[9,10],[10,11],[11,12],[12,13],[13,14],[14,15],[15,16],[16,17]]","[2.356194490192345,0.7853981633974483,0.7853981633974483]",cycle,2e0073c4b9304ff360092232ebb089fc1f79a7f26dc83b48cb6f92982e5f6f50,2028,m2:cycle:n18:p3:g2028:a2,18,3,2
"[1.1780972450961724,0.39269908169872414,0.39269908169872414]",a8cd50e9fdc42d62bade9ecabadfb8158f28373a4856c7c43e2106518cf62da5,"[[0,1],[0,17],[1,2],[2,3],[3,4],[4,5],[5,6],[6,7],[7,8],[8,9],[9,10],[10,11],[11,12],[12,13],[13,14],[14,15],[15,16],[16,17]]","[0.7853981633974483,2.356194490192345,2.356194490192345]",cycle,2e0073c4b9304ff360092232ebb089fc1f79a7f26dc83b48cb6f92982e5f6f50,2028,m2:cycle:n18:p3:g2028:a3,18,3,3
[0.0],fd2de602155d0cddaa99bbcc14802cb0c6a947773f7e43a8c778ee1463f37613,"[[0,1],[0,19],[1,2],[2,3],[3,4],[4,5],[5,6],[6,7],[7,8],[8,9],[9,10],[10,11],[11,12],[12,13],[13,14],[14,15],[15,16],[16,17],[17,18],[18,19]]",[0.0],cycle,a24bd63a2a036996506261aba934be78804a1dd81637e922889dca06b413c4ee,2026,m2:cycle:n20:p1:g2026:a0,20,1,0
[0.7853981633974483],f6700b87d0c7842f5161e79e0d425d341200244b8ed390a0d02eaeab588396ec,"[[0,1],[0,19],[1,2],[2,3],[3,4],[4,5],[5,6],[6,7],[7,8],[8,9],[9,10],[10,11],[11,12],[12,13],[13,14],[14,15],[15,16],[16,17],[17,18],[18,19]]",[1.5707963267948966],cycle,a24bd63a2a036996506261aba934be78804a1dd81637e922889dca06b413c4ee,2026,m2:cycle:n20:p1:g2026:a1,20,1,1
[0.39269908169872414],ba1aca1b743e5b8ca4868563ad05221a3caa93e06fa296b5250e06d1bb7c7f5b,"[[0,1],[0,19],[1,2],[2,3],[3,4],[4,5],[5,6],[6,7],[7,8],[8,9],[9,10],[10,11],[11,12],[12,13],[13,14],[14,15],[15,16],[16,17],[17,18],[18,19]]",[2.356194490192345],cycle,a24bd63a2a036996506261aba934be78804a1dd81637e922889dca06b413c4ee,2026,m2:cycle:n20:p1:g2026:a2,20,1,2
[1.1780972450961724],1d28994aeb215dab357d28d0d1047f8de1639a676cb56f235f1a54c63f8b8057,"[[0,1],[0,19],[1,2],[2,3],[3,4],[4,5],[5,6],[6,7],[7,8],[8,9],[9,10],[10,11],[11,12],[12,13],[13,14],[14,15],[15,16],[16,17],[17,18],[18,19]]",[0.7853981633974483],cycle,a24bd63a2a036996506261aba934be78804a1dd81637e922889dca06b413c4ee,2026,m2:cycle:n20:p1:g2026:a3,20,1,3
[0.0],fb510734b2e68ee7ae5d491a2e1bec2b850745aa158d4f3e72ef1901df03cfd7,"[[0,1],[0,19],[1,2],[2,3],[3,4],[4,5],[5,6],[6,7],[7,8],[8,9],[9,10],[10,11],[11,12],[12,13],[13,14],[14,15],[15,16],[16,17],[17,18],[18,19]]",[0.0],cycle,4c81de28557edee3be6d2d105e5943088cc00ea5b8c90f21c02b5983a323b15c,2027,m2:cycle:n20:p1:g2027:a0,20,1,0
[0.7853981633974483],927d14085badfc7ec2ffd9aa186fe4d6b07794813cfa4d8a19c70bccc3fcc117,"[[0,1],[0,19],[1,2],[2,3],[3,4],[4,5],[5,6],[6,7],[7,8],[8,9],[9,10],[10,11],[11,12],[12,13],[13,14],[14,15],[15,16],[16,17],[17,18],[18,19]]",[1.5707963267948966],cycle,4c81de28557edee3be6d2d105e5943088cc00ea5b8c90f21c02b5983a323b15c,2027,m2:cycle:n20:p1:g2027:a1,20,1,1
[0.39269908169872414],c33b9d01fb365dbd0dc6d224c006beea836daec8b77ba150b1ec8b842099d813,"[[0,1],[0,19],[1,2],[2,3],[3,4],[4,5],[5,6],[6,7],[7,8],[8,9],[9,10],[10,11],[11,12],[12,13],[13,14],[14,15],[15,16],[16,17],[17,18],[18,19]]",[2.356194490192345],cycle,4c81de28557edee3be6d2d105e5943088cc00ea5b8c90f21c02b5983a323b15c,2027,m2:cycle:n20:p1:g2027:a2,20,1,2
[1.1780972450961724],e40f29c46e7ddf16eb95de324b6a48f00b9b864bb7207595662d4aacb26b46a8,"[[0,1],[0,19],[1,2],[2,3],[3,4],[4,5],[5,6],[6,7],[7,8],[8,9],[9,10],[10,11],[11,12],[12,13],[13,14],[14,15],[15,16],[16,17],[17,18],[18,19]]",[0.7853981633974483],cycle,4c81de28557edee3be6d2d105e5943088cc00ea5b8c90f21c02b5983a323b15c,2027,m2:cycle:n20:p1:g2027:a3,20,1,3
[0.0],00a8e5b12aadc09be19c0be524ffd1254eb1f7b285b9fffb800e45e05aab3571,"[[0,1],[0,19],[1,2],[2,3],[3,4],[4,5],[5,6],[6,7],[7,8],[8,9],[9,10],[10,11],[11,12],[12,13],[13,14],[14,15],[15,16],[16,17],[17,18],[18,19]]",[0.0],cycle,495fec0520e5743fb1371dc893e6fcdac11409d18fb45457591e07d89ff741fa,2028,m2:cycle:n20:p1:g2028:a0,20,1,0
[0.7853981633974483],5c98a0dbbe94fda5085b48f6cbc7c716016df1bf5845ac171a3aa0f6f8de262b,"[[0,1],[0,19],[1,2],[2,3],[3,4],[4,5],[5,6],[6,7],[7,8],[8,9],[9,10],[10,11],[11,12],[12,13],[13,14],[14,15],[15,16],[16,17],[17,18],[18,19]]",[1.5707963267948966],cycle,495fec0520e5743fb1371dc893e6fcdac11409d18fb45457591e07d89ff741fa,2028,m2:cycle:n20:p1:g2028:a1,20,1,1
[0.39269908169872414],9a9e576fea31223ac491c4eb7a8703df2bcde982fb3a4aa2d3f0352f47a0a9af,"[[0,1],[0,19],[1,2],[2,3],[3,4],[4,5],[5,6],[6,7],[7,8],[8,9],[9,10],[10,11],[11,12],[12,13],[13,14],[14,15],[15,16],[16,17],[17,18],[18,19]]",[2.356194490192345],cycle,495fec0520e5743fb1371dc893e6fcdac11409d18fb45457591e07d89ff741fa,2028,m2:cycle:n20:p1:g2028:a2,20,1,2
[1.1780972450961724],6cda3f1e04ca7df3adec3f8ced1c4b018a807e81e6c6ffe66b50c889fe7f871b,"[[0,1],[0,19],[1,2],[2,3],[3,4],[4,5],[5,6],[6,7],[7,8],[8,9],[9,10],[10,11],[11,12],[12,13],[13,14],[14,15],[15,16],[16,17],[17,18],[18,19]]",[0.7853981633974483],cycle,495fec0520e5743fb1371dc893e6fcdac11409d18fb45457591e07d89ff741fa,2028,m2:cycle:n20:p1:g2028:a3,20,1,3
"[0.0,0.0]",bab2a96ccabb8e63efd7004dfa4f56aee6f522ff6545795022d0d7ddaa429047,"[[0,1],[0,19],[1,2],[2,3],[3,4],[4,5],[5,6],[6,7],[7,8],[8,9],[9,10],[10,11],[11,12],[12,13],[13,14],[14,15],[15,16],[16,17],[17,18],[18,19]]","[0.0,0.0]",cycle,a24bd63a2a036996506261aba934be78804a1dd81637e922889dca06b413c4ee,2026,m2:cycle:n20:p2:g2026:a0,20,2,0
"[0.7853981633974483,0.7853981633974483]",6cdd520d603873eb0fc5cae886037a91a4d3f669251d253e4682a07ba405d0c2,"[[0,1],[0,19],[1,2],[2,3],[3,4],[4,5],[5,6],[6,7],[7,8],[8,9],[9,10],[10,11],[11,12],[12,13],[13,14],[14,15],[15,16],[16,17],[17,18],[18,19]]","[1.5707963267948966,1.5707963267948966]",cycle,a24bd63a2a036996506261aba934be78804a1dd81637e922889dca06b413c4ee,2026,m2:cycle:n20:p2:g2026:a1,20,2,1
"[0.39269908169872414,1.1780972450961724]",b0971789ae632f812fc3704d094836db942de25083966b19a7052c9c7bb576d1,"[[0,1],[0,19],[1,2],[2,3],[3,4],[4,5],[5,6],[6,7],[7,8],[8,9],[9,10],[10,11],[11,12],[12,13],[13,14],[14,15],[15,16],[16,17],[17,18],[18,19]]","[2.356194490192345,0.7853981633974483]",cycle,a24bd63a2a036996506261aba934be78804a1dd81637e922889dca06b413c4ee,2026,m2:cycle:n20:p2:g2026:a2,20,2,2
"[1.1780972450961724,0.39269908169872414]",dbc75bceb0c311731947aaaf0ab7b6a93a3e51544baca9b268e09c65b7143017,"[[0,1],[0,19],[1,2],[2,3],[3,4],[4,5],[5,6],[6,7],[7,8],[8,9],[9,10],[10,11],[11,12],[12,13],[13,14],[14,15],[15,16],[16,17],[17,18],[18,19]]","[0.7853981633974483,2.356194490192345]",cycle,a24bd63a2a036996506261aba934be78804a1dd81637e922889dca06b413c4ee,2026,m2:cycle:n20:p2:g2026:a3,20,2,3
"[0.0,0.0]",09576187faa7c20941479f38b6d2ab76d2a8b1c813d48aa5da3196f635dadd22,"[[0,1],[0,19],[1,2],[2,3],[3,4],[4,5],[5,6],[6,7],[7,8],[8,9],[9,10],[10,11],[11,12],[12,13],[13,14],[14,15],[15,16],[16,17],[17,18],[18,19]]","[0.0,0.0]",cycle,4c81de28557edee3be6d2d105e5943088cc00ea5b8c90f21c02b5983a323b15c,2027,m2:cycle:n20:p2:g2027:a0,20,2,0
"[0.7853981633974483,0.7853981633974483]",844bba7c9475c0cd893b2af3aee2c8dcd997195b0c65ab4f2d064b47181b7f63,"[[0,1],[0,19],[1,2],[2,3],[3,4],[4,5],[5,6],[6,7],[7,8],[8,9],[9,10],[10,11],[11,12],[12,13],[13,14],[14,15],[15,16],[16,17],[17,18],[18,19]]","[1.5707963267948966,1.5707963267948966]",cycle,4c81de28557edee3be6d2d105e5943088cc00ea5b8c90f21c02b5983a323b15c,2027,m2:cycle:n20:p2:g2027:a1,20,2,1
"[0.39269908169872414,1.1780972450961724]",c402c869e35da1e8d1d0ff10fe0d79ee8a932c195fef9657eccabee43150966f,"[[0,1],[0,19],[1,2],[2,3],[3,4],[4,5],[5,6],[6,7],[7,8],[8,9],[9,10],[10,11],[11,12],[12,13],[13,14],[14,15],[15,16],[16,17],[17,18],[18,19]]","[2.356194490192345,0.7853981633974483]",cycle,4c81de28557edee3be6d2d105e5943088cc00ea5b8c90f21c02b5983a323b15c,2027,m2:cycle:n20:p2:g2027:a2,20,2,2
"[1.1780972450961724,0.39269908169872414]",e189e31b09d1e06b72bae3d732b3bb21d2735abd7a6c199a16f0f0f7457f877b,"[[0,1],[0,19],[1,2],[2,3],[3,4],[4,5],[5,6],[6,7],[7,8],[8,9],[9,10],[10,11],[11,12],[12,13],[13,14],[14,15],[15,16],[16,17],[17,18],[18,19]]","[0.7853981633974483,2.356194490192345]",cycle,4c81de28557edee3be6d2d105e5943088cc00ea5b8c90f21c02b5983a323b15c,2027,m2:cycle:n20:p2:g2027:a3,20,2,3
"[0.0,0.0]",860177c53842105a38dfb15de5dcea6fb6c34995a91b57e05b6d1414a21b2b9b,"[[0,1],[0,19],[1,2],[2,3],[3,4],[4,5],[5,6],[6,7],[7,8],[8,9],[9,10],[10,11],[11,12],[12,13],[13,14],[14,15],[15,16],[16,17],[17,18],[18,19]]","[0.0,0.0]",cycle,495fec0520e5743fb1371dc893e6fcdac11409d18fb45457591e07d89ff741fa,2028,m2:cycle:n20:p2:g2028:a0,20,2,0
"[0.7853981633974483,0.7853981633974483]",e68d067ab0e79e2aad34b900741c49b93031e9fd32cf55f71b8cb0e20a001e81,"[[0,1],[0,19],[1,2],[2,3],[3,4],[4,5],[5,6],[6,7],[7,8],[8,9],[9,10],[10,11],[11,12],[12,13],[13,14],[14,15],[15,16],[16,17],[17,18],[18,19]]","[1.5707963267948966,1.5707963267948966]",cycle,495fec0520e5743fb1371dc893e6fcdac11409d18fb45457591e07d89ff741fa,2028,m2:cycle:n20:p2:g2028:a1,20,2,1
"[0.39269908169872414,1.1780972450961724]",c836fdf3d475992f6de6cd7eba3c4cc8242b80a40fa63fdc4c7400be93f355a0,"[[0,1],[0,19],[1,2],[2,3],[3,4],[4,5],[5,6],[6,7],[7,8],[8,9],[9,10],[10,11],[11,12],[12,13],[13,14],[14,15],[15,16],[16,17],[17,18],[18,19]]","[2.356194490192345,0.7853981633974483]",cycle,495fec0520e5743fb1371dc893e6fcdac11409d18fb45457591e07d89ff741fa,2028,m2:cycle:n20:p2:g2028:a2,20,2,2
"[1.1780972450961724,0.39269908169872414]",faf08327b5e90b5eebc0f12f5818847d6520f96b6a4ad5bdd72c09a6b93c105a,"[[0,1],[0,19],[1,2],[2,3],[3,4],[4,5],[5,6],[6,7],[7,8],[8,9],[9,10],[10,11],[11,12],[12,13],[13,14],[14,15],[15,16],[16,17],[17,18],[18,19]]","[0.7853981633974483,2.356194490192345]",cycle,495fec0520e5743fb1371dc893e6fcdac11409d18fb45457591e07d89ff741fa,2028,m2:cycle:n20:p2:g2028:a3,20,2,3
"[0.0,0.0,0.0]",683568123908a9cc09a3f4422f0bdaf8e66bef6f4c96b42e80cb9d4a538ad14f,"[[0,1],[0,19],[1,2],[2,3],[3,4],[4,5],[5,6],[6,7],[7,8],[8,9],[9,10],[10,11],[11,12],[12,13],[13,14],[14,15],[15,16],[16,17],[17,18],[18,19]]","[0.0,0.0,0.0]",cycle,a24bd63a2a036996506261aba934be78804a1dd81637e922889dca06b413c4ee,2026,m2:cycle:n20:p3:g2026:a0,20,3,0
"[0.7853981633974483,0.7853981633974483,0.7853981633974483]",6a99b368ce3b661ee58b1ea5ae1de86a64f64a713ec2999992a377898bb23da6,"[[0,1],[0,19],[1,2],[2,3],[3,4],[4,5],[5,6],[6,7],[7,8],[8,9],[9,10],[10,11],[11,12],[12,13],[13,14],[14,15],[15,16],[16,17],[17,18],[18,19]]","[1.5707963267948966,1.5707963267948966,1.5707963267948966]",cycle,a24bd63a2a036996506261aba934be78804a1dd81637e922889dca06b413c4ee,2026,m2:cycle:n20:p3:g2026:a1,20,3,1
"[0.39269908169872414,1.1780972450961724,1.1780972450961724]",e57666e3b4278268b76754a7baaabb34b4801b684a5a9eddfa67ce20aae90d62,"[[0,1],[0,19],[1,2],[2,3],[3,4],[4,5],[5,6],[6,7],[7,8],[8,9],[9,10],[10,11],[11,12],[12,13],[13,14],[14,15],[15,16],[16,17],[17,18],[18,19]]","[2.356194490192345,0.7853981633974483,0.7853981633974483]",cycle,a24bd63a2a036996506261aba934be78804a1dd81637e922889dca06b413c4ee,2026,m2:cycle:n20:p3:g2026:a2,20,3,2
"[1.1780972450961724,0.39269908169872414,0.39269908169872414]",25f95d8725c5de4bc59ef22c1449afcc93045ec74bd1ac84ed2965912179509e,"[[0,1],[0,19],[1,2],[2,3],[3,4],[4,5],[5,6],[6,7],[7,8],[8,9],[9,10],[10,11],[11,12],[12,13],[13,14],[14,15],[15,16],[16,17],[17,18],[18,19]]","[0.7853981633974483,2.356194490192345,2.356194490192345]",cycle,a24bd63a2a036996506261aba934be78804a1dd81637e922889dca06b413c4ee,2026,m2:cycle:n20:p3:g2026:a3,20,3,3
"[0.0,0.0,0.0]",e0c939d940b97d4bc27892f69648756b19c05b93dca0d03cf85fc553f609c6bc,"[[0,1],[0,19],[1,2],[2,3],[3,4],[4,5],[5,6],[6,7],[7,8],[8,9],[9,10],[10,11],[11,12],[12,13],[13,14],[14,15],[15,16],[16,17],[17,18],[18,19]]","[0.0,0.0,0.0]",cycle,4c81de28557edee3be6d2d105e5943088cc00ea5b8c90f21c02b5983a323b15c,2027,m2:cycle:n20:p3:g2027:a0,20,3,0
"[0.7853981633974483,0.7853981633974483,0.7853981633974483]",c8d433d4f0bce121fa281792bc5f2e88cea0eebc17198594fe842d5093d9c161,"[[0,1],[0,19],[1,2],[2,3],[3,4],[4,5],[5,6],[6,7],[7,8],[8,9],[9,10],[10,11],[11,12],[12,13],[13,14],[14,15],[15,16],[16,17],[17,18],[18,19]]","[1.5707963267948966,1.5707963267948966,1.5707963267948966]",cycle,4c81de28557edee3be6d2d105e5943088cc00ea5b8c90f21c02b5983a323b15c,2027,m2:cycle:n20:p3:g2027:a1,20,3,1
"[0.39269908169872414,1.1780972450961724,1.1780972450961724]",96e7a90383651b6adfd6738b31d5f4d8b77d2e55cac7b50451ce0b77a5ceb788,"[[0,1],[0,19],[1,2],[2,3],[3,4],[4,5],[5,6],[6,7],[7,8],[8,9],[9,10],[10,11],[11,12],[12,13],[13,14],[14,15],[15,16],[16,17],[17,18],[18,19]]","[2.356194490192345,0.7853981633974483,0.7853981633974483]",cycle,4c81de28557edee3be6d2d105e5943088cc00ea5b8c90f21c02b5983a323b15c,2027,m2:cycle:n20:p3:g2027:a2,20,3,2
"[1.1780972450961724,0.39269908169872414,0.39269908169872414]",f920a0f9a4ffccac8bac549a7a614e382e0eaeb880a9a0ff5294493f38242335,"[[0,1],[0,19],[1,2],[2,3],[3,4],[4,5],[5,6],[6,7],[7,8],[8,9],[9,10],[10,11],[11,12],[12,13],[13,14],[14,15],[15,16],[16,17],[17,18],[18,19]]","[0.7853981633974483,2.356194490192345,2.356194490192345]",cycle,4c81de28557edee3be6d2d105e5943088cc00ea5b8c90f21c02b5983a323b15c,2027,m2:cycle:n20:p3:g2027:a3,20,3,3
"[0.0,0.0,0.0]",39303e0ca3040009392c47493d36e98b3cb3163b1802ac0c5c706da5b0de16f9,"[[0,1],[0,19],[1,2],[2,3],[3,4],[4,5],[5,6],[6,7],[7,8],[8,9],[9,10],[10,11],[11,12],[12,13],[13,14],[14,15],[15,16],[16,17],[17,18],[18,19]]","[0.0,0.0,0.0]",cycle,495fec0520e5743fb1371dc893e6fcdac11409d18fb45457591e07d89ff741fa,2028,m2:cycle:n20:p3:g2028:a0,20,3,0
"[0.7853981633974483,0.7853981633974483,0.7853981633974483]",0f3b90f35e90090b00ced9c05b04b26cc1fde6c1710cb883a1efb4adfba3d591,"[[0,1],[0,19],[1,2],[2,3],[3,4],[4,5],[5,6],[6,7],[7,8],[8,9],[9,10],[10,11],[11,12],[12,13],[13,14],[14,15],[15,16],[16,17],[17,18],[18,19]]","[1.5707963267948966,1.5707963267948966,1.5707963267948966]",cycle,495fec0520e5743fb1371dc893e6fcdac11409d18fb45457591e07d89ff741fa,2028,m2:cycle:n20:p3:g2028:a1,20,3,1
"[0.39269908169872414,1.1780972450961724,1.1780972450961724]",873138c25c33f9c9923fdf9c5e7bb79929191696c6b9006f51033c1e63c36524,"[[0,1],[0,19],[1,2],[2,3],[3,4],[4,5],[5,6],[6,7],[7,8],[8,9],[9,10],[10,11],[11,12],[12,13],[13,14],[14,15],[15,16],[16,17],[17,18],[18,19]]","[2.356194490192345,0.7853981633974483,0.7853981633974483]",cycle,495fec0520e5743fb1371dc893e6fcdac11409d18fb45457591e07d89ff741fa,2028,m2:cycle:n20:p3:g2028:a2,20,3,2
"[1.1780972450961724,0.39269908169872414,0.39269908169872414]",22f77690074d143a2f0b1d1e49263aa64b06acc972cd3c2f88d3f2478b641524,"[[0,1],[0,19],[1,2],[2,3],[3,4],[4,5],[5,6],[6,7],[7,8],[8,9],[9,10],[10,11],[11,12],[12,13],[13,14],[14,15],[15,16],[16,17],[17,18],[18,19]]","[0.7853981633974483,2.356194490192345,2.356194490192345]",cycle,495fec0520e5743fb1371dc893e6fcdac11409d18fb45457591e07d89ff741fa,2028,m2:cycle:n20:p3:g2028:a3,20,3,3
[0.0],3b0cfd354d88961a01683fe25c6794897ba8f8a301453c7d7515b7ca5a6ce374,"[[0,1],[0,21],[1,2],[2,3],[3,4],[4,5],[5,6],[6,7],[7,8],[8,9],[9,10],[10,11],[11,12],[12,13],[13,14],[14,15],[15,16],[16,17],[17,18],[18,19],[19,20],[20,21]]",[0.0],cycle,6ee154e441e27332c8110d40c3c3d7f6b372c28ed0011a12a2f37c299b3efbd3,2026,m2:cycle:n22:p1:g2026:a0,22,1,0
[0.7853981633974483],0504e177324182525b5dc63753bf725a2d1ccb7f8b17a361d4a22d11f5346855,"[[0,1],[0,21],[1,2],[2,3],[3,4],[4,5],[5,6],[6,7],[7,8],[8,9],[9,10],[10,11],[11,12],[12,13],[13,14],[14,15],[15,16],[16,17],[17,18],[18,19],[19,20],[20,21]]",[1.5707963267948966],cycle,6ee154e441e27332c8110d40c3c3d7f6b372c28ed0011a12a2f37c299b3efbd3,2026,m2:cycle:n22:p1:g2026:a1,22,1,1
[0.39269908169872414],c5ae5925dcbfef7b000445207ed327b073ca10fd14e76454ea8415c0b1c719fb,"[[0,1],[0,21],[1,2],[2,3],[3,4],[4,5],[5,6],[6,7],[7,8],[8,9],[9,10],[10,11],[11,12],[12,13],[13,14],[14,15],[15,16],[16,17],[17,18],[18,19],[19,20],[20,21]]",[2.356194490192345],cycle,6ee154e441e27332c8110d40c3c3d7f6b372c28ed0011a12a2f37c299b3efbd3,2026,m2:cycle:n22:p1:g2026:a2,22,1,2
[1.1780972450961724],763b14e7ea855043204098c335e1cd8080829a80c3ddcbabed0434364110448d,"[[0,1],[0,21],[1,2],[2,3],[3,4],[4,5],[5,6],[6,7],[7,8],[8,9],[9,10],[10,11],[11,12],[12,13],[13,14],[14,15],[15,16],[16,17],[17,18],[18,19],[19,20],[20,21]]",[0.7853981633974483],cycle,6ee154e441e27332c8110d40c3c3d7f6b372c28ed0011a12a2f37c299b3efbd3,2026,m2:cycle:n22:p1:g2026:a3,22,1,3
[0.0],88a86bf6d0561556672b9c61db22048d023ff059842908360ae8676736111a91,"[[0,1],[0,21],[1,2],[2,3],[3,4],[4,5],[5,6],[6,7],[7,8],[8,9],[9,10],[10,11],[11,12],[12,13],[13,14],[14,15],[15,16],[16,17],[17,18],[18,19],[19,20],[20,21]]",[0.0],cycle,ad2fc92741952ee6d9b66cbdc45fbc8152eb6f1625df1157303fb5c978b14ff0,2027,m2:cycle:n22:p1:g2027:a0,22,1,0
[0.7853981633974483],75fa924318400075088bec072cc1676e244dc27bc3164f68cfb092cffe8db6c5,"[[0,1],[0,21],[1,2],[2,3],[3,4],[4,5],[5,6],[6,7],[7,8],[8,9],[9,10],[10,11],[11,12],[12,13],[13,14],[14,15],[15,16],[16,17],[17,18],[18,19],[19,20],[20,21]]",[1.5707963267948966],cycle,ad2fc92741952ee6d9b66cbdc45fbc8152eb6f1625df1157303fb5c978b14ff0,2027,m2:cycle:n22:p1:g2027:a1,22,1,1
[0.39269908169872414],3f0c437b27640f8c9200dd2a863541919da0eff5a8c745cdb738c4c78cb4be3c,"[[0,1],[0,21],[1,2],[2,3],[3,4],[4,5],[5,6],[6,7],[7,8],[8,9],[9,10],[10,11],[11,12],[12,13],[13,14],[14,15],[15,16],[16,17],[17,18],[18,19],[19,20],[20,21]]",[2.356194490192345],cycle,ad2fc92741952ee6d9b66cbdc45fbc8152eb6f1625df1157303fb5c978b14ff0,2027,m2:cycle:n22:p1:g2027:a2,22,1,2
[1.1780972450961724],342e990a1ccbb508ecaef0dcef9b0aa73f602a5b66107f1e85d338ea38311626,"[[0,1],[0,21],[1,2],[2,3],[3,4],[4,5],[5,6],[6,7],[7,8],[8,9],[9,10],[10,11],[11,12],[12,13],[13,14],[14,15],[15,16],[16,17],[17,18],[18,19],[19,20],[20,21]]",[0.7853981633974483],cycle,ad2fc92741952ee6d9b66cbdc45fbc8152eb6f1625df1157303fb5c978b14ff0,2027,m2:cycle:n22:p1:g2027:a3,22,1,3
[0.0],a31def2f4b1b77912ac64fe9bb0235f0b6e89b4eb94123b5500b5ad15477606d,"[[0,1],[0,21],[1,2],[2,3],[3,4],[4,5],[5,6],[6,7],[7,8],[8,9],[9,10],[10,11],[11,12],[12,13],[13,14],[14,15],[15,16],[16,17],[17,18],[18,19],[19,20],[20,21]]",[0.0],cycle,7760a6d7189895f160d6400c0c89b82808d60cbb3db65e80733c0ceceaf5db95,2028,m2:cycle:n22:p1:g2028:a0,22,1,0
[0.7853981633974483],3bca82c25b408e13adf6ac994bc0ef9afc895a162bf8a74dd518d4cc95c56196,"[[0,1],[0,21],[1,2],[2,3],[3,4],[4,5],[5,6],[6,7],[7,8],[8,9],[9,10],[10,11],[11,12],[12,13],[13,14],[14,15],[15,16],[16,17],[17,18],[18,19],[19,20],[20,21]]",[1.5707963267948966],cycle,7760a6d7189895f160d6400c0c89b82808d60cbb3db65e80733c0ceceaf5db95,2028,m2:cycle:n22:p1:g2028:a1,22,1,1
[0.39269908169872414],0495a7fc6786ae77df3784d7f7d24faee377ff35540f96bad28104a2d69a150b,"[[0,1],[0,21],[1,2],[2,3],[3,4],[4,5],[5,6],[6,7],[7,8],[8,9],[9,10],[10,11],[11,12],[12,13],[13,14],[14,15],[15,16],[16,17],[17,18],[18,19],[19,20],[20,21]]",[2.356194490192345],cycle,7760a6d7189895f160d6400c0c89b82808d60cbb3db65e80733c0ceceaf5db95,2028,m2:cycle:n22:p1:g2028:a2,22,1,2
[1.1780972450961724],c74a606240ff434f81b0419ed727c669dfd8fcf3ab416a99c99be01df405979f,"[[0,1],[0,21],[1,2],[2,3],[3,4],[4,5],[5,6],[6,7],[7,8],[8,9],[9,10],[10,11],[11,12],[12,13],[13,14],[14,15],[15,16],[16,17],[17,18],[18,19],[19,20],[20,21]]",[0.7853981633974483],cycle,7760a6d7189895f160d6400c0c89b82808d60cbb3db65e80733c0ceceaf5db95,2028,m2:cycle:n22:p1:g2028:a3,22,1,3
"[0.0,0.0]",ebce7627f9da7f8510b6320df7580e2a45c91e6636d773b5fa10f07fa948ed5c,"[[0,1],[0,21],[1,2],[2,3],[3,4],[4,5],[5,6],[6,7],[7,8],[8,9],[9,10],[10,11],[11,12],[12,13],[13,14],[14,15],[15,16],[16,17],[17,18],[18,19],[19,20],[20,21]]","[0.0,0.0]",cycle,6ee154e441e27332c8110d40c3c3d7f6b372c28ed0011a12a2f37c299b3efbd3,2026,m2:cycle:n22:p2:g2026:a0,22,2,0
"[0.7853981633974483,0.7853981633974483]",43021ac9084962d12485e3d8e1762138aae578de8e6de3ba664ef0ca4c544121,"[[0,1],[0,21],[1,2],[2,3],[3,4],[4,5],[5,6],[6,7],[7,8],[8,9],[9,10],[10,11],[11,12],[12,13],[13,14],[14,15],[15,16],[16,17],[17,18],[18,19],[19,20],[20,21]]","[1.5707963267948966,1.5707963267948966]",cycle,6ee154e441e27332c8110d40c3c3d7f6b372c28ed0011a12a2f37c299b3efbd3,2026,m2:cycle:n22:p2:g2026:a1,22,2,1
"[0.39269908169872414,1.1780972450961724]",cd687db1e76aebddffbddb127e7916fb02a449fd200a99bdb5d5f6b28db9df87,"[[0,1],[0,21],[1,2],[2,3],[3,4],[4,5],[5,6],[6,7],[7,8],[8,9],[9,10],[10,11],[11,12],[12,13],[13,14],[14,15],[15,16],[16,17],[17,18],[18,19],[19,20],[20,21]]","[2.356194490192345,0.7853981633974483]",cycle,6ee154e441e27332c8110d40c3c3d7f6b372c28ed0011a12a2f37c299b3efbd3,2026,m2:cycle:n22:p2:g2026:a2,22,2,2
"[1.1780972450961724,0.39269908169872414]",bc717b563876771f8d64d1e52824b498cdca4aadfdb25e8ba19369a7ea93f665,"[[0,1],[0,21],[1,2],[2,3],[3,4],[4,5],[5,6],[6,7],[7,8],[8,9],[9,10],[10,11],[11,12],[12,13],[13,14],[14,15],[15,16],[16,17],[17,18],[18,19],[19,20],[20,21]]","[0.7853981633974483,2.356194490192345]",cycle,6ee154e441e27332c8110d40c3c3d7f6b372c28ed0011a12a2f37c299b3efbd3,2026,m2:cycle:n22:p2:g2026:a3,22,2,3
"[0.0,0.0]",7b7528da70dcee9f2968d7ac87aa465a30fd7aa8dc83fb7c783d58d814d96b95,"[[0,1],[0,21],[1,2],[2,3],[3,4],[4,5],[5,6],[6,7],[7,8],[8,9],[9,10],[10,11],[11,12],[12,13],[13,14],[14,15],[15,16],[16,17],[17,18],[18,19],[19,20],[20,21]]","[0.0,0.0]",cycle,ad2fc92741952ee6d9b66cbdc45fbc8152eb6f1625df1157303fb5c978b14ff0,2027,m2:cycle:n22:p2:g2027:a0,22,2,0
"[0.7853981633974483,0.7853981633974483]",9b261fec125d35b005a6db905ce785aef4b2ab50ec2464c7d42d79e42ace83d4,"[[0,1],[0,21],[1,2],[2,3],[3,4],[4,5],[5,6],[6,7],[7,8],[8,9],[9,10],[10,11],[11,12],[12,13],[13,14],[14,15],[15,16],[16,17],[17,18],[18,19],[19,20],[20,21]]","[1.5707963267948966,1.5707963267948966]",cycle,ad2fc92741952ee6d9b66cbdc45fbc8152eb6f1625df1157303fb5c978b14ff0,2027,m2:cycle:n22:p2:g2027:a1,22,2,1
"[0.39269908169872414,1.1780972450961724]",49cef2fc7199a2d8306a80fc3aeb48045579e7aa1187298990fa93f95c8ab173,"[[0,1],[0,21],[1,2],[2,3],[3,4],[4,5],[5,6],[6,7],[7,8],[8,9],[9,10],[10,11],[11,12],[12,13],[13,14],[14,15],[15,16],[16,17],[17,18],[18,19],[19,20],[20,21]]","[2.356194490192345,0.7853981633974483]",cycle,ad2fc92741952ee6d9b66cbdc45fbc8152eb6f1625df1157303fb5c978b14ff0,2027,m2:cycle:n22:p2:g2027:a2,22,2,2
"[1.1780972450961724,0.39269908169872414]",906e3f4663513b194d54a5a0b146204d4ad136df0190369dac4944fc29e9f989,"[[0,1],[0,21],[1,2],[2,3],[3,4],[4,5],[5,6],[6,7],[7,8],[8,9],[9,10],[10,11],[11,12],[12,13],[13,14],[14,15],[15,16],[16,17],[17,18],[18,19],[19,20],[20,21]]","[0.7853981633974483,2.356194490192345]",cycle,ad2fc92741952ee6d9b66cbdc45fbc8152eb6f1625df1157303fb5c978b14ff0,2027,m2:cycle:n22:p2:g2027:a3,22,2,3
"[0.0,0.0]",a4d91c90e06361e0a62695da5784c2ea1f040500b17b378014bcfdec15b9abd1,"[[0,1],[0,21],[1,2],[2,3],[3,4],[4,5],[5,6],[6,7],[7,8],[8,9],[9,10],[10,11],[11,12],[12,13],[13,14],[14,15],[15,16],[16,17],[17,18],[18,19],[19,20],[20,21]]","[0.0,0.0]",cycle,7760a6d7189895f160d6400c0c89b82808d60cbb3db65e80733c0ceceaf5db95,2028,m2:cycle:n22:p2:g2028:a0,22,2,0
"[0.7853981633974483,0.7853981633974483]",7773ef0805ef5c1f65b241e0e87daf0dcf2d4c3e4c3aaa66666cb3dcc51c36ac,"[[0,1],[0,21],[1,2],[2,3],[3,4],[4,5],[5,6],[6,7],[7,8],[8,9],[9,10],[10,11],[11,12],[12,13],[13,14],[14,15],[15,16],[16,17],[17,18],[18,19],[19,20],[20,21]]","[1.5707963267948966,1.5707963267948966]",cycle,7760a6d7189895f160d6400c0c89b82808d60cbb3db65e80733c0ceceaf5db95,2028,m2:cycle:n22:p2:g2028:a1,22,2,1
"[0.39269908169872414,1.1780972450961724]",d98f8f6fe98b0d609c0660243d1f4d95a651a20951ea7316daeacff6ce1de973,"[[0,1],[0,21],[1,2],[2,3],[3,4],[4,5],[5,6],[6,7],[7,8],[8,9],[9,10],[10,11],[11,12],[12,13],[13,14],[14,15],[15,16],[16,17],[17,18],[18,19],[19,20],[20,21]]","[2.356194490192345,0.7853981633974483]",cycle,7760a6d7189895f160d6400c0c89b82808d60cbb3db65e80733c0ceceaf5db95,2028,m2:cycle:n22:p2:g2028:a2,22,2,2
"[1.1780972450961724,0.39269908169872414]",54926e8fb9905d9dd16f8de05a0ed7bcd7e3ad806e77828302bda1461625ca16,"[[0,1],[0,21],[1,2],[2,3],[3,4],[4,5],[5,6],[6,7],[7,8],[8,9],[9,10],[10,11],[11,12],[12,13],[13,14],[14,15],[15,16],[16,17],[17,18],[18,19],[19,20],[20,21]]","[0.7853981633974483,2.356194490192345]",cycle,7760a6d7189895f160d6400c0c89b82808d60cbb3db65e80733c0ceceaf5db95,2028,m2:cycle:n22:p2:g2028:a3,22,2,3
"[0.0,0.0,0.0]",dece489f13dfad13e5042e9fb0c93d52bbcfebb220fd00bbb744a547a2c66b91,"[[0,1],[0,21],[1,2],[2,3],[3,4],[4,5],[5,6],[6,7],[7,8],[8,9],[9,10],[10,11],[11,12],[12,13],[13,14],[14,15],[15,16],[16,17],[17,18],[18,19],[19,20],[20,21]]","[0.0,0.0,0.0]",cycle,6ee154e441e27332c8110d40c3c3d7f6b372c28ed0011a12a2f37c299b3efbd3,2026,m2:cycle:n22:p3:g2026:a0,22,3,0
"[0.7853981633974483,0.7853981633974483,0.7853981633974483]",7d4697af4ef0278d3e8a49a3e79717d6acc1b08677769cd4fd02dd7917204478,"[[0,1],[0,21],[1,2],[2,3],[3,4],[4,5],[5,6],[6,7],[7,8],[8,9],[9,10],[10,11],[11,12],[12,13],[13,14],[14,15],[15,16],[16,17],[17,18],[18,19],[19,20],[20,21]]","[1.5707963267948966,1.5707963267948966,1.5707963267948966]",cycle,6ee154e441e27332c8110d40c3c3d7f6b372c28ed0011a12a2f37c299b3efbd3,2026,m2:cycle:n22:p3:g2026:a1,22,3,1
"[0.39269908169872414,1.1780972450961724,1.1780972450961724]",d60f028129fe393a2d82cfd1133bdc7a3bc59ac34ffe00e719338497cd8b81e8,"[[0,1],[0,21],[1,2],[2,3],[3,4],[4,5],[5,6],[6,7],[7,8],[8,9],[9,10],[10,11],[11,12],[12,13],[13,14],[14,15],[15,16],[16,17],[17,18],[18,19],[19,20],[20,21]]","[2.356194490192345,0.7853981633974483,0.7853981633974483]",cycle,6ee154e441e27332c8110d40c3c3d7f6b372c28ed0011a12a2f37c299b3efbd3,2026,m2:cycle:n22:p3:g2026:a2,22,3,2
"[1.1780972450961724,0.39269908169872414,0.39269908169872414]",af33732123d5f167fae14dd205af2fda759a326ed252c8434391bb30ce242da9,"[[0,1],[0,21],[1,2],[2,3],[3,4],[4,5],[5,6],[6,7],[7,8],[8,9],[9,10],[10,11],[11,12],[12,13],[13,14],[14,15],[15,16],[16,17],[17,18],[18,19],[19,20],[20,21]]","[0.7853981633974483,2.356194490192345,2.356194490192345]",cycle,6ee154e441e27332c8110d40c3c3d7f6b372c28ed0011a12a2f37c299b3efbd3,2026,m2:cycle:n22:p3:g2026:a3,22,3,3
"[0.0,0.0,0.0]",363ec27044c1bb2f03b3c195be5c68f3b98832d912ceb197eca299324d0c90ba,"[[0,1],[0,21],[1,2],[2,3],[3,4],[4,5],[5,6],[6,7],[7,8],[8,9],[9,10],[10,11],[11,12],[12,13],[13,14],[14,15],[15,16],[16,17],[17,18],[18,19],[19,20],[20,21]]","[0.0,0.0,0.0]",cycle,ad2fc92741952ee6d9b66cbdc45fbc8152eb6f1625df1157303fb5c978b14ff0,2027,m2:cycle:n22:p3:g2027:a0,22,3,0
"[0.7853981633974483,0.7853981633974483,0.7853981633974483]",886ad303ab71c47c5cbd1c685a75fed703b2996f4c33a3f00d69a1f54cfbaf89,"[[0,1],[0,21],[1,2],[2,3],[3,4],[4,5],[5,6],[6,7],[7,8],[8,9],[9,10],[10,11],[11,12],[12,13],[13,14],[14,15],[15,16],[16,17],[17,18],[18,19],[19,20],[20,21]]","[1.5707963267948966,1.5707963267948966,1.5707963267948966]",cycle,ad2fc92741952ee6d9b66cbdc45fbc8152eb6f1625df1157303fb5c978b14ff0,2027,m2:cycle:n22:p3:g2027:a1,22,3,1
"[0.39269908169872414,1.1780972450961724,1.1780972450961724]",e15aef36ff80d120e74abfa079be0aa5850ceb40e8b2fb0d7c04c2c79acbda8f,"[[0,1],[0,21],[1,2],[2,3],[3,4],[4,5],[5,6],[6,7],[7,8],[8,9],[9,10],[10,11],[11,12],[12,13],[13,14],[14,15],[15,16],[16,17],[17,18],[18,19],[19,20],[20,21]]","[2.356194490192345,0.7853981633974483,0.7853981633974483]",cycle,ad2fc92741952ee6d9b66cbdc45fbc8152eb6f1625df1157303fb5c978b14ff0,2027,m2:cycle:n22:p3:g2027:a2,22,3,2
"[1.1780972450961724,0.39269908169872414,0.39269908169872414]",4e5dd2134cc25dd8e2d299f069b625650cd7dd14d2f898f85bf3042965b5cd9e,"[[0,1],[0,21],[1,2],[2,3],[3,4],[4,5],[5,6],[6,7],[7,8],[8,9],[9,10],[10,11],[11,12],[12,13],[13,14],[14,15],[15,16],[16,17],[17,18],[18,19],[19,20],[20,21]]","[0.7853981633974483,2.356194490192345,2.356194490192345]",cycle,ad2fc92741952ee6d9b66cbdc45fbc8152eb6f1625df1157303fb5c978b14ff0,2027,m2:cycle:n22:p3:g2027:a3,22,3,3
"[0.0,0.0,0.0]",30c0f5cd11e7fabb9c92a82a0a1ecf9517c93470c6aee6651acbebece378e54d,"[[0,1],[0,21],[1,2],[2,3],[3,4],[4,5],[5,6],[6,7],[7,8],[8,9],[9,10],[10,11],[11,12],[12,13],[13,14],[14,15],[15,16],[16,17],[17,18],[18,19],[19,20],[20,21]]","[0.0,0.0,0.0]",cycle,7760a6d7189895f160d6400c0c89b82808d60cbb3db65e80733c0ceceaf5db95,2028,m2:cycle:n22:p3:g2028:a0,22,3,0
"[0.7853981633974483,0.7853981633974483,0.7853981633974483]",4c724a3db559c43fd15e73a8990b54b3f19dcb0c0eddd21a9aa2f40c9ab16c9a,"[[0,1],[0,21],[1,2],[2,3],[3,4],[4,5],[5,6],[6,7],[7,8],[8,9],[9,10],[10,11],[11,12],[12,13],[13,14],[14,15],[15,16],[16,17],[17,18],[18,19],[19,20],[20,21]]","[1.5707963267948966,1.5707963267948966,1.5707963267948966]",cycle,7760a6d7189895f160d6400c0c89b82808d60cbb3db65e80733c0ceceaf5db95,2028,m2:cycle:n22:p3:g2028:a1,22,3,1
"[0.39269908169872414,1.1780972450961724,1.1780972450961724]",553147ad7c1b559720f4c84de1596cbe9730f1844d2587f9656c4e41b776262a,"[[0,1],[0,21],[1,2],[2,3],[3,4],[4,5],[5,6],[6,7],[7,8],[8,9],[9,10],[10,11],[11,12],[12,13],[13,14],[14,15],[15,16],[16,17],[17,18],[18,19],[19,20],[20,21]]","[2.356194490192345,0.7853981633974483,0.7853981633974483]",cycle,7760a6d7189895f160d6400c0c89b82808d60cbb3db65e80733c0ceceaf5db95,2028,m2:cycle:n22:p3:g2028:a2,22,3,2
"[1.1780972450961724,0.39269908169872414,0.39269908169872414]",d46505221e7d3805467891486df462b7d220c3080323b5e45cca496eacb816be,"[[0,1],[0,21],[1,2],[2,3],[3,4],[4,5],[5,6],[6,7],[7,8],[8,9],[9,10],[10,11],[11,12],[12,13],[13,14],[14,15],[15,16],[16,17],[17,18],[18,19],[19,20],[20,21]]","[0.7853981633974483,2.356194490192345,2.356194490192345]",cycle,7760a6d7189895f160d6400c0c89b82808d60cbb3db65e80733c0ceceaf5db95,2028,m2:cycle:n22:p3:g2028:a3,22,3,3
[0.0],9cfe0d4ed5316ebaed28b4a088f248d3e41bf16c9ca0aec79f7f52e5adec7712,"[[0,1],[0,23],[1,2],[2,3],[3,4],[4,5],[5,6],[6,7],[7,8],[8,9],[9,10],[10,11],[11,12],[12,13],[13,14],[14,15],[15,16],[16,17],[17,18],[18,19],[19,20],[20,21],[21,22],[22,23]]",[0.0],cycle,c734f3f2e9396a3952f00ec8788f7f9c95191c1c624f9c542193d6040e40de21,2026,m2:cycle:n24:p1:g2026:a0,24,1,0
[0.7853981633974483],1f703cd0ffbed6e834ded5c02093d31b827990fc0e420a03e6583805546ce623,"[[0,1],[0,23],[1,2],[2,3],[3,4],[4,5],[5,6],[6,7],[7,8],[8,9],[9,10],[10,11],[11,12],[12,13],[13,14],[14,15],[15,16],[16,17],[17,18],[18,19],[19,20],[20,21],[21,22],[22,23]]",[1.5707963267948966],cycle,c734f3f2e9396a3952f00ec8788f7f9c95191c1c624f9c542193d6040e40de21,2026,m2:cycle:n24:p1:g2026:a1,24,1,1
[0.39269908169872414],56586c721eeefef63d557688f41420e2d4b38068d9d62e064b03d3eb761be9b5,"[[0,1],[0,23],[1,2],[2,3],[3,4],[4,5],[5,6],[6,7],[7,8],[8,9],[9,10],[10,11],[11,12],[12,13],[13,14],[14,15],[15,16],[16,17],[17,18],[18,19],[19,20],[20,21],[21,22],[22,23]]",[2.356194490192345],cycle,c734f3f2e9396a3952f00ec8788f7f9c95191c1c624f9c542193d6040e40de21,2026,m2:cycle:n24:p1:g2026:a2,24,1,2
[1.1780972450961724],ddc2f76b9bf6d8da4693b337ef8333791827089434e7fe46ff882f3ffec16ca5,"[[0,1],[0,23],[1,2],[2,3],[3,4],[4,5],[5,6],[6,7],[7,8],[8,9],[9,10],[10,11],[11,12],[12,13],[13,14],[14,15],[15,16],[16,17],[17,18],[18,19],[19,20],[20,21],[21,22],[22,23]]",[0.7853981633974483],cycle,c734f3f2e9396a3952f00ec8788f7f9c95191c1c624f9c542193d6040e40de21,2026,m2:cycle:n24:p1:g2026:a3,24,1,3
[0.0],340ebb4c6159579151e21ff0b5cb6ebc85868bb782702808d0c0ddbe09297f6d,"[[0,1],[0,23],[1,2],[2,3],[3,4],[4,5],[5,6],[6,7],[7,8],[8,9],[9,10],[10,11],[11,12],[12,13],[13,14],[14,15],[15,16],[16,17],[17,18],[18,19],[19,20],[20,21],[21,22],[22,23]]",[0.0],cycle,a55bce88eb19013f0687e906853f41adf6e29f27de373640c022ef6e1afeff90,2027,m2:cycle:n24:p1:g2027:a0,24,1,0
[0.7853981633974483],5658394a1be61fe76bd5ebe0a1ad2a0e006838eee7df0e9158ecb31e7de245b2,"[[0,1],[0,23],[1,2],[2,3],[3,4],[4,5],[5,6],[6,7],[7,8],[8,9],[9,10],[10,11],[11,12],[12,13],[13,14],[14,15],[15,16],[16,17],[17,18],[18,19],[19,20],[20,21],[21,22],[22,23]]",[1.5707963267948966],cycle,a55bce88eb19013f0687e906853f41adf6e29f27de373640c022ef6e1afeff90,2027,m2:cycle:n24:p1:g2027:a1,24,1,1
[0.39269908169872414],4d9351706a9b09b57febff452ced0332bc4d665a694cb134d6d73ba2c33436d2,"[[0,1],[0,23],[1,2],[2,3],[3,4],[4,5],[5,6],[6,7],[7,8],[8,9],[9,10],[10,11],[11,12],[12,13],[13,14],[14,15],[15,16],[16,17],[17,18],[18,19],[19,20],[20,21],[21,22],[22,23]]",[2.356194490192345],cycle,a55bce88eb19013f0687e906853f41adf6e29f27de373640c022ef6e1afeff90,2027,m2:cycle:n24:p1:g2027:a2,24,1,2
[1.1780972450961724],1db9cec2510ff7a8447e8d1b781ece8dd872cef6ee9bc01b73957b340b942642,"[[0,1],[0,23],[1,2],[2,3],[3,4],[4,5],[5,6],[6,7],[7,8],[8,9],[9,10],[10,11],[11,12],[12,13],[13,14],[14,15],[15,16],[16,17],[17,18],[18,19],[19,20],[20,21],[21,22],[22,23]]",[0.7853981633974483],cycle,a55bce88eb19013f0687e906853f41adf6e29f27de373640c022ef6e1afeff90,2027,m2:cycle:n24:p1:g2027:a3,24,1,3
[0.0],f925d0823cb66b905aae4c793a507751ae3c032d40804055402e581f0713dc06,"[[0,1],[0,23],[1,2],[2,3],[3,4],[4,5],[5,6],[6,7],[7,8],[8,9],[9,10],[10,11],[11,12],[12,13],[13,14],[14,15],[15,16],[16,17],[17,18],[18,19],[19,20],[20,21],[21,22],[22,23]]",[0.0],cycle,22ebf66021dcd4b781bb6458c63dc2a7b75d30e1a3f7a2e3cb27e237d75aa5f4,2028,m2:cycle:n24:p1:g2028:a0,24,1,0
[0.7853981633974483],7b8191e2ae92d286a3ab6d9d82f5f91ddc665331e3ba9aba5d0dda3c3a8474ad,"[[0,1],[0,23],[1,2],[2,3],[3,4],[4,5],[5,6],[6,7],[7,8],[8,9],[9,10],[10,11],[11,12],[12,13],[13,14],[14,15],[15,16],[16,17],[17,18],[18,19],[19,20],[20,21],[21,22],[22,23]]",[1.5707963267948966],cycle,22ebf66021dcd4b781bb6458c63dc2a7b75d30e1a3f7a2e3cb27e237d75aa5f4,2028,m2:cycle:n24:p1:g2028:a1,24,1,1
[0.39269908169872414],88674f077a18290c88f1f691ad00dd6f9dcdb0ddf6278523119d4f43f614d25e,"[[0,1],[0,23],[1,2],[2,3],[3,4],[4,5],[5,6],[6,7],[7,8],[8,9],[9,10],[10,11],[11,12],[12,13],[13,14],[14,15],[15,16],[16,17],[17,18],[18,19],[19,20],[20,21],[21,22],[22,23]]",[2.356194490192345],cycle,22ebf66021dcd4b781bb6458c63dc2a7b75d30e1a3f7a2e3cb27e237d75aa5f4,2028,m2:cycle:n24:p1:g2028:a2,24,1,2
[1.1780972450961724],c5f74a134dba084fb8f2f4b6da184013ad770c75d439aacf30a71c88b40eb50e,"[[0,1],[0,23],[1,2],[2,3],[3,4],[4,5],[5,6],[6,7],[7,8],[8,9],[9,10],[10,11],[11,12],[12,13],[13,14],[14,15],[15,16],[16,17],[17,18],[18,19],[19,20],[20,21],[21,22],[22,23]]",[0.7853981633974483],cycle,22ebf66021dcd4b781bb6458c63dc2a7b75d30e1a3f7a2e3cb27e237d75aa5f4,2028,m2:cycle:n24:p1:g2028:a3,24,1,3
"[0.0,0.0]",613cc0d3e25dede0c0063a47cbd16004a2716b7d5c0aaedae6f99f40965419b8,"[[0,1],[0,23],[1,2],[2,3],[3,4],[4,5],[5,6],[6,7],[7,8],[8,9],[9,10],[10,11],[11,12],[12,13],[13,14],[14,15],[15,16],[16,17],[17,18],[18,19],[19,20],[20,21],[21,22],[22,23]]","[0.0,0.0]",cycle,c734f3f2e9396a3952f00ec8788f7f9c95191c1c624f9c542193d6040e40de21,2026,m2:cycle:n24:p2:g2026:a0,24,2,0
"[0.7853981633974483,0.7853981633974483]",fd1e26a63c64af0c072f0843839dafe8ac3872a58e7d5e04beb3fd203f2389dc,"[[0,1],[0,23],[1,2],[2,3],[3,4],[4,5],[5,6],[6,7],[7,8],[8,9],[9,10],[10,11],[11,12],[12,13],[13,14],[14,15],[15,16],[16,17],[17,18],[18,19],[19,20],[20,21],[21,22],[22,23]]","[1.5707963267948966,1.5707963267948966]",cycle,c734f3f2e9396a3952f00ec8788f7f9c95191c1c624f9c542193d6040e40de21,2026,m2:cycle:n24:p2:g2026:a1,24,2,1
"[0.39269908169872414,1.1780972450961724]",0336da992daa9d671e95063b6a51c943de5e55df133da13cc7ca842c88f3cf1b,"[[0,1],[0,23],[1,2],[2,3],[3,4],[4,5],[5,6],[6,7],[7,8],[8,9],[9,10],[10,11],[11,12],[12,13],[13,14],[14,15],[15,16],[16,17],[17,18],[18,19],[19,20],[20,21],[21,22],[22,23]]","[2.356194490192345,0.7853981633974483]",cycle,c734f3f2e9396a3952f00ec8788f7f9c95191c1c624f9c542193d6040e40de21,2026,m2:cycle:n24:p2:g2026:a2,24,2,2
"[1.1780972450961724,0.39269908169872414]",daad2136516d39dd9e5abf32b967e35b3d20ac7c8dbe0e241ecadbb32760aaee,"[[0,1],[0,23],[1,2],[2,3],[3,4],[4,5],[5,6],[6,7],[7,8],[8,9],[9,10],[10,11],[11,12],[12,13],[13,14],[14,15],[15,16],[16,17],[17,18],[18,19],[19,20],[20,21],[21,22],[22,23]]","[0.7853981633974483,2.356194490192345]",cycle,c734f3f2e9396a3952f00ec8788f7f9c95191c1c624f9c542193d6040e40de21,2026,m2:cycle:n24:p2:g2026:a3,24,2,3
"[0.0,0.0]",e296dc63e2ce1b4128d3e60939bafaf2b7a0e82691a31e2eb0f42b4593238da3,"[[0,1],[0,23],[1,2],[2,3],[3,4],[4,5],[5,6],[6,7],[7,8],[8,9],[9,10],[10,11],[11,12],[12,13],[13,14],[14,15],[15,16],[16,17],[17,18],[18,19],[19,20],[20,21],[21,22],[22,23]]","[0.0,0.0]",cycle,a55bce88eb19013f0687e906853f41adf6e29f27de373640c022ef6e1afeff90,2027,m2:cycle:n24:p2:g2027:a0,24,2,0
"[0.7853981633974483,0.7853981633974483]",97b817ac0bf3cf8d91740cec88f357ac1c41e585dde86f10401be0c40ecd3095,"[[0,1],[0,23],[1,2],[2,3],[3,4],[4,5],[5,6],[6,7],[7,8],[8,9],[9,10],[10,11],[11,12],[12,13],[13,14],[14,15],[15,16],[16,17],[17,18],[18,19],[19,20],[20,21],[21,22],[22,23]]","[1.5707963267948966,1.5707963267948966]",cycle,a55bce88eb19013f0687e906853f41adf6e29f27de373640c022ef6e1afeff90,2027,m2:cycle:n24:p2:g2027:a1,24,2,1
"[0.39269908169872414,1.1780972450961724]",4c2812aeaa5e9e715620b700006721a816b619f61fa49a140df3282f5c78e2fe,"[[0,1],[0,23],[1,2],[2,3],[3,4],[4,5],[5,6],[6,7],[7,8],[8,9],[9,10],[10,11],[11,12],[12,13],[13,14],[14,15],[15,16],[16,17],[17,18],[18,19],[19,20],[20,21],[21,22],[22,23]]","[2.356194490192345,0.7853981633974483]",cycle,a55bce88eb19013f0687e906853f41adf6e29f27de373640c022ef6e1afeff90,2027,m2:cycle:n24:p2:g2027:a2,24,2,2
"[1.1780972450961724,0.39269908169872414]",b1d5f2ae79f54877d1aa0b8db7ebf817d1cc7e381d7cd6bdc7767b12c9a436b6,"[[0,1],[0,23],[1,2],[2,3],[3,4],[4,5],[5,6],[6,7],[7,8],[8,9],[9,10],[10,11],[11,12],[12,13],[13,14],[14,15],[15,16],[16,17],[17,18],[18,19],[19,20],[20,21],[21,22],[22,23]]","[0.7853981633974483,2.356194490192345]",cycle,a55bce88eb19013f0687e906853f41adf6e29f27de373640c022ef6e1afeff90,2027,m2:cycle:n24:p2:g2027:a3,24,2,3
"[0.0,0.0]",2b1448b61c07810846aeb96e6cfa3cf678a1459227d746f624ce655c0d93f2f2,"[[0,1],[0,23],[1,2],[2,3],[3,4],[4,5],[5,6],[6,7],[7,8],[8,9],[9,10],[10,11],[11,12],[12,13],[13,14],[14,15],[15,16],[16,17],[17,18],[18,19],[19,20],[20,21],[21,22],[22,23]]","[0.0,0.0]",cycle,22ebf66021dcd4b781bb6458c63dc2a7b75d30e1a3f7a2e3cb27e237d75aa5f4,2028,m2:cycle:n24:p2:g2028:a0,24,2,0
"[0.7853981633974483,0.7853981633974483]",47de2f7d385ca32d505449a3d120525a1dbad1e694288912de4aec1af262addf,"[[0,1],[0,23],[1,2],[2,3],[3,4],[4,5],[5,6],[6,7],[7,8],[8,9],[9,10],[10,11],[11,12],[12,13],[13,14],[14,15],[15,16],[16,17],[17,18],[18,19],[19,20],[20,21],[21,22],[22,23]]","[1.5707963267948966,1.5707963267948966]",cycle,22ebf66021dcd4b781bb6458c63dc2a7b75d30e1a3f7a2e3cb27e237d75aa5f4,2028,m2:cycle:n24:p2:g2028:a1,24,2,1
"[0.39269908169872414,1.1780972450961724]",0054ff1e6df2176713e83d4ccca288255f598eef905d1b7f0ccebe0b84c1e395,"[[0,1],[0,23],[1,2],[2,3],[3,4],[4,5],[5,6],[6,7],[7,8],[8,9],[9,10],[10,11],[11,12],[12,13],[13,14],[14,15],[15,16],[16,17],[17,18],[18,19],[19,20],[20,21],[21,22],[22,23]]","[2.356194490192345,0.7853981633974483]",cycle,22ebf66021dcd4b781bb6458c63dc2a7b75d30e1a3f7a2e3cb27e237d75aa5f4,2028,m2:cycle:n24:p2:g2028:a2,24,2,2
"[1.1780972450961724,0.39269908169872414]",c2da3815bf7c6d374ea9fdc410833dab2246b38feecbee516456abafc3f3de9e,"[[0,1],[0,23],[1,2],[2,3],[3,4],[4,5],[5,6],[6,7],[7,8],[8,9],[9,10],[10,11],[11,12],[12,13],[13,14],[14,15],[15,16],[16,17],[17,18],[18,19],[19,20],[20,21],[21,22],[22,23]]","[0.7853981633974483,2.356194490192345]",cycle,22ebf66021dcd4b781bb6458c63dc2a7b75d30e1a3f7a2e3cb27e237d75aa5f4,2028,m2:cycle:n24:p2:g2028:a3,24,2,3
"[0.0,0.0,0.0]",f6dd3dfb2466f83fa664f3dfc76681705cb90413f43751607c35172f492b10a3,"[[0,1],[0,23],[1,2],[2,3],[3,4],[4,5],[5,6],[6,7],[7,8],[8,9],[9,10],[10,11],[11,12],[12,13],[13,14],[14,15],[15,16],[16,17],[17,18],[18,19],[19,20],[20,21],[21,22],[22,23]]","[0.0,0.0,0.0]",cycle,c734f3f2e9396a3952f00ec8788f7f9c95191c1c624f9c542193d6040e40de21,2026,m2:cycle:n24:p3:g2026:a0,24,3,0
"[0.7853981633974483,0.7853981633974483,0.7853981633974483]",356a4c11951688bc5b7c39a3432d9acb5e1e3bf6697033112818e1650c1a2c63,"[[0,1],[0,23],[1,2],[2,3],[3,4],[4,5],[5,6],[6,7],[7,8],[8,9],[9,10],[10,11],[11,12],[12,13],[13,14],[14,15],[15,16],[16,17],[17,18],[18,19],[19,20],[20,21],[21,22],[22,23]]","[1.5707963267948966,1.5707963267948966,1.5707963267948966]",cycle,c734f3f2e9396a3952f00ec8788f7f9c95191c1c624f9c542193d6040e40de21,2026,m2:cycle:n24:p3:g2026:a1,24,3,1
"[0.39269908169872414,1.1780972450961724,1.1780972450961724]",e6e93123331e5cf009fe955f8586e53efaaaa36eaf8794ebe9f527d303aa9a5c,"[[0,1],[0,23],[1,2],[2,3],[3,4],[4,5],[5,6],[6,7],[7,8],[8,9],[9,10],[10,11],[11,12],[12,13],[13,14],[14,15],[15,16],[16,17],[17,18],[18,19],[19,20],[20,21],[21,22],[22,23]]","[2.356194490192345,0.7853981633974483,0.7853981633974483]",cycle,c734f3f2e9396a3952f00ec8788f7f9c95191c1c624f9c542193d6040e40de21,2026,m2:cycle:n24:p3:g2026:a2,24,3,2
"[1.1780972450961724,0.39269908169872414,0.39269908169872414]",d30d11458c2b00bf58ec4ac9222b69a02273936cd3cdcbae27b1d1fa042ee37c,"[[0,1],[0,23],[1,2],[2,3],[3,4],[4,5],[5,6],[6,7],[7,8],[8,9],[9,10],[10,11],[11,12],[12,13],[13,14],[14,15],[15,16],[16,17],[17,18],[18,19],[19,20],[20,21],[21,22],[22,23]]","[0.7853981633974483,2.356194490192345,2.356194490192345]",cycle,c734f3f2e9396a3952f00ec8788f7f9c95191c1c624f9c542193d6040e40de21,2026,m2:cycle:n24:p3:g2026:a3,24,3,3
"[0.0,0.0,0.0]",1d9b89b6cf1bab911d50f92a62eef3efa0e30ed9c1a7f83b92a578269e16c500,"[[0,1],[0,23],[1,2],[2,3],[3,4],[4,5],[5,6],[6,7],[7,8],[8,9],[9,10],[10,11],[11,12],[12,13],[13,14],[14,15],[15,16],[16,17],[17,18],[18,19],[19,20],[20,21],[21,22],[22,23]]","[0.0,0.0,0.0]",cycle,a55bce88eb19013f0687e906853f41adf6e29f27de373640c022ef6e1afeff90,2027,m2:cycle:n24:p3:g2027:a0,24,3,0
"[0.7853981633974483,0.7853981633974483,0.7853981633974483]",26df836f616bdeb5848ad8d93c7aeada8df4c1c0a0fe38c6ce21fc84948190e7,"[[0,1],[0,23],[1,2],[2,3],[3,4],[4,5],[5,6],[6,7],[7,8],[8,9],[9,10],[10,11],[11,12],[12,13],[13,14],[14,15],[15,16],[16,17],[17,18],[18,19],[19,20],[20,21],[21,22],[22,23]]","[1.5707963267948966,1.5707963267948966,1.5707963267948966]",cycle,a55bce88eb19013f0687e906853f41adf6e29f27de373640c022ef6e1afeff90,2027,m2:cycle:n24:p3:g2027:a1,24,3,1
"[0.39269908169872414,1.1780972450961724,1.1780972450961724]",70eaa3d28317fa34441eab902bca89cebcc3e5da66f7ee71d0ca5cda2f486028,"[[0,1],[0,23],[1,2],[2,3],[3,4],[4,5],[5,6],[6,7],[7,8],[8,9],[9,10],[10,11],[11,12],[12,13],[13,14],[14,15],[15,16],[16,17],[17,18],[18,19],[19,20],[20,21],[21,22],[22,23]]","[2.356194490192345,0.7853981633974483,0.7853981633974483]",cycle,a55bce88eb19013f0687e906853f41adf6e29f27de373640c022ef6e1afeff90,2027,m2:cycle:n24:p3:g2027:a2,24,3,2
"[1.1780972450961724,0.39269908169872414,0.39269908169872414]",da179400d72a43bf2f67406f870d0c91413ce27c402347bad1a95b7c396a5765,"[[0,1],[0,23],[1,2],[2,3],[3,4],[4,5],[5,6],[6,7],[7,8],[8,9],[9,10],[10,11],[11,12],[12,13],[13,14],[14,15],[15,16],[16,17],[17,18],[18,19],[19,20],[20,21],[21,22],[22,23]]","[0.7853981633974483,2.356194490192345,2.356194490192345]",cycle,a55bce88eb19013f0687e906853f41adf6e29f27de373640c022ef6e1afeff90,2027,m2:cycle:n24:p3:g2027:a3,24,3,3
"[0.0,0.0,0.0]",ff8e92982ec6a5887860ac35b6d44d998c2fed4affbc486daa26896154d348b5,"[[0,1],[0,23],[1,2],[2,3],[3,4],[4,5],[5,6],[6,7],[7,8],[8,9],[9,10],[10,11],[11,12],[12,13],[13,14],[14,15],[15,16],[16,17],[17,18],[18,19],[19,20],[20,21],[21,22],[22,23]]","[0.0,0.0,0.0]",cycle,22ebf66021dcd4b781bb6458c63dc2a7b75d30e1a3f7a2e3cb27e237d75aa5f4,2028,m2:cycle:n24:p3:g2028:a0,24,3,0
"[0.7853981633974483,0.7853981633974483,0.7853981633974483]",381e1423f58484a2144c8ffd1a4c36af797260faa7eea00ac35b36578e632a98,"[[0,1],[0,23],[1,2],[2,3],[3,4],[4,5],[5,6],[6,7],[7,8],[8,9],[9,10],[10,11],[11,12],[12,13],[13,14],[14,15],[15,16],[16,17],[17,18],[18,19],[19,20],[20,21],[21,22],[22,23]]","[1.5707963267948966,1.5707963267948966,1.5707963267948966]",cycle,22ebf66021dcd4b781bb6458c63dc2a7b75d30e1a3f7a2e3cb27e237d75aa5f4,2028,m2:cycle:n24:p3:g2028:a1,24,3,1
"[0.39269908169872414,1.1780972450961724,1.1780972450961724]",e53085262d0f0097a34a9ba5ff8bcb643415acc1e1db12c4a5ef3328df1a7b8a,"[[0,1],[0,23],[1,2],[2,3],[3,4],[4,5],[5,6],[6,7],[7,8],[8,9],[9,10],[10,11],[11,12],[12,13],[13,14],[14,15],[15,16],[16,17],[17,18],[18,19],[19,20],[20,21],[21,22],[22,23]]","[2.356194490192345,0.7853981633974483,0.7853981633974483]",cycle,22ebf66021dcd4b781bb6458c63dc2a7b75d30e1a3f7a2e3cb27e237d75aa5f4,2028,m2:cycle:n24:p3:g2028:a2,24,3,2
"[1.1780972450961724,0.39269908169872414,0.39269908169872414]",ab996d43fc5dfe3b03bdfe9c1fe4e53e95bbd6d2cab1b78aa723f91a65fc2661,"[[0,1],[0,23],[1,2],[2,3],[3,4],[4,5],[5,6],[6,7],[7,8],[8,9],[9,10],[10,11],[11,12],[12,13],[13,14],[14,15],[15,16],[16,17],[17,18],[18,19],[19,20],[20,21],[21,22],[22,23]]","[0.7853981633974483,2.356194490192345,2.356194490192345]",cycle,22ebf66021dcd4b781bb6458c63dc2a7b75d30e1a3f7a2e3cb27e237d75aa5f4,2028,m2:cycle:n24:p3:g2028:a3,24,3,3
[0.0],d469da632688f7bbabb2a04ba11bc05295da62d0093bcb0aa527569874c863ec,"[[0,1],[0,25],[1,2],[2,3],[3,4],[4,5],[5,6],[6,7],[7,8],[8,9],[9,10],[10,11],[11,12],[12,13],[13,14],[14,15],[15,16],[16,17],[17,18],[18,19],[19,20],[20,21],[21,22],[22,23],[23,24],[24,25]]",[0.0],cycle,166685e57d037a15d011cd7189d465c56160d10f8fb02594b85cafae7e33c0d0,2026,m2:cycle:n26:p1:g2026:a0,26,1,0
[0.7853981633974483],040c95fa5f44571aebd0f0f707a11b565e191e4f618fe76fdf9b8796792ec843,"[[0,1],[0,25],[1,2],[2,3],[3,4],[4,5],[5,6],[6,7],[7,8],[8,9],[9,10],[10,11],[11,12],[12,13],[13,14],[14,15],[15,16],[16,17],[17,18],[18,19],[19,20],[20,21],[21,22],[22,23],[23,24],[24,25]]",[1.5707963267948966],cycle,166685e57d037a15d011cd7189d465c56160d10f8fb02594b85cafae7e33c0d0,2026,m2:cycle:n26:p1:g2026:a1,26,1,1
[0.39269908169872414],1c5a760ba8122971e725467168b417af8d56dc0fb0c8bb6a5493f773ebbc931a,"[[0,1],[0,25],[1,2],[2,3],[3,4],[4,5],[5,6],[6,7],[7,8],[8,9],[9,10],[10,11],[11,12],[12,13],[13,14],[14,15],[15,16],[16,17],[17,18],[18,19],[19,20],[20,21],[21,22],[22,23],[23,24],[24,25]]",[2.356194490192345],cycle,166685e57d037a15d011cd7189d465c56160d10f8fb02594b85cafae7e33c0d0,2026,m2:cycle:n26:p1:g2026:a2,26,1,2
[1.1780972450961724],f467faceaea3e701549e78087103c030e4a4c2c804e555014b0d3236570f3a39,"[[0,1],[0,25],[1,2],[2,3],[3,4],[4,5],[5,6],[6,7],[7,8],[8,9],[9,10],[10,11],[11,12],[12,13],[13,14],[14,15],[15,16],[16,17],[17,18],[18,19],[19,20],[20,21],[21,22],[22,23],[23,24],[24,25]]",[0.7853981633974483],cycle,166685e57d037a15d011cd7189d465c56160d10f8fb02594b85cafae7e33c0d0,2026,m2:cycle:n26:p1:g2026:a3,26,1,3
[0.0],d8fda4271ce49f650a9b7b8c7816d1037bbe3d8b175efbeef48e0709045d17d7,"[[0,1],[0,25],[1,2],[2,3],[3,4],[4,5],[5,6],[6,7],[7,8],[8,9],[9,10],[10,11],[11,12],[12,13],[13,14],[14,15],[15,16],[16,17],[17,18],[18,19],[19,20],[20,21],[21,22],[22,23],[23,24],[24,25]]",[0.0],cycle,921a00a4f1866ded6595bce8d7da95122a765660264d0b2d6a44fa8c5bb90ff6,2027,m2:cycle:n26:p1:g2027:a0,26,1,0
[0.7853981633974483],2a9b831c60dff649fc80bc9c15326c1e89f2873d7bb68d8853721a4fe0c16696,"[[0,1],[0,25],[1,2],[2,3],[3,4],[4,5],[5,6],[6,7],[7,8],[8,9],[9,10],[10,11],[11,12],[12,13],[13,14],[14,15],[15,16],[16,17],[17,18],[18,19],[19,20],[20,21],[21,22],[22,23],[23,24],[24,25]]",[1.5707963267948966],cycle,921a00a4f1866ded6595bce8d7da95122a765660264d0b2d6a44fa8c5bb90ff6,2027,m2:cycle:n26:p1:g2027:a1,26,1,1
[0.39269908169872414],d4c559421169027316f55b0572651fd0286d0a218b550ef50fc112b2299ed207,"[[0,1],[0,25],[1,2],[2,3],[3,4],[4,5],[5,6],[6,7],[7,8],[8,9],[9,10],[10,11],[11,12],[12,13],[13,14],[14,15],[15,16],[16,17],[17,18],[18,19],[19,20],[20,21],[21,22],[22,23],[23,24],[24,25]]",[2.356194490192345],cycle,921a00a4f1866ded6595bce8d7da95122a765660264d0b2d6a44fa8c5bb90ff6,2027,m2:cycle:n26:p1:g2027:a2,26,1,2
[1.1780972450961724],214066a5e15342ea7528b926d31f6ce4ff53a3708b5830d45773467009e72668,"[[0,1],[0,25],[1,2],[2,3],[3,4],[4,5],[5,6],[6,7],[7,8],[8,9],[9,10],[10,11],[11,12],[12,13],[13,14],[14,15],[15,16],[16,17],[17,18],[18,19],[19,20],[20,21],[21,22],[22,23],[23,24],[24,25]]",[0.7853981633974483],cycle,921a00a4f1866ded6595bce8d7da95122a765660264d0b2d6a44fa8c5bb90ff6,2027,m2:cycle:n26:p1:g2027:a3,26,1,3
[0.0],77d55660b9b8422d2038e5674bbe3698fbfe4887edbf2392172eede7206e4dcf,"[[0,1],[0,25],[1,2],[2,3],[3,4],[4,5],[5,6],[6,7],[7,8],[8,9],[9,10],[10,11],[11,12],[12,13],[13,14],[14,15],[15,16],[16,17],[17,18],[18,19],[19,20],[20,21],[21,22],[22,23],[23,24],[24,25]]",[0.0],cycle,64ddd9eaa4539f02d8a6127ec6b5cf299742d29fcf2b9248fb04df06c1f1dd3f,2028,m2:cycle:n26:p1:g2028:a0,26,1,0
[0.7853981633974483],1ca4d2e0e96afff7c8f58759dc71c5ab562233302f9b69ead4669fae16b6f90d,"[[0,1],[0,25],[1,2],[2,3],[3,4],[4,5],[5,6],[6,7],[7,8],[8,9],[9,10],[10,11],[11,12],[12,13],[13,14],[14,15],[15,16],[16,17],[17,18],[18,19],[19,20],[20,21],[21,22],[22,23],[23,24],[24,25]]",[1.5707963267948966],cycle,64ddd9eaa4539f02d8a6127ec6b5cf299742d29fcf2b9248fb04df06c1f1dd3f,2028,m2:cycle:n26:p1:g2028:a1,26,1,1
[0.39269908169872414],34cfc11053ad518cf07986db82f2af7823df41d6a46f6cd1d2c1fba039b3214f,"[[0,1],[0,25],[1,2],[2,3],[3,4],[4,5],[5,6],[6,7],[7,8],[8,9],[9,10],[10,11],[11,12],[12,13],[13,14],[14,15],[15,16],[16,17],[17,18],[18,19],[19,20],[20,21],[21,22],[22,23],[23,24],[24,25]]",[2.356194490192345],cycle,64ddd9eaa4539f02d8a6127ec6b5cf299742d29fcf2b9248fb04df06c1f1dd3f,2028,m2:cycle:n26:p1:g2028:a2,26,1,2
[1.1780972450961724],8a083bcca6bd01ece09775b61a96f24a51f5812c20c13af324de511aff0bbb56,"[[0,1],[0,25],[1,2],[2,3],[3,4],[4,5],[5,6],[6,7],[7,8],[8,9],[9,10],[10,11],[11,12],[12,13],[13,14],[14,15],[15,16],[16,17],[17,18],[18,19],[19,20],[20,21],[21,22],[22,23],[23,24],[24,25]]",[0.7853981633974483],cycle,64ddd9eaa4539f02d8a6127ec6b5cf299742d29fcf2b9248fb04df06c1f1dd3f,2028,m2:cycle:n26:p1:g2028:a3,26,1,3
"[0.0,0.0]",afb4c18c568e8649b3eb2dd9bb7c4cba2e91f7ef1d259e876e21cbe48858c84c,"[[0,1],[0,25],[1,2],[2,3],[3,4],[4,5],[5,6],[6,7],[7,8],[8,9],[9,10],[10,11],[11,12],[12,13],[13,14],[14,15],[15,16],[16,17],[17,18],[18,19],[19,20],[20,21],[21,22],[22,23],[23,24],[24,25]]","[0.0,0.0]",cycle,166685e57d037a15d011cd7189d465c56160d10f8fb02594b85cafae7e33c0d0,2026,m2:cycle:n26:p2:g2026:a0,26,2,0
"[0.7853981633974483,0.7853981633974483]",f9cd0edca6c1c909940c7e9287d7698a594fe7686ba5eda24039bd2a4cd7d0ce,"[[0,1],[0,25],[1,2],[2,3],[3,4],[4,5],[5,6],[6,7],[7,8],[8,9],[9,10],[10,11],[11,12],[12,13],[13,14],[14,15],[15,16],[16,17],[17,18],[18,19],[19,20],[20,21],[21,22],[22,23],[23,24],[24,25]]","[1.5707963267948966,1.5707963267948966]",cycle,166685e57d037a15d011cd7189d465c56160d10f8fb02594b85cafae7e33c0d0,2026,m2:cycle:n26:p2:g2026:a1,26,2,1
"[0.39269908169872414,1.1780972450961724]",c6bc00e64c60de091da69f6c8fbf749685bb323249c0d841558e2395ea22668f,"[[0,1],[0,25],[1,2],[2,3],[3,4],[4,5],[5,6],[6,7],[7,8],[8,9],[9,10],[10,11],[11,12],[12,13],[13,14],[14,15],[15,16],[16,17],[17,18],[18,19],[19,20],[20,21],[21,22],[22,23],[23,24],[24,25]]","[2.356194490192345,0.7853981633974483]",cycle,166685e57d037a15d011cd7189d465c56160d10f8fb02594b85cafae7e33c0d0,2026,m2:cycle:n26:p2:g2026:a2,26,2,2
"[1.1780972450961724,0.39269908169872414]",9067a5fb170355900f21274569165445770fe348bde3cecdd7f9e21d019151c3,"[[0,1],[0,25],[1,2],[2,3],[3,4],[4,5],[5,6],[6,7],[7,8],[8,9],[9,10],[10,11],[11,12],[12,13],[13,14],[14,15],[15,16],[16,17],[17,18],[18,19],[19,20],[20,21],[21,22],[22,23],[23,24],[24,25]]","[0.7853981633974483,2.356194490192345]",cycle,166685e57d037a15d011cd7189d465c56160d10f8fb02594b85cafae7e33c0d0,2026,m2:cycle:n26:p2:g2026:a3,26,2,3
"[0.0,0.0]",19083fa07581d3f2de6facf5f465c6617200b062105c1c480c8ee0b30a114e1d,"[[0,1],[0,25],[1,2],[2,3],[3,4],[4,5],[5,6],[6,7],[7,8],[8,9],[9,10],[10,11],[11,12],[12,13],[13,14],[14,15],[15,16],[16,17],[17,18],[18,19],[19,20],[20,21],[21,22],[22,23],[23,24],[24,25]]","[0.0,0.0]",cycle,921a00a4f1866ded6595bce8d7da95122a765660264d0b2d6a44fa8c5bb90ff6,2027,m2:cycle:n26:p2:g2027:a0,26,2,0
"[0.7853981633974483,0.7853981633974483]",031e432ab058c6a42c08e45cb753bb6cc706c03c9a91b8be1501df71d0670d88,"[[0,1],[0,25],[1,2],[2,3],[3,4],[4,5],[5,6],[6,7],[7,8],[8,9],[9,10],[10,11],[11,12],[12,13],[13,14],[14,15],[15,16],[16,17],[17,18],[18,19],[19,20],[20,21],[21,22],[22,23],[23,24],[24,25]]","[1.5707963267948966,1.5707963267948966]",cycle,921a00a4f1866ded6595bce8d7da95122a765660264d0b2d6a44fa8c5bb90ff6,2027,m2:cycle:n26:p2:g2027:a1,26,2,1
"[0.39269908169872414,1.1780972450961724]",78794ebcb7917364aa49917083afcbcafb911009225f92b362157f734083e4cb,"[[0,1],[0,25],[1,2],[2,3],[3,4],[4,5],[5,6],[6,7],[7,8],[8,9],[9,10],[10,11],[11,12],[12,13],[13,14],[14,15],[15,16],[16,17],[17,18],[18,19],[19,20],[20,21],[21,22],[22,23],[23,24],[24,25]]","[2.356194490192345,0.7853981633974483]",cycle,921a00a4f1866ded6595bce8d7da95122a765660264d0b2d6a44fa8c5bb90ff6,2027,m2:cycle:n26:p2:g2027:a2,26,2,2
"[1.1780972450961724,0.39269908169872414]",4ecdf439342de36d0ace3cae310aaae95970caac6421c3b19cb1cac16532da13,"[[0,1],[0,25],[1,2],[2,3],[3,4],[4,5],[5,6],[6,7],[7,8],[8,9],[9,10],[10,11],[11,12],[12,13],[13,14],[14,15],[15,16],[16,17],[17,18],[18,19],[19,20],[20,21],[21,22],[22,23],[23,24],[24,25]]","[0.7853981633974483,2.356194490192345]",cycle,921a00a4f1866ded6595bce8d7da95122a765660264d0b2d6a44fa8c5bb90ff6,2027,m2:cycle:n26:p2:g2027:a3,26,2,3
"[0.0,0.0]",0182517bb13d4f92ebad6d7ce5bd828a4027b57774dc92e78b7435ba2ecc2dd5,"[[0,1],[0,25],[1,2],[2,3],[3,4],[4,5],[5,6],[6,7],[7,8],[8,9],[9,10],[10,11],[11,12],[12,13],[13,14],[14,15],[15,16],[16,17],[17,18],[18,19],[19,20],[20,21],[21,22],[22,23],[23,24],[24,25]]","[0.0,0.0]",cycle,64ddd9eaa4539f02d8a6127ec6b5cf299742d29fcf2b9248fb04df06c1f1dd3f,2028,m2:cycle:n26:p2:g2028:a0,26,2,0
"[0.7853981633974483,0.7853981633974483]",6248783fad135e8db3a6cdbc6d34bae67c95c865553161da9e560634b743bf75,"[[0,1],[0,25],[1,2],[2,3],[3,4],[4,5],[5,6],[6,7],[7,8],[8,9],[9,10],[10,11],[11,12],[12,13],[13,14],[14,15],[15,16],[16,17],[17,18],[18,19],[19,20],[20,21],[21,22],[22,23],[23,24],[24,25]]","[1.5707963267948966,1.5707963267948966]",cycle,64ddd9eaa4539f02d8a6127ec6b5cf299742d29fcf2b9248fb04df06c1f1dd3f,2028,m2:cycle:n26:p2:g2028:a1,26,2,1
"[0.39269908169872414,1.1780972450961724]",d49f0037bb29948d306685b33b0122851972a7a7e987b1a771a008e5d52cee0c,"[[0,1],[0,25],[1,2],[2,3],[3,4],[4,5],[5,6],[6,7],[7,8],[8,9],[9,10],[10,11],[11,12],[12,13],[13,14],[14,15],[15,16],[16,17],[17,18],[18,19],[19,20],[20,21],[21,22],[22,23],[23,24],[24,25]]","[2.356194490192345,0.7853981633974483]",cycle,64ddd9eaa4539f02d8a6127ec6b5cf299742d29fcf2b9248fb04df06c1f1dd3f,2028,m2:cycle:n26:p2:g2028:a2,26,2,2
"[1.1780972450961724,0.39269908169872414]",2c38e3b59f498dfaab15e7232eaff507d7c512025cc3bc754e6e1ab3f4750b8c,"[[0,1],[0,25],[1,2],[2,3],[3,4],[4,5],[5,6],[6,7],[7,8],[8,9],[9,10],[10,11],[11,12],[12,13],[13,14],[14,15],[15,16],[16,17],[17,18],[18,19],[19,20],[20,21],[21,22],[22,23],[23,24],[24,25]]","[0.7853981633974483,2.356194490192345]",cycle,64ddd9eaa4539f02d8a6127ec6b5cf299742d29fcf2b9248fb04df06c1f1dd3f,2028,m2:cycle:n26:p2:g2028:a3,26,2,3
"[0.0,0.0,0.0]",d61daf50da65607a1f74a66778f0bf71d1997bc152ce4e7cee9e7b90c872ae95,"[[0,1],[0,25],[1,2],[2,3],[3,4],[4,5],[5,6],[6,7],[7,8],[8,9],[9,10],[10,11],[11,12],[12,13],[13,14],[14,15],[15,16],[16,17],[17,18],[18,19],[19,20],[20,21],[21,22],[22,23],[23,24],[24,25]]","[0.0,0.0,0.0]",cycle,166685e57d037a15d011cd7189d465c56160d10f8fb02594b85cafae7e33c0d0,2026,m2:cycle:n26:p3:g2026:a0,26,3,0
"[0.7853981633974483,0.7853981633974483,0.7853981633974483]",93bed598cea329d5051335a2f5ca569332b6e6b5af78e610e34356a5b38f2979,"[[0,1],[0,25],[1,2],[2,3],[3,4],[4,5],[5,6],[6,7],[7,8],[8,9],[9,10],[10,11],[11,12],[12,13],[13,14],[14,15],[15,16],[16,17],[17,18],[18,19],[19,20],[20,21],[21,22],[22,23],[23,24],[24,25]]","[1.5707963267948966,1.5707963267948966,1.5707963267948966]",cycle,166685e57d037a15d011cd7189d465c56160d10f8fb02594b85cafae7e33c0d0,2026,m2:cycle:n26:p3:g2026:a1,26,3,1
"[0.39269908169872414,1.1780972450961724,1.1780972450961724]",0640b94a8f1def405e89dd25915150c6fe980e4b32017d3b3ecb88dcd4e8a59e,"[[0,1],[0,25],[1,2],[2,3],[3,4],[4,5],[5,6],[6,7],[7,8],[8,9],[9,10],[10,11],[11,12],[12,13],[13,14],[14,15],[15,16],[16,17],[17,18],[18,19],[19,20],[20,21],[21,22],[22,23],[23,24],[24,25]]","[2.356194490192345,0.7853981633974483,0.7853981633974483]",cycle,166685e57d037a15d011cd7189d465c56160d10f8fb02594b85cafae7e33c0d0,2026,m2:cycle:n26:p3:g2026:a2,26,3,2
"[1.1780972450961724,0.39269908169872414,0.39269908169872414]",81d11187729a3a9eae002cacd0c595580efee6c220b04681f8e4494673c85ece,"[[0,1],[0,25],[1,2],[2,3],[3,4],[4,5],[5,6],[6,7],[7,8],[8,9],[9,10],[10,11],[11,12],[12,13],[13,14],[14,15],[15,16],[16,17],[17,18],[18,19],[19,20],[20,21],[21,22],[22,23],[23,24],[24,25]]","[0.7853981633974483,2.356194490192345,2.356194490192345]",cycle,166685e57d037a15d011cd7189d465c56160d10f8fb02594b85cafae7e33c0d0,2026,m2:cycle:n26:p3:g2026:a3,26,3,3
"[0.0,0.0,0.0]",d8619a0f89e8f5e2c114ad9f1b66ce53ce881f40055fd7c44bcd1e692c13869e,"[[0,1],[0,25],[1,2],[2,3],[3,4],[4,5],[5,6],[6,7],[7,8],[8,9],[9,10],[10,11],[11,12],[12,13],[13,14],[14,15],[15,16],[16,17],[17,18],[18,19],[19,20],[20,21],[21,22],[22,23],[23,24],[24,25]]","[0.0,0.0,0.0]",cycle,921a00a4f1866ded6595bce8d7da95122a765660264d0b2d6a44fa8c5bb90ff6,2027,m2:cycle:n26:p3:g2027:a0,26,3,0
"[0.7853981633974483,0.7853981633974483,0.7853981633974483]",549788efa50fd1a4cf9ef1b78964a6cb04d3dc2e66ca000127842244000e0506,"[[0,1],[0,25],[1,2],[2,3],[3,4],[4,5],[5,6],[6,7],[7,8],[8,9],[9,10],[10,11],[11,12],[12,13],[13,14],[14,15],[15,16],[16,17],[17,18],[18,19],[19,20],[20,21],[21,22],[22,23],[23,24],[24,25]]","[1.5707963267948966,1.5707963267948966,1.5707963267948966]",cycle,921a00a4f1866ded6595bce8d7da95122a765660264d0b2d6a44fa8c5bb90ff6,2027,m2:cycle:n26:p3:g2027:a1,26,3,1
"[0.39269908169872414,1.1780972450961724,1.1780972450961724]",203942ea68c22bc75d385db9d3080f74c092358d7d0a417bcdb23021b356ff58,"[[0,1],[0,25],[1,2],[2,3],[3,4],[4,5],[5,6],[6,7],[7,8],[8,9],[9,10],[10,11],[11,12],[12,13],[13,14],[14,15],[15,16],[16,17],[17,18],[18,19],[19,20],[20,21],[21,22],[22,23],[23,24],[24,25]]","[2.356194490192345,0.7853981633974483,0.7853981633974483]",cycle,921a00a4f1866ded6595bce8d7da95122a765660264d0b2d6a44fa8c5bb90ff6,2027,m2:cycle:n26:p3:g2027:a2,26,3,2
"[1.1780972450961724,0.39269908169872414,0.39269908169872414]",00d076fc6350882b435cbce233a5cb3894753f56c69246504dc7578af6d6fbea,"[[0,1],[0,25],[1,2],[2,3],[3,4],[4,5],[5,6],[6,7],[7,8],[8,9],[9,10],[10,11],[11,12],[12,13],[13,14],[14,15],[15,16],[16,17],[17,18],[18,19],[19,20],[20,21],[21,22],[22,23],[23,24],[24,25]]","[0.7853981633974483,2.356194490192345,2.356194490192345]",cycle,921a00a4f1866ded6595bce8d7da95122a765660264d0b2d6a44fa8c5bb90ff6,2027,m2:cycle:n26:p3:g2027:a3,26,3,3
"[0.0,0.0,0.0]",58bb5ddfba34d25e742a7bc920b3118ac980098a33092add1c0edbea4a4754d1,"[[0,1],[0,25],[1,2],[2,3],[3,4],[4,5],[5,6],[6,7],[7,8],[8,9],[9,10],[10,11],[11,12],[12,13],[13,14],[14,15],[15,16],[16,17],[17,18],[18,19],[19,20],[20,21],[21,22],[22,23],[23,24],[24,25]]","[0.0,0.0,0.0]",cycle,64ddd9eaa4539f02d8a6127ec6b5cf299742d29fcf2b9248fb04df06c1f1dd3f,2028,m2:cycle:n26:p3:g2028:a0,26,3,0
"[0.7853981633974483,0.7853981633974483,0.7853981633974483]",4d71d62f6b45063b6ae2bdf8a60605acc57731e82db5f83ab1ddfc37ab809ed0,"[[0,1],[0,25],[1,2],[2,3],[3,4],[4,5],[5,6],[6,7],[7,8],[8,9],[9,10],[10,11],[11,12],[12,13],[13,14],[14,15],[15,16],[16,17],[17,18],[18,19],[19,20],[20,21],[21,22],[22,23],[23,24],[24,25]]","[1.5707963267948966,1.5707963267948966,1.5707963267948966]",cycle,64ddd9eaa4539f02d8a6127ec6b5cf299742d29fcf2b9248fb04df06c1f1dd3f,2028,m2:cycle:n26:p3:g2028:a1,26,3,1
"[0.39269908169872414,1.1780972450961724,1.1780972450961724]",1d16680b46d93c9483d4c381454b6ea1fc6f81a50c4ccc90f6a49802114dd20c,"[[0,1],[0,25],[1,2],[2,3],[3,4],[4,5],[5,6],[6,7],[7,8],[8,9],[9,10],[10,11],[11,12],[12,13],[13,14],[14,15],[15,16],[16,17],[17,18],[18,19],[19,20],[20,21],[21,22],[22,23],[23,24],[24,25]]","[2.356194490192345,0.7853981633974483,0.7853981633974483]",cycle,64ddd9eaa4539f02d8a6127ec6b5cf299742d29fcf2b9248fb04df06c1f1dd3f,2028,m2:cycle:n26:p3:g2028:a2,26,3,2
"[1.1780972450961724,0.39269908169872414,0.39269908169872414]",31a1902fd61158ebe2821ada490d33d909e66e0928ef4c2731eb4e0e45ed529b,"[[0,1],[0,25],[1,2],[2,3],[3,4],[4,5],[5,6],[6,7],[7,8],[8,9],[9,10],[10,11],[11,12],[12,13],[13,14],[14,15],[15,16],[16,17],[17,18],[18,19],[19,20],[20,21],[21,22],[22,23],[23,24],[24,25]]","[0.7853981633974483,2.356194490192345,2.356194490192345]",cycle,64ddd9eaa4539f02d8a6127ec6b5cf299742d29fcf2b9248fb04df06c1f1dd3f,2028,m2:cycle:n26:p3:g2028:a3,26,3,3
[0.0],5c762bdff0ee0c4270fc8e76a4c523f2c558abb2864227480ecab72c7873ab58,"[[0,1],[0,27],[1,2],[2,3],[3,4],[4,5],[5,6],[6,7],[7,8],[8,9],[9,10],[10,11],[11,12],[12,13],[13,14],[14,15],[15,16],[16,17],[17,18],[18,19],[19,20],[20,21],[21,22],[22,23],[23,24],[24,25],[25,26],[26,27]]",[0.0],cycle,c6a13876b615d82f36012fb31ad420f7a056fb5f4ff406000ee0ac871656e891,2026,m2:cycle:n28:p1:g2026:a0,28,1,0
[0.7853981633974483],9e76c2109d7c85d044e159b79aef1b435fd7ae87f17e1cd483fe6b2b8d7c9095,"[[0,1],[0,27],[1,2],[2,3],[3,4],[4,5],[5,6],[6,7],[7,8],[8,9],[9,10],[10,11],[11,12],[12,13],[13,14],[14,15],[15,16],[16,17],[17,18],[18,19],[19,20],[20,21],[21,22],[22,23],[23,24],[24,25],[25,26],[26,27]]",[1.5707963267948966],cycle,c6a13876b615d82f36012fb31ad420f7a056fb5f4ff406000ee0ac871656e891,2026,m2:cycle:n28:p1:g2026:a1,28,1,1
[0.39269908169872414],4bde86e70a709ca1818cfad2b28166001b12f2bb0e0497c41aad0ee69a22c85d,"[[0,1],[0,27],[1,2],[2,3],[3,4],[4,5],[5,6],[6,7],[7,8],[8,9],[9,10],[10,11],[11,12],[12,13],[13,14],[14,15],[15,16],[16,17],[17,18],[18,19],[19,20],[20,21],[21,22],[22,23],[23,24],[24,25],[25,26],[26,27]]",[2.356194490192345],cycle,c6a13876b615d82f36012fb31ad420f7a056fb5f4ff406000ee0ac871656e891,2026,m2:cycle:n28:p1:g2026:a2,28,1,2
[1.1780972450961724],ff5fb3ff32694d1f1f3afbd9ba179f958d2a620a79df41763769df52a8a14269,"[[0,1],[0,27],[1,2],[2,3],[3,4],[4,5],[5,6],[6,7],[7,8],[8,9],[9,10],[10,11],[11,12],[12,13],[13,14],[14,15],[15,16],[16,17],[17,18],[18,19],[19,20],[20,21],[21,22],[22,23],[23,24],[24,25],[25,26],[26,27]]",[0.7853981633974483],cycle,c6a13876b615d82f36012fb31ad420f7a056fb5f4ff406000ee0ac871656e891,2026,m2:cycle:n28:p1:g2026:a3,28,1,3
[0.0],9d4d3f4c16f1936c85cc0da3541ee93f96c0ad579601172be1f42a0b49b6a2bf,"[[0,1],[0,27],[1,2],[2,3],[3,4],[4,5],[5,6],[6,7],[7,8],[8,9],[9,10],[10,11],[11,12],[12,13],[13,14],[14,15],[15,16],[16,17],[17,18],[18,19],[19,20],[20,21],[21,22],[22,23],[23,24],[24,25],[25,26],[26,27]]",[0.0],cycle,0b377967495a2c16439f38c8b2616348364f808801140bb405524d0ac486b388,2027,m2:cycle:n28:p1:g2027:a0,28,1,0
[0.7853981633974483],5a833171556ae2fec19d8726b030aca6e32b35e1a908faea20a0316490766fb6,"[[0,1],[0,27],[1,2],[2,3],[3,4],[4,5],[5,6],[6,7],[7,8],[8,9],[9,10],[10,11],[11,12],[12,13],[13,14],[14,15],[15,16],[16,17],[17,18],[18,19],[19,20],[20,21],[21,22],[22,23],[23,24],[24,25],[25,26],[26,27]]",[1.5707963267948966],cycle,0b377967495a2c16439f38c8b2616348364f808801140bb405524d0ac486b388,2027,m2:cycle:n28:p1:g2027:a1,28,1,1
[0.39269908169872414],dadaa19addd905af11ee99fd0ce797c78d09907243b013dd6ce8b26f20a006d9,"[[0,1],[0,27],[1,2],[2,3],[3,4],[4,5],[5,6],[6,7],[7,8],[8,9],[9,10],[10,11],[11,12],[12,13],[13,14],[14,15],[15,16],[16,17],[17,18],[18,19],[19,20],[20,21],[21,22],[22,23],[23,24],[24,25],[25,26],[26,27]]",[2.356194490192345],cycle,0b377967495a2c16439f38c8b2616348364f808801140bb405524d0ac486b388,2027,m2:cycle:n28:p1:g2027:a2,28,1,2
[1.1780972450961724],5d2951d6436bdb1205b72cebc892c6f3fbc98a4a3a971e351dafac179e62cde1,"[[0,1],[0,27],[1,2],[2,3],[3,4],[4,5],[5,6],[6,7],[7,8],[8,9],[9,10],[10,11],[11,12],[12,13],[13,14],[14,15],[15,16],[16,17],[17,18],[18,19],[19,20],[20,21],[21,22],[22,23],[23,24],[24,25],[25,26],[26,27]]",[0.7853981633974483],cycle,0b377967495a2c16439f38c8b2616348364f808801140bb405524d0ac486b388,2027,m2:cycle:n28:p1:g2027:a3,28,1,3
[0.0],6f839a334c8e1a3d5f9be184926cfec58333cbd0d11bf37d09202498ff5c64e3,"[[0,1],[0,27],[1,2],[2,3],[3,4],[4,5],[5,6],[6,7],[7,8],[8,9],[9,10],[10,11],[11,12],[12,13],[13,14],[14,15],[15,16],[16,17],[17,18],[18,19],[19,20],[20,21],[21,22],[22,23],[23,24],[24,25],[25,26],[26,27]]",[0.0],cycle,15ffa01a58c4025e11a7c0d045685ef55bb500f343b0b733c11923e4a49f018f,2028,m2:cycle:n28:p1:g2028:a0,28,1,0
[0.7853981633974483],545650df3ca2b4d7e0eea93e4fc5411513bd600b66a62c05cda25602feb07ebf,"[[0,1],[0,27],[1,2],[2,3],[3,4],[4,5],[5,6],[6,7],[7,8],[8,9],[9,10],[10,11],[11,12],[12,13],[13,14],[14,15],[15,16],[16,17],[17,18],[18,19],[19,20],[20,21],[21,22],[22,23],[23,24],[24,25],[25,26],[26,27]]",[1.5707963267948966],cycle,15ffa01a58c4025e11a7c0d045685ef55bb500f343b0b733c11923e4a49f018f,2028,m2:cycle:n28:p1:g2028:a1,28,1,1
[0.39269908169872414],000c008150d6d2ba413f88bb96056d91fda825fa9e3edb7a3df6bb1b0b71e55d,"[[0,1],[0,27],[1,2],[2,3],[3,4],[4,5],[5,6],[6,7],[7,8],[8,9],[9,10],[10,11],[11,12],[12,13],[13,14],[14,15],[15,16],[16,17],[17,18],[18,19],[19,20],[20,21],[21,22],[22,23],[23,24],[24,25],[25,26],[26,27]]",[2.356194490192345],cycle,15ffa01a58c4025e11a7c0d045685ef55bb500f343b0b733c11923e4a49f018f,2028,m2:cycle:n28:p1:g2028:a2,28,1,2
[1.1780972450961724],d8682ff9ddb7e78876c61fea8e72848cd929956e91655d5878052eb809b8a3fa,"[[0,1],[0,27],[1,2],[2,3],[3,4],[4,5],[5,6],[6,7],[7,8],[8,9],[9,10],[10,11],[11,12],[12,13],[13,14],[14,15],[15,16],[16,17],[17,18],[18,19],[19,20],[20,21],[21,22],[22,23],[23,24],[24,25],[25,26],[26,27]]",[0.7853981633974483],cycle,15ffa01a58c4025e11a7c0d045685ef55bb500f343b0b733c11923e4a49f018f,2028,m2:cycle:n28:p1:g2028:a3,28,1,3
"[0.0,0.0]",b7622a6612ca09135aa0cc939bb061d86f864f93665dd770a33e8f8a18bf252d,"[[0,1],[0,27],[1,2],[2,3],[3,4],[4,5],[5,6],[6,7],[7,8],[8,9],[9,10],[10,11],[11,12],[12,13],[13,14],[14,15],[15,16],[16,17],[17,18],[18,19],[19,20],[20,21],[21,22],[22,23],[23,24],[24,25],[25,26],[26,27]]","[0.0,0.0]",cycle,c6a13876b615d82f36012fb31ad420f7a056fb5f4ff406000ee0ac871656e891,2026,m2:cycle:n28:p2:g2026:a0,28,2,0
"[0.7853981633974483,0.7853981633974483]",e30ef800a54ca06a4bd22788fbca06ee72560b5d84c0232d98cd8dc57594f0f0,"[[0,1],[0,27],[1,2],[2,3],[3,4],[4,5],[5,6],[6,7],[7,8],[8,9],[9,10],[10,11],[11,12],[12,13],[13,14],[14,15],[15,16],[16,17],[17,18],[18,19],[19,20],[20,21],[21,22],[22,23],[23,24],[24,25],[25,26],[26,27]]","[1.5707963267948966,1.5707963267948966]",cycle,c6a13876b615d82f36012fb31ad420f7a056fb5f4ff406000ee0ac871656e891,2026,m2:cycle:n28:p2:g2026:a1,28,2,1
"[0.39269908169872414,1.1780972450961724]",11170cca7dc956663906ebf0361967b841a1fed025b50c51dea00046a30b386a,"[[0,1],[0,27],[1,2],[2,3],[3,4],[4,5],[5,6],[6,7],[7,8],[8,9],[9,10],[10,11],[11,12],[12,13],[13,14],[14,15],[15,16],[16,17],[17,18],[18,19],[19,20],[20,21],[21,22],[22,23],[23,24],[24,25],[25,26],[26,27]]","[2.356194490192345,0.7853981633974483]",cycle,c6a13876b615d82f36012fb31ad420f7a056fb5f4ff406000ee0ac871656e891,2026,m2:cycle:n28:p2:g2026:a2,28,2,2
"[1.1780972450961724,0.39269908169872414]",716e6cf36fcb05bf641a4f4ecb83a75bd70c14075ebaf150fdfab29a2d198e1d,"[[0,1],[0,27],[1,2],[2,3],[3,4],[4,5],[5,6],[6,7],[7,8],[8,9],[9,10],[10,11],[11,12],[12,13],[13,14],[14,15],[15,16],[16,17],[17,18],[18,19],[19,20],[20,21],[21,22],[22,23],[23,24],[24,25],[25,26],[26,27]]","[0.7853981633974483,2.356194490192345]",cycle,c6a13876b615d82f36012fb31ad420f7a056fb5f4ff406000ee0ac871656e891,2026,m2:cycle:n28:p2:g2026:a3,28,2,3
"[0.0,0.0]",f132e181b6eaf194be1febdc794ec4a68a634fda9b5cde75c1d3e828d252795e,"[[0,1],[0,27],[1,2],[2,3],[3,4],[4,5],[5,6],[6,7],[7,8],[8,9],[9,10],[10,11],[11,12],[12,13],[13,14],[14,15],[15,16],[16,17],[17,18],[18,19],[19,20],[20,21],[21,22],[22,23],[23,24],[24,25],[25,26],[26,27]]","[0.0,0.0]",cycle,0b377967495a2c16439f38c8b2616348364f808801140bb405524d0ac486b388,2027,m2:cycle:n28:p2:g2027:a0,28,2,0
"[0.7853981633974483,0.7853981633974483]",9b3472a7dcbdf11d6661a56069f81bd6d056fa868c3f6d7b1eed78ab441d3e6e,"[[0,1],[0,27],[1,2],[2,3],[3,4],[4,5],[5,6],[6,7],[7,8],[8,9],[9,10],[10,11],[11,12],[12,13],[13,14],[14,15],[15,16],[16,17],[17,18],[18,19],[19,20],[20,21],[21,22],[22,23],[23,24],[24,25],[25,26],[26,27]]","[1.5707963267948966,1.5707963267948966]",cycle,0b377967495a2c16439f38c8b2616348364f808801140bb405524d0ac486b388,2027,m2:cycle:n28:p2:g2027:a1,28,2,1
"[0.39269908169872414,1.1780972450961724]",765c00e9b7188bd97130c45e83c3227c593b735510a7a1a7bd7086b92558c671,"[[0,1],[0,27],[1,2],[2,3],[3,4],[4,5],[5,6],[6,7],[7,8],[8,9],[9,10],[10,11],[11,12],[12,13],[13,14],[14,15],[15,16],[16,17],[17,18],[18,19],[19,20],[20,21],[21,22],[22,23],[23,24],[24,25],[25,26],[26,27]]","[2.356194490192345,0.7853981633974483]",cycle,0b377967495a2c16439f38c8b2616348364f808801140bb405524d0ac486b388,2027,m2:cycle:n28:p2:g2027:a2,28,2,2
"[1.1780972450961724,0.39269908169872414]",71bb2fb469031d7996a0a9e1daead8d20aba1dc43159d699f9fe98a04b151eb9,"[[0,1],[0,27],[1,2],[2,3],[3,4],[4,5],[5,6],[6,7],[7,8],[8,9],[9,10],[10,11],[11,12],[12,13],[13,14],[14,15],[15,16],[16,17],[17,18],[18,19],[19,20],[20,21],[21,22],[22,23],[23,24],[24,25],[25,26],[26,27]]","[0.7853981633974483,2.356194490192345]",cycle,0b377967495a2c16439f38c8b2616348364f808801140bb405524d0ac486b388,2027,m2:cycle:n28:p2:g2027:a3,28,2,3
"[0.0,0.0]",dc4436aa083b2257acc1ef29b54f90c4d8af4ae412b4e3752ee8afb46d984e34,"[[0,1],[0,27],[1,2],[2,3],[3,4],[4,5],[5,6],[6,7],[7,8],[8,9],[9,10],[10,11],[11,12],[12,13],[13,14],[14,15],[15,16],[16,17],[17,18],[18,19],[19,20],[20,21],[21,22],[22,23],[23,24],[24,25],[25,26],[26,27]]","[0.0,0.0]",cycle,15ffa01a58c4025e11a7c0d045685ef55bb500f343b0b733c11923e4a49f018f,2028,m2:cycle:n28:p2:g2028:a0,28,2,0
"[0.7853981633974483,0.7853981633974483]",bffbc9bd80b73134a2d780e3d448b43366d7f30ebcba4b4a1a88d3a39774a1f2,"[[0,1],[0,27],[1,2],[2,3],[3,4],[4,5],[5,6],[6,7],[7,8],[8,9],[9,10],[10,11],[11,12],[12,13],[13,14],[14,15],[15,16],[16,17],[17,18],[18,19],[19,20],[20,21],[21,22],[22,23],[23,24],[24,25],[25,26],[26,27]]","[1.5707963267948966,1.5707963267948966]",cycle,15ffa01a58c4025e11a7c0d045685ef55bb500f343b0b733c11923e4a49f018f,2028,m2:cycle:n28:p2:g2028:a1,28,2,1
"[0.39269908169872414,1.1780972450961724]",3a0c47a0cddf30dc053f4af025f000eb738c4d7808efb4820bba469c0ff9c758,"[[0,1],[0,27],[1,2],[2,3],[3,4],[4,5],[5,6],[6,7],[7,8],[8,9],[9,10],[10,11],[11,12],[12,13],[13,14],[14,15],[15,16],[16,17],[17,18],[18,19],[19,20],[20,21],[21,22],[22,23],[23,24],[24,25],[25,26],[26,27]]","[2.356194490192345,0.7853981633974483]",cycle,15ffa01a58c4025e11a7c0d045685ef55bb500f343b0b733c11923e4a49f018f,2028,m2:cycle:n28:p2:g2028:a2,28,2,2
"[1.1780972450961724,0.39269908169872414]",9d29b3a14d1098c13ccc8c8aae837271276c31079f652c4a3f5e82cf0a8bfa8e,"[[0,1],[0,27],[1,2],[2,3],[3,4],[4,5],[5,6],[6,7],[7,8],[8,9],[9,10],[10,11],[11,12],[12,13],[13,14],[14,15],[15,16],[16,17],[17,18],[18,19],[19,20],[20,21],[21,22],[22,23],[23,24],[24,25],[25,26],[26,27]]","[0.7853981633974483,2.356194490192345]",cycle,15ffa01a58c4025e11a7c0d045685ef55bb500f343b0b733c11923e4a49f018f,2028,m2:cycle:n28:p2:g2028:a3,28,2,3
"[0.0,0.0,0.0]",4750cee88031b9d85aef785f10999fa9882b7f959df36e2eb8cc3dfeeecc23a1,"[[0,1],[0,27],[1,2],[2,3],[3,4],[4,5],[5,6],[6,7],[7,8],[8,9],[9,10],[10,11],[11,12],[12,13],[13,14],[14,15],[15,16],[16,17],[17,18],[18,19],[19,20],[20,21],[21,22],[22,23],[23,24],[24,25],[25,26],[26,27]]","[0.0,0.0,0.0]",cycle,c6a13876b615d82f36012fb31ad420f7a056fb5f4ff406000ee0ac871656e891,2026,m2:cycle:n28:p3:g2026:a0,28,3,0
"[0.7853981633974483,0.7853981633974483,0.7853981633974483]",fc0e25cd716a8d264b5b66276fb25c2db30cf50d262d36ee26256460ecf16ba5,"[[0,1],[0,27],[1,2],[2,3],[3,4],[4,5],[5,6],[6,7],[7,8],[8,9],[9,10],[10,11],[11,12],[12,13],[13,14],[14,15],[15,16],[16,17],[17,18],[18,19],[19,20],[20,21],[21,22],[22,23],[23,24],[24,25],[25,26],[26,27]]","[1.5707963267948966,1.5707963267948966,1.5707963267948966]",cycle,c6a13876b615d82f36012fb31ad420f7a056fb5f4ff406000ee0ac871656e891,2026,m2:cycle:n28:p3:g2026:a1,28,3,1
"[0.39269908169872414,1.1780972450961724,1.1780972450961724]",29b0c5a9161ce71fd808121685d01e94ecdea360c3182a386f4ced2b077d9ebf,"[[0,1],[0,27],[1,2],[2,3],[3,4],[4,5],[5,6],[6,7],[7,8],[8,9],[9,10],[10,11],[11,12],[12,13],[13,14],[14,15],[15,16],[16,17],[17,18],[18,19],[19,20],[20,21],[21,22],[22,23],[23,24],[24,25],[25,26],[26,27]]","[2.356194490192345,0.7853981633974483,0.7853981633974483]",cycle,c6a13876b615d82f36012fb31ad420f7a056fb5f4ff406000ee0ac871656e891,2026,m2:cycle:n28:p3:g2026:a2,28,3,2
"[1.1780972450961724,0.39269908169872414,0.39269908169872414]",87eb8f73631c8ac263221e28f3c0012e8989808d1fdf3bdfbb33c4b3c4a84213,"[[0,1],[0,27],[1,2],[2,3],[3,4],[4,5],[5,6],[6,7],[7,8],[8,9],[9,10],[10,11],[11,12],[12,13],[13,14],[14,15],[15,16],[16,17],[17,18],[18,19],[19,20],[20,21],[21,22],[22,23],[23,24],[24,25],[25,26],[26,27]]","[0.7853981633974483,2.356194490192345,2.356194490192345]",cycle,c6a13876b615d82f36012fb31ad420f7a056fb5f4ff406000ee0ac871656e891,2026,m2:cycle:n28:p3:g2026:a3,28,3,3
"[0.0,0.0,0.0]",402aaa4cc9fd89724f736ceb7257a21b98be6d89f4c9fc7d491ab8e9e643b21d,"[[0,1],[0,27],[1,2],[2,3],[3,4],[4,5],[5,6],[6,7],[7,8],[8,9],[9,10],[10,11],[11,12],[12,13],[13,14],[14,15],[15,16],[16,17],[17,18],[18,19],[19,20],[20,21],[21,22],[22,23],[23,24],[24,25],[25,26],[26,27]]","[0.0,0.0,0.0]",cycle,0b377967495a2c16439f38c8b2616348364f808801140bb405524d0ac486b388,2027,m2:cycle:n28:p3:g2027:a0,28,3,0
"[0.7853981633974483,0.7853981633974483,0.7853981633974483]",a216dd8ab420233d6be12395b0727a8b0ade57467a08e83b4f9c1da86eee15fe,"[[0,1],[0,27],[1,2],[2,3],[3,4],[4,5],[5,6],[6,7],[7,8],[8,9],[9,10],[10,11],[11,12],[12,13],[13,14],[14,15],[15,16],[16,17],[17,18],[18,19],[19,20],[20,21],[21,22],[22,23],[23,24],[24,25],[25,26],[26,27]]","[1.5707963267948966,1.5707963267948966,1.5707963267948966]",cycle,0b377967495a2c16439f38c8b2616348364f808801140bb405524d0ac486b388,2027,m2:cycle:n28:p3:g2027:a1,28,3,1
"[0.39269908169872414,1.1780972450961724,1.1780972450961724]",d272021a92195e81b62519fc885a5b3dc41a17470fd6f4ee4f449abd659e7ed1,"[[0,1],[0,27],[1,2],[2,3],[3,4],[4,5],[5,6],[6,7],[7,8],[8,9],[9,10],[10,11],[11,12],[12,13],[13,14],[14,15],[15,16],[16,17],[17,18],[18,19],[19,20],[20,21],[21,22],[22,23],[23,24],[24,25],[25,26],[26,27]]","[2.356194490192345,0.7853981633974483,0.7853981633974483]",cycle,0b377967495a2c16439f38c8b2616348364f808801140bb405524d0ac486b388,2027,m2:cycle:n28:p3:g2027:a2,28,3,2
"[1.1780972450961724,0.39269908169872414,0.39269908169872414]",d5ffb1c90f9e63b70c08ab11868defb759ef1fa58224aa690bcf19f90f423191,"[[0,1],[0,27],[1,2],[2,3],[3,4],[4,5],[5,6],[6,7],[7,8],[8,9],[9,10],[10,11],[11,12],[12,13],[13,14],[14,15],[15,16],[16,17],[17,18],[18,19],[19,20],[20,21],[21,22],[22,23],[23,24],[24,25],[25,26],[26,27]]","[0.7853981633974483,2.356194490192345,2.356194490192345]",cycle,0b377967495a2c16439f38c8b2616348364f808801140bb405524d0ac486b388,2027,m2:cycle:n28:p3:g2027:a3,28,3,3
"[0.0,0.0,0.0]",29b1a3cc6b9fa3396a785f829e46699de97807f0dd89844ba0e38c7a41d9b10b,"[[0,1],[0,27],[1,2],[2,3],[3,4],[4,5],[5,6],[6,7],[7,8],[8,9],[9,10],[10,11],[11,12],[12,13],[13,14],[14,15],[15,16],[16,17],[17,18],[18,19],[19,20],[20,21],[21,22],[22,23],[23,24],[24,25],[25,26],[26,27]]","[0.0,0.0,0.0]",cycle,15ffa01a58c4025e11a7c0d045685ef55bb500f343b0b733c11923e4a49f018f,2028,m2:cycle:n28:p3:g2028:a0,28,3,0
"[0.7853981633974483,0.7853981633974483,0.7853981633974483]",79cd6fb7772fb3b10be15e91710e987c8cb03f7ac61b3322609ad97780928df2,"[[0,1],[0,27],[1,2],[2,3],[3,4],[4,5],[5,6],[6,7],[7,8],[8,9],[9,10],[10,11],[11,12],[12,13],[13,14],[14,15],[15,16],[16,17],[17,18],[18,19],[19,20],[20,21],[21,22],[22,23],[23,24],[24,25],[25,26],[26,27]]","[1.5707963267948966,1.5707963267948966,1.5707963267948966]",cycle,15ffa01a58c4025e11a7c0d045685ef55bb500f343b0b733c11923e4a49f018f,2028,m2:cycle:n28:p3:g2028:a1,28,3,1
"[0.39269908169872414,1.1780972450961724,1.1780972450961724]",712a2037eec09aa219355bfe36c36eb8ccb268c3795622d877ab9bd6cc9a1f6e,"[[0,1],[0,27],[1,2],[2,3],[3,4],[4,5],[5,6],[6,7],[7,8],[8,9],[9,10],[10,11],[11,12],[12,13],[13,14],[14,15],[15,16],[16,17],[17,18],[18,19],[19,20],[20,21],[21,22],[22,23],[23,24],[24,25],[25,26],[26,27]]","[2.356194490192345,0.7853981633974483,0.7853981633974483]",cycle,15ffa01a58c4025e11a7c0d045685ef55bb500f343b0b733c11923e4a49f018f,2028,m2:cycle:n28:p3:g2028:a2,28,3,2
"[1.1780972450961724,0.39269908169872414,0.39269908169872414]",23a8a1e442933077ec9d7231afa49267a143e768cb2e9cbfac77e3d3d9e499a6,"[[0,1],[0,27],[1,2],[2,3],[3,4],[4,5],[5,6],[6,7],[7,8],[8,9],[9,10],[10,11],[11,12],[12,13],[13,14],[14,15],[15,16],[16,17],[17,18],[18,19],[19,20],[20,21],[21,22],[22,23],[23,24],[24,25],[25,26],[26,27]]","[0.7853981633974483,2.356194490192345,2.356194490192345]",cycle,15ffa01a58c4025e11a7c0d045685ef55bb500f343b0b733c11923e4a49f018f,2028,m2:cycle:n28:p3:g2028:a3,28,3,3
[0.0],9bae649c00d57bece0327b36eb0336d2ff81c7aff10274155749a256b4b7bd12,"[[0,1],[0,29],[1,2],[2,3],[3,4],[4,5],[5,6],[6,7],[7,8],[8,9],[9,10],[10,11],[11,12],[12,13],[13,14],[14,15],[15,16],[16,17],[17,18],[18,19],[19,20],[20,21],[21,22],[22,23],[23,24],[24,25],[25,26],[26,27],[27,28],[28,29]]",[0.0],cycle,f8ee0e4522ca172d3cf2281aa614889fb6270ef399a5a1aa969c7e06fe6a8e38,2026,m2:cycle:n30:p1:g2026:a0,30,1,0
[0.7853981633974483],2010a99cc06800ce70aa68fd295437c3a10d807d04c2b3d33c54dab02a0cec70,"[[0,1],[0,29],[1,2],[2,3],[3,4],[4,5],[5,6],[6,7],[7,8],[8,9],[9,10],[10,11],[11,12],[12,13],[13,14],[14,15],[15,16],[16,17],[17,18],[18,19],[19,20],[20,21],[21,22],[22,23],[23,24],[24,25],[25,26],[26,27],[27,28],[28,29]]",[1.5707963267948966],cycle,f8ee0e4522ca172d3cf2281aa614889fb6270ef399a5a1aa969c7e06fe6a8e38,2026,m2:cycle:n30:p1:g2026:a1,30,1,1
[0.39269908169872414],69bd584ccc9d4b14cb816f8afc0982d0db565952e010e6a66d11897a653857cc,"[[0,1],[0,29],[1,2],[2,3],[3,4],[4,5],[5,6],[6,7],[7,8],[8,9],[9,10],[10,11],[11,12],[12,13],[13,14],[14,15],[15,16],[16,17],[17,18],[18,19],[19,20],[20,21],[21,22],[22,23],[23,24],[24,25],[25,26],[26,27],[27,28],[28,29]]",[2.356194490192345],cycle,f8ee0e4522ca172d3cf2281aa614889fb6270ef399a5a1aa969c7e06fe6a8e38,2026,m2:cycle:n30:p1:g2026:a2,30,1,2
[1.1780972450961724],8a7de639025c7b20159380aef1e8a9051192b292998971ae3796133999ba684d,"[[0,1],[0,29],[1,2],[2,3],[3,4],[4,5],[5,6],[6,7],[7,8],[8,9],[9,10],[10,11],[11,12],[12,13],[13,14],[14,15],[15,16],[16,17],[17,18],[18,19],[19,20],[20,21],[21,22],[22,23],[23,24],[24,25],[25,26],[26,27],[27,28],[28,29]]",[0.7853981633974483],cycle,f8ee0e4522ca172d3cf2281aa614889fb6270ef399a5a1aa969c7e06fe6a8e38,2026,m2:cycle:n30:p1:g2026:a3,30,1,3
[0.0],d96fd72ee31e3600a2a0ee8877902ded2b852db0e185ef0b6ca5728ab8dfb9dd,"[[0,1],[0,29],[1,2],[2,3],[3,4],[4,5],[5,6],[6,7],[7,8],[8,9],[9,10],[10,11],[11,12],[12,13],[13,14],[14,15],[15,16],[16,17],[17,18],[18,19],[19,20],[20,21],[21,22],[22,23],[23,24],[24,25],[25,26],[26,27],[27,28],[28,29]]",[0.0],cycle,1e8dd02a9d9caaccaa4bba21c3a5b8f8999b7f9554cb62f09bef20e138d46b1c,2027,m2:cycle:n30:p1:g2027:a0,30,1,0
[0.7853981633974483],4bc2d6448359a32bc2d3fb5c64b153d8cf8f0dda761aa409a355d06d6fd1d502,"[[0,1],[0,29],[1,2],[2,3],[3,4],[4,5],[5,6],[6,7],[7,8],[8,9],[9,10],[10,11],[11,12],[12,13],[13,14],[14,15],[15,16],[16,17],[17,18],[18,19],[19,20],[20,21],[21,22],[22,23],[23,24],[24,25],[25,26],[26,27],[27,28],[28,29]]",[1.5707963267948966],cycle,1e8dd02a9d9caaccaa4bba21c3a5b8f8999b7f9554cb62f09bef20e138d46b1c,2027,m2:cycle:n30:p1:g2027:a1,30,1,1
[0.39269908169872414],58c4fac1aa155148c04e614781c70d5f60b1c55e5b36b3a4509bb7f3b82f0305,"[[0,1],[0,29],[1,2],[2,3],[3,4],[4,5],[5,6],[6,7],[7,8],[8,9],[9,10],[10,11],[11,12],[12,13],[13,14],[14,15],[15,16],[16,17],[17,18],[18,19],[19,20],[20,21],[21,22],[22,23],[23,24],[24,25],[25,26],[26,27],[27,28],[28,29]]",[2.356194490192345],cycle,1e8dd02a9d9caaccaa4bba21c3a5b8f8999b7f9554cb62f09bef20e138d46b1c,2027,m2:cycle:n30:p1:g2027:a2,30,1,2
[1.1780972450961724],2c71cbc08dcf4be476c89f25c5a27984a2353a30affc40cba98df06a5e61bcfb,"[[0,1],[0,29],[1,2],[2,3],[3,4],[4,5],[5,6],[6,7],[7,8],[8,9],[9,10],[10,11],[11,12],[12,13],[13,14],[14,15],[15,16],[16,17],[17,18],[18,19],[19,20],[20,21],[21,22],[22,23],[23,24],[24,25],[25,26],[26,27],[27,28],[28,29]]",[0.7853981633974483],cycle,1e8dd02a9d9caaccaa4bba21c3a5b8f8999b7f9554cb62f09bef20e138d46b1c,2027,m2:cycle:n30:p1:g2027:a3,30,1,3
[0.0],94b6fff989645fb3055d39be63f1c499845bf433a091c8d1236ab52a9eb5ea8f,"[[0,1],[0,29],[1,2],[2,3],[3,4],[4,5],[5,6],[6,7],[7,8],[8,9],[9,10],[10,11],[11,12],[12,13],[13,14],[14,15],[15,16],[16,17],[17,18],[18,19],[19,20],[20,21],[21,22],[22,23],[23,24],[24,25],[25,26],[26,27],[27,28],[28,29]]",[0.0],cycle,9f7a0ba5572b53128b21696929f2477b8638763fa37f80c25bb10dc1fd495ffe,2028,m2:cycle:n30:p1:g2028:a0,30,1,0
[0.7853981633974483],4d1e1a9d771310ace6db3d5dced4721b6d1d7a4f287ac9b9a7ffd583c04d2dd8,"[[0,1],[0,29],[1,2],[2,3],[3,4],[4,5],[5,6],[6,7],[7,8],[8,9],[9,10],[10,11],[11,12],[12,13],[13,14],[14,15],[15,16],[16,17],[17,18],[18,19],[19,20],[20,21],[21,22],[22,23],[23,24],[24,25],[25,26],[26,27],[27,28],[28,29]]",[1.5707963267948966],cycle,9f7a0ba5572b53128b21696929f2477b8638763fa37f80c25bb10dc1fd495ffe,2028,m2:cycle:n30:p1:g2028:a1,30,1,1
[0.39269908169872414],0068d59294a886d634a2bf5594be9927c8a155d9e92ae0c091ad393354b3d7a9,"[[0,1],[0,29],[1,2],[2,3],[3,4],[4,5],[5,6],[6,7],[7,8],[8,9],[9,10],[10,11],[11,12],[12,13],[13,14],[14,15],[15,16],[16,17],[17,18],[18,19],[19,20],[20,21],[21,22],[22,23],[23,24],[24,25],[25,26],[26,27],[27,28],[28,29]]",[2.356194490192345],cycle,9f7a0ba5572b53128b21696929f2477b8638763fa37f80c25bb10dc1fd495ffe,2028,m2:cycle:n30:p1:g2028:a2,30,1,2
[1.1780972450961724],dad77c824372038a397bce48f764b505e2c0cff323a94cfd650ea5b62541a9d1,"[[0,1],[0,29],[1,2],[2,3],[3,4],[4,5],[5,6],[6,7],[7,8],[8,9],[9,10],[10,11],[11,12],[12,13],[13,14],[14,15],[15,16],[16,17],[17,18],[18,19],[19,20],[20,21],[21,22],[22,23],[23,24],[24,25],[25,26],[26,27],[27,28],[28,29]]",[0.7853981633974483],cycle,9f7a0ba5572b53128b21696929f2477b8638763fa37f80c25bb10dc1fd495ffe,2028,m2:cycle:n30:p1:g2028:a3,30,1,3
"[0.0,0.0]",a91e08f2762fe33418ad3f6289afa97990be3eb15d093c244098f102269ef0d3,"[[0,1],[0,29],[1,2],[2,3],[3,4],[4,5],[5,6],[6,7],[7,8],[8,9],[9,10],[10,11],[11,12],[12,13],[13,14],[14,15],[15,16],[16,17],[17,18],[18,19],[19,20],[20,21],[21,22],[22,23],[23,24],[24,25],[25,26],[26,27],[27,28],[28,29]]","[0.0,0.0]",cycle,f8ee0e4522ca172d3cf2281aa614889fb6270ef399a5a1aa969c7e06fe6a8e38,2026,m2:cycle:n30:p2:g2026:a0,30,2,0
"[0.7853981633974483,0.7853981633974483]",8fd5d68208026ee12cf8bfc5133182a51c80647409a4c40cba78c110a2584326,"[[0,1],[0,29],[1,2],[2,3],[3,4],[4,5],[5,6],[6,7],[7,8],[8,9],[9,10],[10,11],[11,12],[12,13],[13,14],[14,15],[15,16],[16,17],[17,18],[18,19],[19,20],[20,21],[21,22],[22,23],[23,24],[24,25],[25,26],[26,27],[27,28],[28,29]]","[1.5707963267948966,1.5707963267948966]",cycle,f8ee0e4522ca172d3cf2281aa614889fb6270ef399a5a1aa969c7e06fe6a8e38,2026,m2:cycle:n30:p2:g2026:a1,30,2,1
"[0.39269908169872414,1.1780972450961724]",d648ec4392bd0914bd7e64cad0cc649719cc300c36df1152b76422ac8f7b3d21,"[[0,1],[0,29],[1,2],[2,3],[3,4],[4,5],[5,6],[6,7],[7,8],[8,9],[9,10],[10,11],[11,12],[12,13],[13,14],[14,15],[15,16],[16,17],[17,18],[18,19],[19,20],[20,21],[21,22],[22,23],[23,24],[24,25],[25,26],[26,27],[27,28],[28,29]]","[2.356194490192345,0.7853981633974483]",cycle,f8ee0e4522ca172d3cf2281aa614889fb6270ef399a5a1aa969c7e06fe6a8e38,2026,m2:cycle:n30:p2:g2026:a2,30,2,2
"[1.1780972450961724,0.39269908169872414]",272c46812e5b4982d1905e583fae66e36071f431bdb4ff3fff32373ad38d0cc7,"[[0,1],[0,29],[1,2],[2,3],[3,4],[4,5],[5,6],[6,7],[7,8],[8,9],[9,10],[10,11],[11,12],[12,13],[13,14],[14,15],[15,16],[16,17],[17,18],[18,19],[19,20],[20,21],[21,22],[22,23],[23,24],[24,25],[25,26],[26,27],[27,28],[28,29]]","[0.7853981633974483,2.356194490192345]",cycle,f8ee0e4522ca172d3cf2281aa614889fb6270ef399a5a1aa969c7e06fe6a8e38,2026,m2:cycle:n30:p2:g2026:a3,30,2,3
"[0.0,0.0]",4b4dbab265a1d3e263761e97e9874df7f5d33696b754155f3290fc048ed4a032,"[[0,1],[0,29],[1,2],[2,3],[3,4],[4,5],[5,6],[6,7],[7,8],[8,9],[9,10],[10,11],[11,12],[12,13],[13,14],[14,15],[15,16],[16,17],[17,18],[18,19],[19,20],[20,21],[21,22],[22,23],[23,24],[24,25],[25,26],[26,27],[27,28],[28,29]]","[0.0,0.0]",cycle,1e8dd02a9d9caaccaa4bba21c3a5b8f8999b7f9554cb62f09bef20e138d46b1c,2027,m2:cycle:n30:p2:g2027:a0,30,2,0
"[0.7853981633974483,0.7853981633974483]",0bde94efdd5baf9b29f5e03427fec41320837ca173f1a440a25f1ad166d3b5a5,"[[0,1],[0,29],[1,2],[2,3],[3,4],[4,5],[5,6],[6,7],[7,8],[8,9],[9,10],[10,11],[11,12],[12,13],[13,14],[14,15],[15,16],[16,17],[17,18],[18,19],[19,20],[20,21],[21,22],[22,23],[23,24],[24,25],[25,26],[26,27],[27,28],[28,29]]","[1.5707963267948966,1.5707963267948966]",cycle,1e8dd02a9d9caaccaa4bba21c3a5b8f8999b7f9554cb62f09bef20e138d46b1c,2027,m2:cycle:n30:p2:g2027:a1,30,2,1
"[0.39269908169872414,1.1780972450961724]",e7480a314a48a6aacce9471ee546570ce7540d15e198c52e2e5904569e7a55ad,"[[0,1],[0,29],[1,2],[2,3],[3,4],[4,5],[5,6],[6,7],[7,8],[8,9],[9,10],[10,11],[11,12],[12,13],[13,14],[14,15],[15,16],[16,17],[17,18],[18,19],[19,20],[20,21],[21,22],[22,23],[23,24],[24,25],[25,26],[26,27],[27,28],[28,29]]","[2.356194490192345,0.7853981633974483]",cycle,1e8dd02a9d9caaccaa4bba21c3a5b8f8999b7f9554cb62f09bef20e138d46b1c,2027,m2:cycle:n30:p2:g2027:a2,30,2,2
"[1.1780972450961724,0.39269908169872414]",9b46e36ca110ef620419fd0fd2f2c37e13202e953e087e8a08debc455dc032d5,"[[0,1],[0,29],[1,2],[2,3],[3,4],[4,5],[5,6],[6,7],[7,8],[8,9],[9,10],[10,11],[11,12],[12,13],[13,14],[14,15],[15,16],[16,17],[17,18],[18,19],[19,20],[20,21],[21,22],[22,23],[23,24],[24,25],[25,26],[26,27],[27,28],[28,29]]","[0.7853981633974483,2.356194490192345]",cycle,1e8dd02a9d9caaccaa4bba21c3a5b8f8999b7f9554cb62f09bef20e138d46b1c,2027,m2:cycle:n30:p2:g2027:a3,30,2,3
"[0.0,0.0]",81565a28897b28ec6c4ef8f848780f9de7c1ec4bd79cd620170af5950cb8e7cd,"[[0,1],[0,29],[1,2],[2,3],[3,4],[4,5],[5,6],[6,7],[7,8],[8,9],[9,10],[10,11],[11,12],[12,13],[13,14],[14,15],[15,16],[16,17],[17,18],[18,19],[19,20],[20,21],[21,22],[22,23],[23,24],[24,25],[25,26],[26,27],[27,28],[28,29]]","[0.0,0.0]",cycle,9f7a0ba5572b53128b21696929f2477b8638763fa37f80c25bb10dc1fd495ffe,2028,m2:cycle:n30:p2:g2028:a0,30,2,0
"[0.7853981633974483,0.7853981633974483]",f4866e5d67027399d000d0d26dac0664965210851ab312aedeaf5005272df1b5,"[[0,1],[0,29],[1,2],[2,3],[3,4],[4,5],[5,6],[6,7],[7,8],[8,9],[9,10],[10,11],[11,12],[12,13],[13,14],[14,15],[15,16],[16,17],[17,18],[18,19],[19,20],[20,21],[21,22],[22,23],[23,24],[24,25],[25,26],[26,27],[27,28],[28,29]]","[1.5707963267948966,1.5707963267948966]",cycle,9f7a0ba5572b53128b21696929f2477b8638763fa37f80c25bb10dc1fd495ffe,2028,m2:cycle:n30:p2:g2028:a1,30,2,1
"[0.39269908169872414,1.1780972450961724]",a5d3635d8cbd2149c298223251d6a8f498985cc536e0f06f859caf5a31209deb,"[[0,1],[0,29],[1,2],[2,3],[3,4],[4,5],[5,6],[6,7],[7,8],[8,9],[9,10],[10,11],[11,12],[12,13],[13,14],[14,15],[15,16],[16,17],[17,18],[18,19],[19,20],[20,21],[21,22],[22,23],[23,24],[24,25],[25,26],[26,27],[27,28],[28,29]]","[2.356194490192345,0.7853981633974483]",cycle,9f7a0ba5572b53128b21696929f2477b8638763fa37f80c25bb10dc1fd495ffe,2028,m2:cycle:n30:p2:g2028:a2,30,2,2
"[1.1780972450961724,0.39269908169872414]",9da7bf2abcde5fbdf79b3127a7014c1461c7e4e4e1633ff48e6883cb904fda78,"[[0,1],[0,29],[1,2],[2,3],[3,4],[4,5],[5,6],[6,7],[7,8],[8,9],[9,10],[10,11],[11,12],[12,13],[13,14],[14,15],[15,16],[16,17],[17,18],[18,19],[19,20],[20,21],[21,22],[22,23],[23,24],[24,25],[25,26],[26,27],[27,28],[28,29]]","[0.7853981633974483,2.356194490192345]",cycle,9f7a0ba5572b53128b21696929f2477b8638763fa37f80c25bb10dc1fd495ffe,2028,m2:cycle:n30:p2:g2028:a3,30,2,3
"[0.0,0.0,0.0]",51ea4d499be6a0f36de74d5612855bd5ea23d1eee0c42404559addcd461b0d08,"[[0,1],[0,29],[1,2],[2,3],[3,4],[4,5],[5,6],[6,7],[7,8],[8,9],[9,10],[10,11],[11,12],[12,13],[13,14],[14,15],[15,16],[16,17],[17,18],[18,19],[19,20],[20,21],[21,22],[22,23],[23,24],[24,25],[25,26],[26,27],[27,28],[28,29]]","[0.0,0.0,0.0]",cycle,f8ee0e4522ca172d3cf2281aa614889fb6270ef399a5a1aa969c7e06fe6a8e38,2026,m2:cycle:n30:p3:g2026:a0,30,3,0
"[0.7853981633974483,0.7853981633974483,0.7853981633974483]",39df0c1cd99fcf161ba9e7ffcee3edbdc292ec4bde9ef139247baf1fe31f0957,"[[0,1],[0,29],[1,2],[2,3],[3,4],[4,5],[5,6],[6,7],[7,8],[8,9],[9,10],[10,11],[11,12],[12,13],[13,14],[14,15],[15,16],[16,17],[17,18],[18,19],[19,20],[20,21],[21,22],[22,23],[23,24],[24,25],[25,26],[26,27],[27,28],[28,29]]","[1.5707963267948966,1.5707963267948966,1.5707963267948966]",cycle,f8ee0e4522ca172d3cf2281aa614889fb6270ef399a5a1aa969c7e06fe6a8e38,2026,m2:cycle:n30:p3:g2026:a1,30,3,1
"[0.39269908169872414,1.1780972450961724,1.1780972450961724]",6b76a1afe778113e9bc655588577bd0c248551b7ea8d2d4a2f5f1d6e03f3388f,"[[0,1],[0,29],[1,2],[2,3],[3,4],[4,5],[5,6],[6,7],[7,8],[8,9],[9,10],[10,11],[11,12],[12,13],[13,14],[14,15],[15,16],[16,17],[17,18],[18,19],[19,20],[20,21],[21,22],[22,23],[23,24],[24,25],[25,26],[26,27],[27,28],[28,29]]","[2.356194490192345,0.7853981633974483,0.7853981633974483]",cycle,f8ee0e4522ca172d3cf2281aa614889fb6270ef399a5a1aa969c7e06fe6a8e38,2026,m2:cycle:n30:p3:g2026:a2,30,3,2
"[1.1780972450961724,0.39269908169872414,0.39269908169872414]",30473262237a110ba71e5c97a08706b346558506d41098c194383ee08a237794,"[[0,1],[0,29],[1,2],[2,3],[3,4],[4,5],[5,6],[6,7],[7,8],[8,9],[9,10],[10,11],[11,12],[12,13],[13,14],[14,15],[15,16],[16,17],[17,18],[18,19],[19,20],[20,21],[21,22],[22,23],[23,24],[24,25],[25,26],[26,27],[27,28],[28,29]]","[0.7853981633974483,2.356194490192345,2.356194490192345]",cycle,f8ee0e4522ca172d3cf2281aa614889fb6270ef399a5a1aa969c7e06fe6a8e38,2026,m2:cycle:n30:p3:g2026:a3,30,3,3
"[0.0,0.0,0.0]",ec5ca943091a43cfe2b6a22aeda9ba51c9a4197203e7127bde26cda1c92ac006,"[[0,1],[0,29],[1,2],[2,3],[3,4],[4,5],[5,6],[6,7],[7,8],[8,9],[9,10],[10,11],[11,12],[12,13],[13,14],[14,15],[15,16],[16,17],[17,18],[18,19],[19,20],[20,21],[21,22],[22,23],[23,24],[24,25],[25,26],[26,27],[27,28],[28,29]]","[0.0,0.0,0.0]",cycle,1e8dd02a9d9caaccaa4bba21c3a5b8f8999b7f9554cb62f09bef20e138d46b1c,2027,m2:cycle:n30:p3:g2027:a0,30,3,0
"[0.7853981633974483,0.7853981633974483,0.7853981633974483]",6754596ea7bceb5aec1d1626ed5d955183289976228901b2a54c123a5ea99437,"[[0,1],[0,29],[1,2],[2,3],[3,4],[4,5],[5,6],[6,7],[7,8],[8,9],[9,10],[10,11],[11,12],[12,13],[13,14],[14,15],[15,16],[16,17],[17,18],[18,19],[19,20],[20,21],[21,22],[22,23],[23,24],[24,25],[25,26],[26,27],[27,28],[28,29]]","[1.5707963267948966,1.5707963267948966,1.5707963267948966]",cycle,1e8dd02a9d9caaccaa4bba21c3a5b8f8999b7f9554cb62f09bef20e138d46b1c,2027,m2:cycle:n30:p3:g2027:a1,30,3,1
"[0.39269908169872414,1.1780972450961724,1.1780972450961724]",fca0bcf4ca59a071ae8c51a38497a1d37f4780d714ada1685e85467b41c21fbd,"[[0,1],[0,29],[1,2],[2,3],[3,4],[4,5],[5,6],[6,7],[7,8],[8,9],[9,10],[10,11],[11,12],[12,13],[13,14],[14,15],[15,16],[16,17],[17,18],[18,19],[19,20],[20,21],[21,22],[22,23],[23,24],[24,25],[25,26],[26,27],[27,28],[28,29]]","[2.356194490192345,0.7853981633974483,0.7853981633974483]",cycle,1e8dd02a9d9caaccaa4bba21c3a5b8f8999b7f9554cb62f09bef20e138d46b1c,2027,m2:cycle:n30:p3:g2027:a2,30,3,2
"[1.1780972450961724,0.39269908169872414,0.39269908169872414]",8031134e68aaeb2bc071d29fe403f18886949bc714608dd685727cbd32a67b64,"[[0,1],[0,29],[1,2],[2,3],[3,4],[4,5],[5,6],[6,7],[7,8],[8,9],[9,10],[10,11],[11,12],[12,13],[13,14],[14,15],[15,16],[16,17],[17,18],[18,19],[19,20],[20,21],[21,22],[22,23],[23,24],[24,25],[25,26],[26,27],[27,28],[28,29]]","[0.7853981633974483,2.356194490192345,2.356194490192345]",cycle,1e8dd02a9d9caaccaa4bba21c3a5b8f8999b7f9554cb62f09bef20e138d46b1c,2027,m2:cycle:n30:p3:g2027:a3,30,3,3
"[0.0,0.0,0.0]",99a2f483d853b4df6bb2c3b57681d3d896bdf34e33dce34dd4ca84e282d04398,"[[0,1],[0,29],[1,2],[2,3],[3,4],[4,5],[5,6],[6,7],[7,8],[8,9],[9,10],[10,11],[11,12],[12,13],[13,14],[14,15],[15,16],[16,17],[17,18],[18,19],[19,20],[20,21],[21,22],[22,23],[23,24],[24,25],[25,26],[26,27],[27,28],[28,29]]","[0.0,0.0,0.0]",cycle,9f7a0ba5572b53128b21696929f2477b8638763fa37f80c25bb10dc1fd495ffe,2028,m2:cycle:n30:p3:g2028:a0,30,3,0
"[0.7853981633974483,0.7853981633974483,0.7853981633974483]",d416abe6d4b6a837313bfd791529603fed7d28509d75190982996a2dc87079ec,"[[0,1],[0,29],[1,2],[2,3],[3,4],[4,5],[5,6],[6,7],[7,8],[8,9],[9,10],[10,11],[11,12],[12,13],[13,14],[14,15],[15,16],[16,17],[17,18],[18,19],[19,20],[20,21],[21,22],[22,23],[23,24],[24,25],[25,26],[26,27],[27,28],[28,29]]","[1.5707963267948966,1.5707963267948966,1.5707963267948966]",cycle,9f7a0ba5572b53128b21696929f2477b8638763fa37f80c25bb10dc1fd495ffe,2028,m2:cycle:n30:p3:g2028:a1,30,3,1
"[0.39269908169872414,1.1780972450961724,1.1780972450961724]",d1cbd8ab0274c7fab42d74dd275fcb69a8490ceee2f313b6d593a59fabc69b9d,"[[0,1],[0,29],[1,2],[2,3],[3,4],[4,5],[5,6],[6,7],[7,8],[8,9],[9,10],[10,11],[11,12],[12,13],[13,14],[14,15],[15,16],[16,17],[17,18],[18,19],[19,20],[20,21],[21,22],[22,23],[23,24],[24,25],[25,26],[26,27],[27,28],[28,29]]","[2.356194490192345,0.7853981633974483,0.7853981633974483]",cycle,9f7a0ba5572b53128b21696929f2477b8638763fa37f80c25bb10dc1fd495ffe,2028,m2:cycle:n30:p3:g2028:a2,30,3,2
"[1.1780972450961724,0.39269908169872414,0.39269908169872414]",f95f386f18d2dac278e7c93950f015d52cd3ec927055ec1b7e659a840ccf8c83,"[[0,1],[0,29],[1,2],[2,3],[3,4],[4,5],[5,6],[6,7],[7,8],[8,9],[9,10],[10,11],[11,12],[12,13],[13,14],[14,15],[15,16],[16,17],[17,18],[18,19],[19,20],[20,21],[21,22],[22,23],[23,24],[24,25],[25,26],[26,27],[27,28],[28,29]]","[0.7853981633974483,2.356194490192345,2.356194490192345]",cycle,9f7a0ba5572b53128b21696929f2477b8638763fa37f80c25bb10dc1fd495ffe,2028,m2:cycle:n30:p3:g2028:a3,30,3,3
[0.0],4dfc759376a999207979c8f21de56e5d7f276b6852828f48c6bd4f880ffe0871,"[[0,1],[0,31],[1,2],[2,3],[3,4],[4,5],[5,6],[6,7],[7,8],[8,9],[9,10],[10,11],[11,12],[12,13],[13,14],[14,15],[15,16],[16,17],[17,18],[18,19],[19,20],[20,21],[21,22],[22,23],[23,24],[24,25],[25,26],[26,27],[27,28],[28,29],[29,30],[30,31]]",[0.0],cycle,9c1195fd828fda25a75d3d046d55fbc85e62bd7f2b5d6034271a4ec6080cddbb,2026,m2:cycle:n32:p1:g2026:a0,32,1,0
[0.7853981633974483],5b74420046f89c70f648cd64c811a5afa5a3d10e00d846d7de77c45437ca5f80,"[[0,1],[0,31],[1,2],[2,3],[3,4],[4,5],[5,6],[6,7],[7,8],[8,9],[9,10],[10,11],[11,12],[12,13],[13,14],[14,15],[15,16],[16,17],[17,18],[18,19],[19,20],[20,21],[21,22],[22,23],[23,24],[24,25],[25,26],[26,27],[27,28],[28,29],[29,30],[30,31]]",[1.5707963267948966],cycle,9c1195fd828fda25a75d3d046d55fbc85e62bd7f2b5d6034271a4ec6080cddbb,2026,m2:cycle:n32:p1:g2026:a1,32,1,1
[0.39269908169872414],428dbb24ae4372aac604d9793f70fb78d9766b4b41d64ca95d6afb4b35c3fbe9,"[[0,1],[0,31],[1,2],[2,3],[3,4],[4,5],[5,6],[6,7],[7,8],[8,9],[9,10],[10,11],[11,12],[12,13],[13,14],[14,15],[15,16],[16,17],[17,18],[18,19],[19,20],[20,21],[21,22],[22,23],[23,24],[24,25],[25,26],[26,27],[27,28],[28,29],[29,30],[30,31]]",[2.356194490192345],cycle,9c1195fd828fda25a75d3d046d55fbc85e62bd7f2b5d6034271a4ec6080cddbb,2026,m2:cycle:n32:p1:g2026:a2,32,1,2
[1.1780972450961724],84e6c4252cad72db323453726ce9a423343f241cacfbabbdeb0adbee10aab899,"[[0,1],[0,31],[1,2],[2,3],[3,4],[4,5],[5,6],[6,7],[7,8],[8,9],[9,10],[10,11],[11,12],[12,13],[13,14],[14,15],[15,16],[16,17],[17,18],[18,19],[19,20],[20,21],[21,22],[22,23],[23,24],[24,25],[25,26],[26,27],[27,28],[28,29],[29,30],[30,31]]",[0.7853981633974483],cycle,9c1195fd828fda25a75d3d046d55fbc85e62bd7f2b5d6034271a4ec6080cddbb,2026,m2:cycle:n32:p1:g2026:a3,32,1,3
[0.0],55705912f4f8a730a66f290f2cdecb7aa135d5d1998b2e2ad6a505fb9e1626fc,"[[0,1],[0,31],[1,2],[2,3],[3,4],[4,5],[5,6],[6,7],[7,8],[8,9],[9,10],[10,11],[11,12],[12,13],[13,14],[14,15],[15,16],[16,17],[17,18],[18,19],[19,20],[20,21],[21,22],[22,23],[23,24],[24,25],[25,26],[26,27],[27,28],[28,29],[29,30],[30,31]]",[0.0],cycle,6bda52b88f7866003e4e0e6c47bb981a6d81cc1cafa72a83d059680ff3012210,2027,m2:cycle:n32:p1:g2027:a0,32,1,0
[0.7853981633974483],f1526ecdd23bdfca7f66f1773b726531897e3b47b2599d884fdfc649b91432a8,"[[0,1],[0,31],[1,2],[2,3],[3,4],[4,5],[5,6],[6,7],[7,8],[8,9],[9,10],[10,11],[11,12],[12,13],[13,14],[14,15],[15,16],[16,17],[17,18],[18,19],[19,20],[20,21],[21,22],[22,23],[23,24],[24,25],[25,26],[26,27],[27,28],[28,29],[29,30],[30,31]]",[1.5707963267948966],cycle,6bda52b88f7866003e4e0e6c47bb981a6d81cc1cafa72a83d059680ff3012210,2027,m2:cycle:n32:p1:g2027:a1,32,1,1
[0.39269908169872414],c51c264bed350074aee284bf8e59b2e7effd5316581211d115b7f057d34f4f28,"[[0,1],[0,31],[1,2],[2,3],[3,4],[4,5],[5,6],[6,7],[7,8],[8,9],[9,10],[10,11],[11,12],[12,13],[13,14],[14,15],[15,16],[16,17],[17,18],[18,19],[19,20],[20,21],[21,22],[22,23],[23,24],[24,25],[25,26],[26,27],[27,28],[28,29],[29,30],[30,31]]",[2.356194490192345],cycle,6bda52b88f7866003e4e0e6c47bb981a6d81cc1cafa72a83d059680ff3012210,2027,m2:cycle:n32:p1:g2027:a2,32,1,2
[1.1780972450961724],185d4cd7a1103640ec505bf867517f6eb9ccd3828c33c26f99e20c543d6bc758,"[[0,1],[0,31],[1,2],[2,3],[3,4],[4,5],[5,6],[6,7],[7,8],[8,9],[9,10],[10,11],[11,12],[12,13],[13,14],[14,15],[15,16],[16,17],[17,18],[18,19],[19,20],[20,21],[21,22],[22,23],[23,24],[24,25],[25,26],[26,27],[27,28],[28,29],[29,30],[30,31]]",[0.7853981633974483],cycle,6bda52b88f7866003e4e0e6c47bb981a6d81cc1cafa72a83d059680ff3012210,2027,m2:cycle:n32:p1:g2027:a3,32,1,3
[0.0],f658f2ea93c778c752bbf7f8802210ee82746dfc561a67e39a985730e00871c0,"[[0,1],[0,31],[1,2],[2,3],[3,4],[4,5],[5,6],[6,7],[7,8],[8,9],[9,10],[10,11],[11,12],[12,13],[13,14],[14,15],[15,16],[16,17],[17,18],[18,19],[19,20],[20,21],[21,22],[22,23],[23,24],[24,25],[25,26],[26,27],[27,28],[28,29],[29,30],[30,31]]",[0.0],cycle,0bcb5e5200ab750c5f649310b3184552a0ba2e63ab9bb6319db1f5bb0e9042ab,2028,m2:cycle:n32:p1:g2028:a0,32,1,0
[0.7853981633974483],1eaf26aa0cba8b70d1707d4e1e46890b8879ee1f8fb170ace0756617e160abd4,"[[0,1],[0,31],[1,2],[2,3],[3,4],[4,5],[5,6],[6,7],[7,8],[8,9],[9,10],[10,11],[11,12],[12,13],[13,14],[14,15],[15,16],[16,17],[17,18],[18,19],[19,20],[20,21],[21,22],[22,23],[23,24],[24,25],[25,26],[26,27],[27,28],[28,29],[29,30],[30,31]]",[1.5707963267948966],cycle,0bcb5e5200ab750c5f649310b3184552a0ba2e63ab9bb6319db1f5bb0e9042ab,2028,m2:cycle:n32:p1:g2028:a1,32,1,1
[0.39269908169872414],0a513071584b32720e199f98756b27c896df2e442edde348e790578d2cd3f3db,"[[0,1],[0,31],[1,2],[2,3],[3,4],[4,5],[5,6],[6,7],[7,8],[8,9],[9,10],[10,11],[11,12],[12,13],[13,14],[14,15],[15,16],[16,17],[17,18],[18,19],[19,20],[20,21],[21,22],[22,23],[23,24],[24,25],[25,26],[26,27],[27,28],[28,29],[29,30],[30,31]]",[2.356194490192345],cycle,0bcb5e5200ab750c5f649310b3184552a0ba2e63ab9bb6319db1f5bb0e9042ab,2028,m2:cycle:n32:p1:g2028:a2,32,1,2
[1.1780972450961724],eac1e93f5a2fa0be0f7838b0792eb346e7d156da6387035d734bc1db5cec2125,"[[0,1],[0,31],[1,2],[2,3],[3,4],[4,5],[5,6],[6,7],[7,8],[8,9],[9,10],[10,11],[11,12],[12,13],[13,14],[14,15],[15,16],[16,17],[17,18],[18,19],[19,20],[20,21],[21,22],[22,23],[23,24],[24,25],[25,26],[26,27],[27,28],[28,29],[29,30],[30,31]]",[0.7853981633974483],cycle,0bcb5e5200ab750c5f649310b3184552a0ba2e63ab9bb6319db1f5bb0e9042ab,2028,m2:cycle:n32:p1:g2028:a3,32,1,3
"[0.0,0.0]",770f6a2fcc354eb788ba234bc6725042bc7690c9784ae03faf555335246220cd,"[[0,1],[0,31],[1,2],[2,3],[3,4],[4,5],[5,6],[6,7],[7,8],[8,9],[9,10],[10,11],[11,12],[12,13],[13,14],[14,15],[15,16],[16,17],[17,18],[18,19],[19,20],[20,21],[21,22],[22,23],[23,24],[24,25],[25,26],[26,27],[27,28],[28,29],[29,30],[30,31]]","[0.0,0.0]",cycle,9c1195fd828fda25a75d3d046d55fbc85e62bd7f2b5d6034271a4ec6080cddbb,2026,m2:cycle:n32:p2:g2026:a0,32,2,0
"[0.7853981633974483,0.7853981633974483]",e709f0d5bcf9d7de25b6ac404a0a44185fa481515b55378077a128eb2b4c1fe6,"[[0,1],[0,31],[1,2],[2,3],[3,4],[4,5],[5,6],[6,7],[7,8],[8,9],[9,10],[10,11],[11,12],[12,13],[13,14],[14,15],[15,16],[16,17],[17,18],[18,19],[19,20],[20,21],[21,22],[22,23],[23,24],[24,25],[25,26],[26,27],[27,28],[28,29],[29,30],[30,31]]","[1.5707963267948966,1.5707963267948966]",cycle,9c1195fd828fda25a75d3d046d55fbc85e62bd7f2b5d6034271a4ec6080cddbb,2026,m2:cycle:n32:p2:g2026:a1,32,2,1
"[0.39269908169872414,1.1780972450961724]",0bc403b7c4ec51f1277df6c147cef4678874444b7bb7a1f303478336975d4f6f,"[[0,1],[0,31],[1,2],[2,3],[3,4],[4,5],[5,6],[6,7],[7,8],[8,9],[9,10],[10,11],[11,12],[12,13],[13,14],[14,15],[15,16],[16,17],[17,18],[18,19],[19,20],[20,21],[21,22],[22,23],[23,24],[24,25],[25,26],[26,27],[27,28],[28,29],[29,30],[30,31]]","[2.356194490192345,0.7853981633974483]",cycle,9c1195fd828fda25a75d3d046d55fbc85e62bd7f2b5d6034271a4ec6080cddbb,2026,m2:cycle:n32:p2:g2026:a2,32,2,2
"[1.1780972450961724,0.39269908169872414]",88015188274984f1e2187ad5a8e7ebdb93e7c7e31a809ba11e8865d7c2eb8a3d,"[[0,1],[0,31],[1,2],[2,3],[3,4],[4,5],[5,6],[6,7],[7,8],[8,9],[9,10],[10,11],[11,12],[12,13],[13,14],[14,15],[15,16],[16,17],[17,18],[18,19],[19,20],[20,21],[21,22],[22,23],[23,24],[24,25],[25,26],[26,27],[27,28],[28,29],[29,30],[30,31]]","[0.7853981633974483,2.356194490192345]",cycle,9c1195fd828fda25a75d3d046d55fbc85e62bd7f2b5d6034271a4ec6080cddbb,2026,m2:cycle:n32:p2:g2026:a3,32,2,3
"[0.0,0.0]",2bbee38f55f2f3a7ea59172a61e27c1fda852c0e6232018327b822303d38c089,"[[0,1],[0,31],[1,2],[2,3],[3,4],[4,5],[5,6],[6,7],[7,8],[8,9],[9,10],[10,11],[11,12],[12,13],[13,14],[14,15],[15,16],[16,17],[17,18],[18,19],[19,20],[20,21],[21,22],[22,23],[23,24],[24,25],[25,26],[26,27],[27,28],[28,29],[29,30],[30,31]]","[0.0,0.0]",cycle,6bda52b88f7866003e4e0e6c47bb981a6d81cc1cafa72a83d059680ff3012210,2027,m2:cycle:n32:p2:g2027:a0,32,2,0
"[0.7853981633974483,0.7853981633974483]",4fd7d68315c4ac9837a47228a75ed206ec2d9b7e7c7b47570b6aef20d433dd23,"[[0,1],[0,31],[1,2],[2,3],[3,4],[4,5],[5,6],[6,7],[7,8],[8,9],[9,10],[10,11],[11,12],[12,13],[13,14],[14,15],[15,16],[16,17],[17,18],[18,19],[19,20],[20,21],[21,22],[22,23],[23,24],[24,25],[25,26],[26,27],[27,28],[28,29],[29,30],[30,31]]","[1.5707963267948966,1.5707963267948966]",cycle,6bda52b88f7866003e4e0e6c47bb981a6d81cc1cafa72a83d059680ff3012210,2027,m2:cycle:n32:p2:g2027:a1,32,2,1
"[0.39269908169872414,1.1780972450961724]",af1ac37e49e4768090fd872a06ee9f1cb85768eee146f2454471c8dcadf81c93,"[[0,1],[0,31],[1,2],[2,3],[3,4],[4,5],[5,6],[6,7],[7,8],[8,9],[9,10],[10,11],[11,12],[12,13],[13,14],[14,15],[15,16],[16,17],[17,18],[18,19],[19,20],[20,21],[21,22],[22,23],[23,24],[24,25],[25,26],[26,27],[27,28],[28,29],[29,30],[30,31]]","[2.356194490192345,0.7853981633974483]",cycle,6bda52b88f7866003e4e0e6c47bb981a6d81cc1cafa72a83d059680ff3012210,2027,m2:cycle:n32:p2:g2027:a2,32,2,2
"[1.1780972450961724,0.39269908169872414]",877ff4316976b5a0f918013d44565e24cfaa0b76d05d264b5f92c1b93c39c131,"[[0,1],[0,31],[1,2],[2,3],[3,4],[4,5],[5,6],[6,7],[7,8],[8,9],[9,10],[10,11],[11,12],[12,13],[13,14],[14,15],[15,16],[16,17],[17,18],[18,19],[19,20],[20,21],[21,22],[22,23],[23,24],[24,25],[25,26],[26,27],[27,28],[28,29],[29,30],[30,31]]","[0.7853981633974483,2.356194490192345]",cycle,6bda52b88f7866003e4e0e6c47bb981a6d81cc1cafa72a83d059680ff3012210,2027,m2:cycle:n32:p2:g2027:a3,32,2,3
"[0.0,0.0]",83235278372a728c5f52a768e970645da598d88782f92668c964e44a32a9e818,"[[0,1],[0,31],[1,2],[2,3],[3,4],[4,5],[5,6],[6,7],[7,8],[8,9],[9,10],[10,11],[11,12],[12,13],[13,14],[14,15],[15,16],[16,17],[17,18],[18,19],[19,20],[20,21],[21,22],[22,23],[23,24],[24,25],[25,26],[26,27],[27,28],[28,29],[29,30],[30,31]]","[0.0,0.0]",cycle,0bcb5e5200ab750c5f649310b3184552a0ba2e63ab9bb6319db1f5bb0e9042ab,2028,m2:cycle:n32:p2:g2028:a0,32,2,0
"[0.7853981633974483,0.7853981633974483]",ab55c5af43aa0316580966d84e67ac539d686d078313d50c3bf3b0d626779ab9,"[[0,1],[0,31],[1,2],[2,3],[3,4],[4,5],[5,6],[6,7],[7,8],[8,9],[9,10],[10,11],[11,12],[12,13],[13,14],[14,15],[15,16],[16,17],[17,18],[18,19],[19,20],[20,21],[21,22],[22,23],[23,24],[24,25],[25,26],[26,27],[27,28],[28,29],[29,30],[30,31]]","[1.5707963267948966,1.5707963267948966]",cycle,0bcb5e5200ab750c5f649310b3184552a0ba2e63ab9bb6319db1f5bb0e9042ab,2028,m2:cycle:n32:p2:g2028:a1,32,2,1
"[0.39269908169872414,1.1780972450961724]",13801924a0b79e07457dcca0ec2d7ca76fff0c5c35a07b5df19ca63cc6797f82,"[[0,1],[0,31],[1,2],[2,3],[3,4],[4,5],[5,6],[6,7],[7,8],[8,9],[9,10],[10,11],[11,12],[12,13],[13,14],[14,15],[15,16],[16,17],[17,18],[18,19],[19,20],[20,21],[21,22],[22,23],[23,24],[24,25],[25,26],[26,27],[27,28],[28,29],[29,30],[30,31]]","[2.356194490192345,0.7853981633974483]",cycle,0bcb5e5200ab750c5f649310b3184552a0ba2e63ab9bb6319db1f5bb0e9042ab,2028,m2:cycle:n32:p2:g2028:a2,32,2,2
"[1.1780972450961724,0.39269908169872414]",8ebdf27e6d758f09d533e4a93448256773e8effb52e3f9cf5595849bab7a56bc,"[[0,1],[0,31],[1,2],[2,3],[3,4],[4,5],[5,6],[6,7],[7,8],[8,9],[9,10],[10,11],[11,12],[12,13],[13,14],[14,15],[15,16],[16,17],[17,18],[18,19],[19,20],[20,21],[21,22],[22,23],[23,24],[24,25],[25,26],[26,27],[27,28],[28,29],[29,30],[30,31]]","[0.7853981633974483,2.356194490192345]",cycle,0bcb5e5200ab750c5f649310b3184552a0ba2e63ab9bb6319db1f5bb0e9042ab,2028,m2:cycle:n32:p2:g2028:a3,32,2,3
"[0.0,0.0,0.0]",0331071a5cc9a6c24ffcf9192329f9de5b3085bc71efd9461e81014e4414be7d,"[[0,1],[0,31],[1,2],[2,3],[3,4],[4,5],[5,6],[6,7],[7,8],[8,9],[9,10],[10,11],[11,12],[12,13],[13,14],[14,15],[15,16],[16,17],[17,18],[18,19],[19,20],[20,21],[21,22],[22,23],[23,24],[24,25],[25,26],[26,27],[27,28],[28,29],[29,30],[30,31]]","[0.0,0.0,0.0]",cycle,9c1195fd828fda25a75d3d046d55fbc85e62bd7f2b5d6034271a4ec6080cddbb,2026,m2:cycle:n32:p3:g2026:a0,32,3,0
"[0.7853981633974483,0.7853981633974483,0.7853981633974483]",c3abaa660bec9a86f70ab8e59b767caa739277dcb090ed4c8e6dace4c58d88e6,"[[0,1],[0,31],[1,2],[2,3],[3,4],[4,5],[5,6],[6,7],[7,8],[8,9],[9,10],[10,11],[11,12],[12,13],[13,14],[14,15],[15,16],[16,17],[17,18],[18,19],[19,20],[20,21],[21,22],[22,23],[23,24],[24,25],[25,26],[26,27],[27,28],[28,29],[29,30],[30,31]]","[1.5707963267948966,1.5707963267948966,1.5707963267948966]",cycle,9c1195fd828fda25a75d3d046d55fbc85e62bd7f2b5d6034271a4ec6080cddbb,2026,m2:cycle:n32:p3:g2026:a1,32,3,1
"[0.39269908169872414,1.1780972450961724,1.1780972450961724]",d0c97efbb31475a8636a5edf40ca7ed3c02498e23cd9547374a8cfe25452c9ca,"[[0,1],[0,31],[1,2],[2,3],[3,4],[4,5],[5,6],[6,7],[7,8],[8,9],[9,10],[10,11],[11,12],[12,13],[13,14],[14,15],[15,16],[16,17],[17,18],[18,19],[19,20],[20,21],[21,22],[22,23],[23,24],[24,25],[25,26],[26,27],[27,28],[28,29],[29,30],[30,31]]","[2.356194490192345,0.7853981633974483,0.7853981633974483]",cycle,9c1195fd828fda25a75d3d046d55fbc85e62bd7f2b5d6034271a4ec6080cddbb,2026,m2:cycle:n32:p3:g2026:a2,32,3,2
"[1.1780972450961724,0.39269908169872414,0.39269908169872414]",b47574a2a5c4ac41d5545bd29097ec9a45d688c759565bc737ee5039a72f3a97,"[[0,1],[0,31],[1,2],[2,3],[3,4],[4,5],[5,6],[6,7],[7,8],[8,9],[9,10],[10,11],[11,12],[12,13],[13,14],[14,15],[15,16],[16,17],[17,18],[18,19],[19,20],[20,21],[21,22],[22,23],[23,24],[24,25],[25,26],[26,27],[27,28],[28,29],[29,30],[30,31]]","[0.7853981633974483,2.356194490192345,2.356194490192345]",cycle,9c1195fd828fda25a75d3d046d55fbc85e62bd7f2b5d6034271a4ec6080cddbb,2026,m2:cycle:n32:p3:g2026:a3,32,3,3
"[0.0,0.0,0.0]",3ea08bdd6d7c76341ef10271a6839c2968c9eb626152a0d571e0e2494af5192c,"[[0,1],[0,31],[1,2],[2,3],[3,4],[4,5],[5,6],[6,7],[7,8],[8,9],[9,10],[10,11],[11,12],[12,13],[13,14],[14,15],[15,16],[16,17],[17,18],[18,19],[19,20],[20,21],[21,22],[22,23],[23,24],[24,25],[25,26],[26,27],[27,28],[28,29],[29,30],[30,31]]","[0.0,0.0,0.0]",cycle,6bda52b88f7866003e4e0e6c47bb981a6d81cc1cafa72a83d059680ff3012210,2027,m2:cycle:n32:p3:g2027:a0,32,3,0
"[0.7853981633974483,0.7853981633974483,0.7853981633974483]",5b3ca34976a47a79d4de2ce02abc18fe84ea9c05e81203ec3d30e4d0a7111cc7,"[[0,1],[0,31],[1,2],[2,3],[3,4],[4,5],[5,6],[6,7],[7,8],[8,9],[9,10],[10,11],[11,12],[12,13],[13,14],[14,15],[15,16],[16,17],[17,18],[18,19],[19,20],[20,21],[21,22],[22,23],[23,24],[24,25],[25,26],[26,27],[27,28],[28,29],[29,30],[30,31]]","[1.5707963267948966,1.5707963267948966,1.5707963267948966]",cycle,6bda52b88f7866003e4e0e6c47bb981a6d81cc1cafa72a83d059680ff3012210,2027,m2:cycle:n32:p3:g2027:a1,32,3,1
"[0.39269908169872414,1.1780972450961724,1.1780972450961724]",61bd094e8a4c7d37ef199ef3bb70bf73a4e6fa8a6aabe828e7997cc12fdef8b4,"[[0,1],[0,31],[1,2],[2,3],[3,4],[4,5],[5,6],[6,7],[7,8],[8,9],[9,10],[10,11],[11,12],[12,13],[13,14],[14,15],[15,16],[16,17],[17,18],[18,19],[19,20],[20,21],[21,22],[22,23],[23,24],[24,25],[25,26],[26,27],[27,28],[28,29],[29,30],[30,31]]","[2.356194490192345,0.7853981633974483,0.7853981633974483]",cycle,6bda52b88f7866003e4e0e6c47bb981a6d81cc1cafa72a83d059680ff3012210,2027,m2:cycle:n32:p3:g2027:a2,32,3,2
"[1.1780972450961724,0.39269908169872414,0.39269908169872414]",9274c389465da13dfb97580f4c43504394159a00a24ef6520d2206bb9c90329e,"[[0,1],[0,31],[1,2],[2,3],[3,4],[4,5],[5,6],[6,7],[7,8],[8,9],[9,10],[10,11],[11,12],[12,13],[13,14],[14,15],[15,16],[16,17],[17,18],[18,19],[19,20],[20,21],[21,22],[22,23],[23,24],[24,25],[25,26],[26,27],[27,28],[28,29],[29,30],[30,31]]","[0.7853981633974483,2.356194490192345,2.356194490192345]",cycle,6bda52b88f7866003e4e0e6c47bb981a6d81cc1cafa72a83d059680ff3012210,2027,m2:cycle:n32:p3:g2027:a3,32,3,3
"[0.0,0.0,0.0]",bc8453c7a6f323afdbb0820c0ea5e9ac4376667ee84e1bfcc9123d167e5199bc,"[[0,1],[0,31],[1,2],[2,3],[3,4],[4,5],[5,6],[6,7],[7,8],[8,9],[9,10],[10,11],[11,12],[12,13],[13,14],[14,15],[15,16],[16,17],[17,18],[18,19],[19,20],[20,21],[21,22],[22,23],[23,24],[24,25],[25,26],[26,27],[27,28],[28,29],[29,30],[30,31]]","[0.0,0.0,0.0]",cycle,0bcb5e5200ab750c5f649310b3184552a0ba2e63ab9bb6319db1f5bb0e9042ab,2028,m2:cycle:n32:p3:g2028:a0,32,3,0
"[0.7853981633974483,0.7853981633974483,0.7853981633974483]",aed50732eea8f7a8e44334005ddc40161ea08c572bf6dd629689aea28bfb331e,"[[0,1],[0,31],[1,2],[2,3],[3,4],[4,5],[5,6],[6,7],[7,8],[8,9],[9,10],[10,11],[11,12],[12,13],[13,14],[14,15],[15,16],[16,17],[17,18],[18,19],[19,20],[20,21],[21,22],[22,23],[23,24],[24,25],[25,26],[26,27],[27,28],[28,29],[29,30],[30,31]]","[1.5707963267948966,1.5707963267948966,1.5707963267948966]",cycle,0bcb5e5200ab750c5f649310b3184552a0ba2e63ab9bb6319db1f5bb0e9042ab,2028,m2:cycle:n32:p3:g2028:a1,32,3,1
"[0.39269908169872414,1.1780972450961724,1.1780972450961724]",918b024009e4307d66ec7260fb3eb78d6f56c7e27916d17c116fd6d8d0c6eede,"[[0,1],[0,31],[1,2],[2,3],[3,4],[4,5],[5,6],[6,7],[7,8],[8,9],[9,10],[10,11],[11,12],[12,13],[13,14],[14,15],[15,16],[16,17],[17,18],[18,19],[19,20],[20,21],[21,22],[22,23],[23,24],[24,25],[25,26],[26,27],[27,28],[28,29],[29,30],[30,31]]","[2.356194490192345,0.7853981633974483,0.7853981633974483]",cycle,0bcb5e5200ab750c5f649310b3184552a0ba2e63ab9bb6319db1f5bb0e9042ab,2028,m2:cycle:n32:p3:g2028:a2,32,3,2
"[1.1780972450961724,0.39269908169872414,0.39269908169872414]",01e096f6d119505eafaf0c80b0b19c9c85614b3af850e2276cd8642259c18814,"[[0,1],[0,31],[1,2],[2,3],[3,4],[4,5],[5,6],[6,7],[7,8],[8,9],[9,10],[10,11],[11,12],[12,13],[13,14],[14,15],[15,16],[16,17],[17,18],[18,19],[19,20],[20,21],[21,22],[22,23],[23,24],[24,25],[25,26],[26,27],[27,28],[28,29],[29,30],[30,31]]","[0.7853981633974483,2.356194490192345,2.356194490192345]",cycle,0bcb5e5200ab750c5f649310b3184552a0ba2e63ab9bb6319db1f5bb0e9042ab,2028,m2:cycle:n32:p3:g2028:a3,32,3,3
[0.0],cf604f1bba3903e9bc81125d1594917344abb870225c17a68586acb60bbf80b2,"[[0,1],[0,2],[0,4],[1,4],[1,5],[2,3],[2,5],[3,4],[3,5]]",[0.0],random_3_regular,c3616a57662b3393ca8dfdb96a9b2f992553685e85b71f43f688449cdba14afa,2026,m2:random_3_regular:n6:p1:g2026:a0,6,1,0
[0.7853981633974483],09636ac497251b7f08f67e9d6bd4fb78f0f82209f27805b7510efeb0cf9aee38,"[[0,1],[0,2],[0,4],[1,4],[1,5],[2,3],[2,5],[3,4],[3,5]]",[1.5707963267948966],random_3_regular,c3616a57662b3393ca8dfdb96a9b2f992553685e85b71f43f688449cdba14afa,2026,m2:random_3_regular:n6:p1:g2026:a1,6,1,1
[0.39269908169872414],195688f3a3e355a52f00194f11a24460e6325d4369b5bbc853ad4ff540aa21a5,"[[0,1],[0,2],[0,4],[1,4],[1,5],[2,3],[2,5],[3,4],[3,5]]",[2.356194490192345],random_3_regular,c3616a57662b3393ca8dfdb96a9b2f992553685e85b71f43f688449cdba14afa,2026,m2:random_3_regular:n6:p1:g2026:a2,6,1,2
[1.1780972450961724],1a6d400a04137cfc1d30c2324ae414762e156d87e016e0ab6376c6eae551b18d,"[[0,1],[0,2],[0,4],[1,4],[1,5],[2,3],[2,5],[3,4],[3,5]]",[0.7853981633974483],random_3_regular,c3616a57662b3393ca8dfdb96a9b2f992553685e85b71f43f688449cdba14afa,2026,m2:random_3_regular:n6:p1:g2026:a3,6,1,3
[0.0],45a930821ac7b7469258e215b7001db222fd3950dd1875a3c2f2cae0bdafd962,"[[0,1],[0,2],[0,5],[1,3],[1,4],[2,3],[2,4],[3,5],[4,5]]",[0.0],random_3_regular,572cf3c274fcbf432a8392bfdd2e4569aade3aec09887afcc86003b2a9344c6b,2027,m2:random_3_regular:n6:p1:g2027:a0,6,1,0
[0.7853981633974483],9803a92bb736a2b6c66c59b532e87b2523669efe66eee5e441715e6bb975b8a8,"[[0,1],[0,2],[0,5],[1,3],[1,4],[2,3],[2,4],[3,5],[4,5]]",[1.5707963267948966],random_3_regular,572cf3c274fcbf432a8392bfdd2e4569aade3aec09887afcc86003b2a9344c6b,2027,m2:random_3_regular:n6:p1:g2027:a1,6,1,1
[0.39269908169872414],153a9cefa79b65deda1a76d13b1fdc57f70f2176fb72b3083db3b25db1c6c090,"[[0,1],[0,2],[0,5],[1,3],[1,4],[2,3],[2,4],[3,5],[4,5]]",[2.356194490192345],random_3_regular,572cf3c274fcbf432a8392bfdd2e4569aade3aec09887afcc86003b2a9344c6b,2027,m2:random_3_regular:n6:p1:g2027:a2,6,1,2
[1.1780972450961724],e477b49f5270961c5f2d4b37ede60a662274433b452890d6b715ed81788bae48,"[[0,1],[0,2],[0,5],[1,3],[1,4],[2,3],[2,4],[3,5],[4,5]]",[0.7853981633974483],random_3_regular,572cf3c274fcbf432a8392bfdd2e4569aade3aec09887afcc86003b2a9344c6b,2027,m2:random_3_regular:n6:p1:g2027:a3,6,1,3
[0.0],7e3ba8baaa2ef4635869ff1bad645ddbe098b9297ea457cc1e393eeff106e78a,"[[0,1],[0,4],[0,5],[1,2],[1,3],[2,4],[2,5],[3,4],[3,5]]",[0.0],random_3_regular,2b56780d6c65dd2b21b188b254ad99bb7651bf595a36811c86fd2c346e0262ab,2028,m2:random_3_regular:n6:p1:g2028:a0,6,1,0
[0.7853981633974483],ed49653d2c8370a4777e1bee6c4f77b21eeeea302a6c6ac1c83c44785fb0bfd1,"[[0,1],[0,4],[0,5],[1,2],[1,3],[2,4],[2,5],[3,4],[3,5]]",[1.5707963267948966],random_3_regular,2b56780d6c65dd2b21b188b254ad99bb7651bf595a36811c86fd2c346e0262ab,2028,m2:random_3_regular:n6:p1:g2028:a1,6,1,1
[0.39269908169872414],b52ada9a6727d1b4d6bffb12ac7c671bdda36eef0706866b55e1bb4e2cf3982f,"[[0,1],[0,4],[0,5],[1,2],[1,3],[2,4],[2,5],[3,4],[3,5]]",[2.356194490192345],random_3_regular,2b56780d6c65dd2b21b188b254ad99bb7651bf595a36811c86fd2c346e0262ab,2028,m2:random_3_regular:n6:p1:g2028:a2,6,1,2
[1.1780972450961724],8884b4d5808219f9024fbfa6e417f0bf7a84fe855206f280495e0a690925c571,"[[0,1],[0,4],[0,5],[1,2],[1,3],[2,4],[2,5],[3,4],[3,5]]",[0.7853981633974483],random_3_regular,2b56780d6c65dd2b21b188b254ad99bb7651bf595a36811c86fd2c346e0262ab,2028,m2:random_3_regular:n6:p1:g2028:a3,6,1,3
"[0.0,0.0]",3541dc77331d3dc81fa15120e29726b57df2725d2e04c571a7396a651f88c427,"[[0,1],[0,2],[0,4],[1,4],[1,5],[2,3],[2,5],[3,4],[3,5]]","[0.0,0.0]",random_3_regular,c3616a57662b3393ca8dfdb96a9b2f992553685e85b71f43f688449cdba14afa,2026,m2:random_3_regular:n6:p2:g2026:a0,6,2,0
"[0.7853981633974483,0.7853981633974483]",b69c75a3d9ca8ecb281ffeddb8ee045966eee057cae2ac3870e7163286473dd0,"[[0,1],[0,2],[0,4],[1,4],[1,5],[2,3],[2,5],[3,4],[3,5]]","[1.5707963267948966,1.5707963267948966]",random_3_regular,c3616a57662b3393ca8dfdb96a9b2f992553685e85b71f43f688449cdba14afa,2026,m2:random_3_regular:n6:p2:g2026:a1,6,2,1
"[0.39269908169872414,1.1780972450961724]",3c5004aedd599f9020c944a1a373d3102c87d1edcab4201428fbfeab3b4e7eca,"[[0,1],[0,2],[0,4],[1,4],[1,5],[2,3],[2,5],[3,4],[3,5]]","[2.356194490192345,0.7853981633974483]",random_3_regular,c3616a57662b3393ca8dfdb96a9b2f992553685e85b71f43f688449cdba14afa,2026,m2:random_3_regular:n6:p2:g2026:a2,6,2,2
"[1.1780972450961724,0.39269908169872414]",adffb8cb6d230345b158abfc935bd013c0245b2eb164472ad04035dcaeca7336,"[[0,1],[0,2],[0,4],[1,4],[1,5],[2,3],[2,5],[3,4],[3,5]]","[0.7853981633974483,2.356194490192345]",random_3_regular,c3616a57662b3393ca8dfdb96a9b2f992553685e85b71f43f688449cdba14afa,2026,m2:random_3_regular:n6:p2:g2026:a3,6,2,3
"[0.0,0.0]",f3ee8a9a1a0e9c8892671bab796d06b806f38c039af389a88fe6a01e5b5ff222,"[[0,1],[0,2],[0,5],[1,3],[1,4],[2,3],[2,4],[3,5],[4,5]]","[0.0,0.0]",random_3_regular,572cf3c274fcbf432a8392bfdd2e4569aade3aec09887afcc86003b2a9344c6b,2027,m2:random_3_regular:n6:p2:g2027:a0,6,2,0
"[0.7853981633974483,0.7853981633974483]",06535fcf14ca0e1d21ad7cb1516435505fb2d4f9d6a23703f7927ce6d758d659,"[[0,1],[0,2],[0,5],[1,3],[1,4],[2,3],[2,4],[3,5],[4,5]]","[1.5707963267948966,1.5707963267948966]",random_3_regular,572cf3c274fcbf432a8392bfdd2e4569aade3aec09887afcc86003b2a9344c6b,2027,m2:random_3_regular:n6:p2:g2027:a1,6,2,1
"[0.39269908169872414,1.1780972450961724]",c45f496dade5f0fc38f66f831df9170c750538e39137b9b1a68538fda08badbd,"[[0,1],[0,2],[0,5],[1,3],[1,4],[2,3],[2,4],[3,5],[4,5]]","[2.356194490192345,0.7853981633974483]",random_3_regular,572cf3c274fcbf432a8392bfdd2e4569aade3aec09887afcc86003b2a9344c6b,2027,m2:random_3_regular:n6:p2:g2027:a2,6,2,2
"[1.1780972450961724,0.39269908169872414]",85db46789100561cafd95fdbcbe3a945eefd571be0df7d0b4560ff35210ae448,"[[0,1],[0,2],[0,5],[1,3],[1,4],[2,3],[2,4],[3,5],[4,5]]","[0.7853981633974483,2.356194490192345]",random_3_regular,572cf3c274fcbf432a8392bfdd2e4569aade3aec09887afcc86003b2a9344c6b,2027,m2:random_3_regular:n6:p2:g2027:a3,6,2,3
"[0.0,0.0]",c914f2953af11b5f44071734123287d022270391efebad30ffc2f8e4b644e91d,"[[0,1],[0,4],[0,5],[1,2],[1,3],[2,4],[2,5],[3,4],[3,5]]","[0.0,0.0]",random_3_regular,2b56780d6c65dd2b21b188b254ad99bb7651bf595a36811c86fd2c346e0262ab,2028,m2:random_3_regular:n6:p2:g2028:a0,6,2,0
"[0.7853981633974483,0.7853981633974483]",331f6740858af98e08ce9c0552077fa8d9eed01c16baad85691dbc5d3f9c5f95,"[[0,1],[0,4],[0,5],[1,2],[1,3],[2,4],[2,5],[3,4],[3,5]]","[1.5707963267948966,1.5707963267948966]",random_3_regular,2b56780d6c65dd2b21b188b254ad99bb7651bf595a36811c86fd2c346e0262ab,2028,m2:random_3_regular:n6:p2:g2028:a1,6,2,1
"[0.39269908169872414,1.1780972450961724]",e898cc9685e87dada705d1dd7452bdf4033ef2b1bd6a66d4905b50a4e44d6e6e,"[[0,1],[0,4],[0,5],[1,2],[1,3],[2,4],[2,5],[3,4],[3,5]]","[2.356194490192345,0.7853981633974483]",random_3_regular,2b56780d6c65dd2b21b188b254ad99bb7651bf595a36811c86fd2c346e0262ab,2028,m2:random_3_regular:n6:p2:g2028:a2,6,2,2
"[1.1780972450961724,0.39269908169872414]",6cb48bca967a89fbe32d7ac1696914922b5a674d25346c2e853cec88643cb3b0,"[[0,1],[0,4],[0,5],[1,2],[1,3],[2,4],[2,5],[3,4],[3,5]]","[0.7853981633974483,2.356194490192345]",random_3_regular,2b56780d6c65dd2b21b188b254ad99bb7651bf595a36811c86fd2c346e0262ab,2028,m2:random_3_regular:n6:p2:g2028:a3,6,2,3
"[0.0,0.0,0.0]",8396513103e38168ee392570c1350fcb337863fe3e605364ed76ac929d98eea5,"[[0,1],[0,2],[0,4],[1,4],[1,5],[2,3],[2,5],[3,4],[3,5]]","[0.0,0.0,0.0]",random_3_regular,c3616a57662b3393ca8dfdb96a9b2f992553685e85b71f43f688449cdba14afa,2026,m2:random_3_regular:n6:p3:g2026:a0,6,3,0
"[0.7853981633974483,0.7853981633974483,0.7853981633974483]",e00cc98e9728cf05ea6d0e6b362648e8b34e0a788485da9125dcb855aca4dd0b,"[[0,1],[0,2],[0,4],[1,4],[1,5],[2,3],[2,5],[3,4],[3,5]]","[1.5707963267948966,1.5707963267948966,1.5707963267948966]",random_3_regular,c3616a57662b3393ca8dfdb96a9b2f992553685e85b71f43f688449cdba14afa,2026,m2:random_3_regular:n6:p3:g2026:a1,6,3,1
"[0.39269908169872414,1.1780972450961724,1.1780972450961724]",04a24947af1efbc123498bec0ececfed1e0d1294e3d8a791f45abb714362f343,"[[0,1],[0,2],[0,4],[1,4],[1,5],[2,3],[2,5],[3,4],[3,5]]","[2.356194490192345,0.7853981633974483,0.7853981633974483]",random_3_regular,c3616a57662b3393ca8dfdb96a9b2f992553685e85b71f43f688449cdba14afa,2026,m2:random_3_regular:n6:p3:g2026:a2,6,3,2
"[1.1780972450961724,0.39269908169872414,0.39269908169872414]",b644735bdd21fc2c0f7de552f81f7ab5b349e1b74c979da8e3641e07eb6b6b7c,"[[0,1],[0,2],[0,4],[1,4],[1,5],[2,3],[2,5],[3,4],[3,5]]","[0.7853981633974483,2.356194490192345,2.356194490192345]",random_3_regular,c3616a57662b3393ca8dfdb96a9b2f992553685e85b71f43f688449cdba14afa,2026,m2:random_3_regular:n6:p3:g2026:a3,6,3,3
"[0.0,0.0,0.0]",da5bfacf45bf7069da151410466c095900ab614e6e49bf8bbbabb6d7190fd323,"[[0,1],[0,2],[0,5],[1,3],[1,4],[2,3],[2,4],[3,5],[4,5]]","[0.0,0.0,0.0]",random_3_regular,572cf3c274fcbf432a8392bfdd2e4569aade3aec09887afcc86003b2a9344c6b,2027,m2:random_3_regular:n6:p3:g2027:a0,6,3,0
"[0.7853981633974483,0.7853981633974483,0.7853981633974483]",e1ac7a60e6f6df620e4c32c302d519297156abc80c6364163e0e5ad7c0953568,"[[0,1],[0,2],[0,5],[1,3],[1,4],[2,3],[2,4],[3,5],[4,5]]","[1.5707963267948966,1.5707963267948966,1.5707963267948966]",random_3_regular,572cf3c274fcbf432a8392bfdd2e4569aade3aec09887afcc86003b2a9344c6b,2027,m2:random_3_regular:n6:p3:g2027:a1,6,3,1
"[0.39269908169872414,1.1780972450961724,1.1780972450961724]",107f87019ee86bbc970ee367895da90c24065941c87ba6d5b0135b978ce3db4f,"[[0,1],[0,2],[0,5],[1,3],[1,4],[2,3],[2,4],[3,5],[4,5]]","[2.356194490192345,0.7853981633974483,0.7853981633974483]",random_3_regular,572cf3c274fcbf432a8392bfdd2e4569aade3aec09887afcc86003b2a9344c6b,2027,m2:random_3_regular:n6:p3:g2027:a2,6,3,2
"[1.1780972450961724,0.39269908169872414,0.39269908169872414]",21e92fcb714c6abfe6c800108f49fde609cb217968b698b62cc9cc4d4a6e8b5d,"[[0,1],[0,2],[0,5],[1,3],[1,4],[2,3],[2,4],[3,5],[4,5]]","[0.7853981633974483,2.356194490192345,2.356194490192345]",random_3_regular,572cf3c274fcbf432a8392bfdd2e4569aade3aec09887afcc86003b2a9344c6b,2027,m2:random_3_regular:n6:p3:g2027:a3,6,3,3
"[0.0,0.0,0.0]",54ada1f7483ffb1dc3351775afd15c7f6c8f0e334bcff4dabb0e09fb5a8b15d8,"[[0,1],[0,4],[0,5],[1,2],[1,3],[2,4],[2,5],[3,4],[3,5]]","[0.0,0.0,0.0]",random_3_regular,2b56780d6c65dd2b21b188b254ad99bb7651bf595a36811c86fd2c346e0262ab,2028,m2:random_3_regular:n6:p3:g2028:a0,6,3,0
"[0.7853981633974483,0.7853981633974483,0.7853981633974483]",ffa42b5118c21366b77410d25cb183da06f3c44fb45e221e6b930e0edffd88dc,"[[0,1],[0,4],[0,5],[1,2],[1,3],[2,4],[2,5],[3,4],[3,5]]","[1.5707963267948966,1.5707963267948966,1.5707963267948966]",random_3_regular,2b56780d6c65dd2b21b188b254ad99bb7651bf595a36811c86fd2c346e0262ab,2028,m2:random_3_regular:n6:p3:g2028:a1,6,3,1
"[0.39269908169872414,1.1780972450961724,1.1780972450961724]",6c802ee4952d9fae8c3c23d05e2bc53bd5873597fa5189cc44e6fce4f992d193,"[[0,1],[0,4],[0,5],[1,2],[1,3],[2,4],[2,5],[3,4],[3,5]]","[2.356194490192345,0.7853981633974483,0.7853981633974483]",random_3_regular,2b56780d6c65dd2b21b188b254ad99bb7651bf595a36811c86fd2c346e0262ab,2028,m2:random_3_regular:n6:p3:g2028:a2,6,3,2
"[1.1780972450961724,0.39269908169872414,0.39269908169872414]",62bdeb828f7813f01a18dad50662b42cf98ca47bbb581f2eb4fbe26c0a8a7698,"[[0,1],[0,4],[0,5],[1,2],[1,3],[2,4],[2,5],[3,4],[3,5]]","[0.7853981633974483,2.356194490192345,2.356194490192345]",random_3_regular,2b56780d6c65dd2b21b188b254ad99bb7651bf595a36811c86fd2c346e0262ab,2028,m2:random_3_regular:n6:p3:g2028:a3,6,3,3
[0.0],4b4e2abc44d0b8c7d577b94faad6d9fd5469b6519450f2a6a46ee95357e55444,"[[0,1],[0,2],[0,5],[1,5],[1,6],[2,3],[2,7],[3,4],[3,7],[4,6],[4,7],[5,6]]",[0.0],random_3_regular,41524df837f207e86107b0b05cd876530c1c4bdccf1887bfa4343e50a48e1fc8,2026,m2:random_3_regular:n8:p1:g2026:a0,8,1,0
[0.7853981633974483],743eb8ab75b2048e29eb3a17b9f5b0ed7499687533f021ec8ae938844a767b99,"[[0,1],[0,2],[0,5],[1,5],[1,6],[2,3],[2,7],[3,4],[3,7],[4,6],[4,7],[5,6]]",[1.5707963267948966],random_3_regular,41524df837f207e86107b0b05cd876530c1c4bdccf1887bfa4343e50a48e1fc8,2026,m2:random_3_regular:n8:p1:g2026:a1,8,1,1
[0.39269908169872414],9dff8567018e7f7ac3b077b5b7a01795304850e5874b53e794c184b696fbe815,"[[0,1],[0,2],[0,5],[1,5],[1,6],[2,3],[2,7],[3,4],[3,7],[4,6],[4,7],[5,6]]",[2.356194490192345],random_3_regular,41524df837f207e86107b0b05cd876530c1c4bdccf1887bfa4343e50a48e1fc8,2026,m2:random_3_regular:n8:p1:g2026:a2,8,1,2
[1.1780972450961724],2e4cef21503d306579cd59393438b9873a2d3a3aa53676e6516ac633dce9387f,"[[0,1],[0,2],[0,5],[1,5],[1,6],[2,3],[2,7],[3,4],[3,7],[4,6],[4,7],[5,6]]",[0.7853981633974483],random_3_regular,41524df837f207e86107b0b05cd876530c1c4bdccf1887bfa4343e50a48e1fc8,2026,m2:random_3_regular:n8:p1:g2026:a3,8,1,3
[0.0],36d4828cc0e5dd2e0864273b5694ed41302c8bb4d58f18a5d53bef101cba8ca5,"[[0,3],[0,4],[0,5],[1,2],[1,5],[1,6],[2,6],[2,7],[3,5],[3,7],[4,6],[4,7]]",[0.0],random_3_regular,23a5b439d93a5cfdfc0dfdcabe55179c37025c99bc9bec1b704f59505ff111d2,2027,m2:random_3_regular:n8:p1:g2027:a0,8,1,0
[0.7853981633974483],a2af36af0b96e0234bceff901e94dfa1dfc55a2eebc8989112aa4981bf33c927,"[[0,3],[0,4],[0,5],[1,2],[1,5],[1,6],[2,6],[2,7],[3,5],[3,7],[4,6],[4,7]]",[1.5707963267948966],random_3_regular,23a5b439d93a5cfdfc0dfdcabe55179c37025c99bc9bec1b704f59505ff111d2,2027,m2:random_3_regular:n8:p1:g2027:a1,8,1,1
[0.39269908169872414],f00a5a7d9b3edc3399c1027504a19d5377a3f32a5e925f626622ba1f4567815a,"[[0,3],[0,4],[0,5],[1,2],[1,5],[1,6],[2,6],[2,7],[3,5],[3,7],[4,6],[4,7]]",[2.356194490192345],random_3_regular,23a5b439d93a5cfdfc0dfdcabe55179c37025c99bc9bec1b704f59505ff111d2,2027,m2:random_3_regular:n8:p1:g2027:a2,8,1,2
[1.1780972450961724],93aa501e1a45d946cb01f6ebf11f9e2bbe0ce7792980df26a08206d18ff31a4b,"[[0,3],[0,4],[0,5],[1,2],[1,5],[1,6],[2,6],[2,7],[3,5],[3,7],[4,6],[4,7]]",[0.7853981633974483],random_3_regular,23a5b439d93a5cfdfc0dfdcabe55179c37025c99bc9bec1b704f59505ff111d2,2027,m2:random_3_regular:n8:p1:g2027:a3,8,1,3
[0.0],fd2871d2ed15b95542fe4a032fa75ce3f6e8a2baad9b4ae03e785d8b76c0938e,"[[0,2],[0,4],[0,7],[1,2],[1,5],[1,6],[2,3],[3,5],[3,7],[4,6],[4,7],[5,6]]",[0.0],random_3_regular,5abc5b18495d8e25f608e572189b66627764a6eb145ada53234cfacee079056a,2028,m2:random_3_regular:n8:p1:g2028:a0,8,1,0
[0.7853981633974483],020ca4c97501f345b2f0a63c06af036e760c0b8edcf3e5f583eb3339c942c488,"[[0,2],[0,4],[0,7],[1,2],[1,5],[1,6],[2,3],[3,5],[3,7],[4,6],[4,7],[5,6]]",[1.5707963267948966],random_3_regular,5abc5b18495d8e25f608e572189b66627764a6eb145ada53234cfacee079056a,2028,m2:random_3_regular:n8:p1:g2028:a1,8,1,1
[0.39269908169872414],f96668913a7f862532fd5322d1767d490bd083b22fdda10a779c06dd8d95ad90,"[[0,2],[0,4],[0,7],[1,2],[1,5],[1,6],[2,3],[3,5],[3,7],[4,6],[4,7],[5,6]]",[2.356194490192345],random_3_regular,5abc5b18495d8e25f608e572189b66627764a6eb145ada53234cfacee079056a,2028,m2:random_3_regular:n8:p1:g2028:a2,8,1,2
[1.1780972450961724],baaecea52140c06e4283a1317e6bc29f8ddaee52d24888f0148c34d612f805aa,"[[0,2],[0,4],[0,7],[1,2],[1,5],[1,6],[2,3],[3,5],[3,7],[4,6],[4,7],[5,6]]",[0.7853981633974483],random_3_regular,5abc5b18495d8e25f608e572189b66627764a6eb145ada53234cfacee079056a,2028,m2:random_3_regular:n8:p1:g2028:a3,8,1,3
"[0.0,0.0]",3652f7414d555cfb45eba07389f4221498c7f9b1c3a89a29df879a81b6f8a220,"[[0,1],[0,2],[0,5],[1,5],[1,6],[2,3],[2,7],[3,4],[3,7],[4,6],[4,7],[5,6]]","[0.0,0.0]",random_3_regular,41524df837f207e86107b0b05cd876530c1c4bdccf1887bfa4343e50a48e1fc8,2026,m2:random_3_regular:n8:p2:g2026:a0,8,2,0
"[0.7853981633974483,0.7853981633974483]",411accdf050887bd1662acf3df8e621e292dc289cdbdd59759b0e4e26df75bd9,"[[0,1],[0,2],[0,5],[1,5],[1,6],[2,3],[2,7],[3,4],[3,7],[4,6],[4,7],[5,6]]","[1.5707963267948966,1.5707963267948966]",random_3_regular,41524df837f207e86107b0b05cd876530c1c4bdccf1887bfa4343e50a48e1fc8,2026,m2:random_3_regular:n8:p2:g2026:a1,8,2,1
"[0.39269908169872414,1.1780972450961724]",e6a847a8aebd47573c310fbe554d6a2298fdc49e315d3a8dd9e8a4691df72558,"[[0,1],[0,2],[0,5],[1,5],[1,6],[2,3],[2,7],[3,4],[3,7],[4,6],[4,7],[5,6]]","[2.356194490192345,0.7853981633974483]",random_3_regular,41524df837f207e86107b0b05cd876530c1c4bdccf1887bfa4343e50a48e1fc8,2026,m2:random_3_regular:n8:p2:g2026:a2,8,2,2
"[1.1780972450961724,0.39269908169872414]",54891cf0f388bee3e6d6518351109e6826997af3b5cdda40536bc58757a76094,"[[0,1],[0,2],[0,5],[1,5],[1,6],[2,3],[2,7],[3,4],[3,7],[4,6],[4,7],[5,6]]","[0.7853981633974483,2.356194490192345]",random_3_regular,41524df837f207e86107b0b05cd876530c1c4bdccf1887bfa4343e50a48e1fc8,2026,m2:random_3_regular:n8:p2:g2026:a3,8,2,3
"[0.0,0.0]",7dccc16e214964d0208cb1d7a704b1e466895c321a4cd69ce7c8ab575b18569c,"[[0,3],[0,4],[0,5],[1,2],[1,5],[1,6],[2,6],[2,7],[3,5],[3,7],[4,6],[4,7]]","[0.0,0.0]",random_3_regular,23a5b439d93a5cfdfc0dfdcabe55179c37025c99bc9bec1b704f59505ff111d2,2027,m2:random_3_regular:n8:p2:g2027:a0,8,2,0
"[0.7853981633974483,0.7853981633974483]",3ee5b0b979354ea4ab133c7d75017855847d5b725390bccb1a866b104accc6be,"[[0,3],[0,4],[0,5],[1,2],[1,5],[1,6],[2,6],[2,7],[3,5],[3,7],[4,6],[4,7]]","[1.5707963267948966,1.5707963267948966]",random_3_regular,23a5b439d93a5cfdfc0dfdcabe55179c37025c99bc9bec1b704f59505ff111d2,2027,m2:random_3_regular:n8:p2:g2027:a1,8,2,1
"[0.39269908169872414,1.1780972450961724]",575e9df16d144b6899f75d522e4f58a7af288e22ecd46450b60d2f38ba581fbf,"[[0,3],[0,4],[0,5],[1,2],[1,5],[1,6],[2,6],[2,7],[3,5],[3,7],[4,6],[4,7]]","[2.356194490192345,0.7853981633974483]",random_3_regular,23a5b439d93a5cfdfc0dfdcabe55179c37025c99bc9bec1b704f59505ff111d2,2027,m2:random_3_regular:n8:p2:g2027:a2,8,2,2
"[1.1780972450961724,0.39269908169872414]",d520e0e9683ebfa3667e5a94e2d180ac68257541c49c33805b09d51c05e1ac69,"[[0,3],[0,4],[0,5],[1,2],[1,5],[1,6],[2,6],[2,7],[3,5],[3,7],[4,6],[4,7]]","[0.7853981633974483,2.356194490192345]",random_3_regular,23a5b439d93a5cfdfc0dfdcabe55179c37025c99bc9bec1b704f59505ff111d2,2027,m2:random_3_regular:n8:p2:g2027:a3,8,2,3
"[0.0,0.0]",67b32c8c59564c319d2216e4815c59ec093baf90ef3433f5d79c8e654844349a,"[[0,2],[0,4],[0,7],[1,2],[1,5],[1,6],[2,3],[3,5],[3,7],[4,6],[4,7],[5,6]]","[0.0,0.0]",random_3_regular,5abc5b18495d8e25f608e572189b66627764a6eb145ada53234cfacee079056a,2028,m2:random_3_regular:n8:p2:g2028:a0,8,2,0
"[0.7853981633974483,0.7853981633974483]",d3f21e3a31d1b735c7d980dc3f6130c65578f099b708ec5fdaf78f8a99c11bf8,"[[0,2],[0,4],[0,7],[1,2],[1,5],[1,6],[2,3],[3,5],[3,7],[4,6],[4,7],[5,6]]","[1.5707963267948966,1.5707963267948966]",random_3_regular,5abc5b18495d8e25f608e572189b66627764a6eb145ada53234cfacee079056a,2028,m2:random_3_regular:n8:p2:g2028:a1,8,2,1
"[0.39269908169872414,1.1780972450961724]",13ed28c0f5d85d8404829e183ba5648fa2fce361160c55a7865fdd586366df82,"[[0,2],[0,4],[0,7],[1,2],[1,5],[1,6],[2,3],[3,5],[3,7],[4,6],[4,7],[5,6]]","[2.356194490192345,0.7853981633974483]",random_3_regular,5abc5b18495d8e25f608e572189b66627764a6eb145ada53234cfacee079056a,2028,m2:random_3_regular:n8:p2:g2028:a2,8,2,2
"[1.1780972450961724,0.39269908169872414]",22401cd2b66e8d2c93bab2b6c5243dae5462b2eed8b980220de95dd5a7879a56,"[[0,2],[0,4],[0,7],[1,2],[1,5],[1,6],[2,3],[3,5],[3,7],[4,6],[4,7],[5,6]]","[0.7853981633974483,2.356194490192345]",random_3_regular,5abc5b18495d8e25f608e572189b66627764a6eb145ada53234cfacee079056a,2028,m2:random_3_regular:n8:p2:g2028:a3,8,2,3
"[0.0,0.0,0.0]",49eeb222b528900f16c21a8074ef915cd32fd6e9a74a569e5ab888edd901a0e4,"[[0,1],[0,2],[0,5],[1,5],[1,6],[2,3],[2,7],[3,4],[3,7],[4,6],[4,7],[5,6]]","[0.0,0.0,0.0]",random_3_regular,41524df837f207e86107b0b05cd876530c1c4bdccf1887bfa4343e50a48e1fc8,2026,m2:random_3_regular:n8:p3:g2026:a0,8,3,0
"[0.7853981633974483,0.7853981633974483,0.7853981633974483]",4ee54e84c41a57c9ab15a3c86f2f8e5364650f102c32d400fda4b1ef3398ff5e,"[[0,1],[0,2],[0,5],[1,5],[1,6],[2,3],[2,7],[3,4],[3,7],[4,6],[4,7],[5,6]]","[1.5707963267948966,1.5707963267948966,1.5707963267948966]",random_3_regular,41524df837f207e86107b0b05cd876530c1c4bdccf1887bfa4343e50a48e1fc8,2026,m2:random_3_regular:n8:p3:g2026:a1,8,3,1
"[0.39269908169872414,1.1780972450961724,1.1780972450961724]",6b28ff887e5d20451ac644dbb92c3c58946be96a02b3f49fd61fe62b65231eb2,"[[0,1],[0,2],[0,5],[1,5],[1,6],[2,3],[2,7],[3,4],[3,7],[4,6],[4,7],[5,6]]","[2.356194490192345,0.7853981633974483,0.7853981633974483]",random_3_regular,41524df837f207e86107b0b05cd876530c1c4bdccf1887bfa4343e50a48e1fc8,2026,m2:random_3_regular:n8:p3:g2026:a2,8,3,2
"[1.1780972450961724,0.39269908169872414,0.39269908169872414]",541f474d49ae1d49d5bfb2c23df5f3cd97fbe73849a9c63f3fdf95db6c21e015,"[[0,1],[0,2],[0,5],[1,5],[1,6],[2,3],[2,7],[3,4],[3,7],[4,6],[4,7],[5,6]]","[0.7853981633974483,2.356194490192345,2.356194490192345]",random_3_regular,41524df837f207e86107b0b05cd876530c1c4bdccf1887bfa4343e50a48e1fc8,2026,m2:random_3_regular:n8:p3:g2026:a3,8,3,3
"[0.0,0.0,0.0]",44e5cdb76f5a377f05c2f7d3999a250d621cd08f3994b3fe6257d390072afeba,"[[0,3],[0,4],[0,5],[1,2],[1,5],[1,6],[2,6],[2,7],[3,5],[3,7],[4,6],[4,7]]","[0.0,0.0,0.0]",random_3_regular,23a5b439d93a5cfdfc0dfdcabe55179c37025c99bc9bec1b704f59505ff111d2,2027,m2:random_3_regular:n8:p3:g2027:a0,8,3,0
"[0.7853981633974483,0.7853981633974483,0.7853981633974483]",627c050615cd5e82b5118b67dff648d4c969b4a0744a5f787ace13bcd1bcb641,"[[0,3],[0,4],[0,5],[1,2],[1,5],[1,6],[2,6],[2,7],[3,5],[3,7],[4,6],[4,7]]","[1.5707963267948966,1.5707963267948966,1.5707963267948966]",random_3_regular,23a5b439d93a5cfdfc0dfdcabe55179c37025c99bc9bec1b704f59505ff111d2,2027,m2:random_3_regular:n8:p3:g2027:a1,8,3,1
"[0.39269908169872414,1.1780972450961724,1.1780972450961724]",20d54b5537034a6e2d2fac48b03a112cc8711140305de9a4299ebf2e75e322d7,"[[0,3],[0,4],[0,5],[1,2],[1,5],[1,6],[2,6],[2,7],[3,5],[3,7],[4,6],[4,7]]","[2.356194490192345,0.7853981633974483,0.7853981633974483]",random_3_regular,23a5b439d93a5cfdfc0dfdcabe55179c37025c99bc9bec1b704f59505ff111d2,2027,m2:random_3_regular:n8:p3:g2027:a2,8,3,2
"[1.1780972450961724,0.39269908169872414,0.39269908169872414]",2c222763f130e7ac86737968253f15fbaab4704a6798acfa53ecae5355acdfe4,"[[0,3],[0,4],[0,5],[1,2],[1,5],[1,6],[2,6],[2,7],[3,5],[3,7],[4,6],[4,7]]","[0.7853981633974483,2.356194490192345,2.356194490192345]",random_3_regular,23a5b439d93a5cfdfc0dfdcabe55179c37025c99bc9bec1b704f59505ff111d2,2027,m2:random_3_regular:n8:p3:g2027:a3,8,3,3
"[0.0,0.0,0.0]",daa51331183d8768453c9e2dfaae0f0af95329456c8b05f724a26e3cc524bd6d,"[[0,2],[0,4],[0,7],[1,2],[1,5],[1,6],[2,3],[3,5],[3,7],[4,6],[4,7],[5,6]]","[0.0,0.0,0.0]",random_3_regular,5abc5b18495d8e25f608e572189b66627764a6eb145ada53234cfacee079056a,2028,m2:random_3_regular:n8:p3:g2028:a0,8,3,0
"[0.7853981633974483,0.7853981633974483,0.7853981633974483]",d82ffce26638661cf0273f385cb8a83c7e5a661b1bdb1693980153518c86abe3,"[[0,2],[0,4],[0,7],[1,2],[1,5],[1,6],[2,3],[3,5],[3,7],[4,6],[4,7],[5,6]]","[1.5707963267948966,1.5707963267948966,1.5707963267948966]",random_3_regular,5abc5b18495d8e25f608e572189b66627764a6eb145ada53234cfacee079056a,2028,m2:random_3_regular:n8:p3:g2028:a1,8,3,1
"[0.39269908169872414,1.1780972450961724,1.1780972450961724]",df6def3e6a531eee0d4e5c7b20c679298cca438609c7cde87b6590d8b44bb6a6,"[[0,2],[0,4],[0,7],[1,2],[1,5],[1,6],[2,3],[3,5],[3,7],[4,6],[4,7],[5,6]]","[2.356194490192345,0.7853981633974483,0.7853981633974483]",random_3_regular,5abc5b18495d8e25f608e572189b66627764a6eb145ada53234cfacee079056a,2028,m2:random_3_regular:n8:p3:g2028:a2,8,3,2
"[1.1780972450961724,0.39269908169872414,0.39269908169872414]",7c674de89c5d1b8e770018f0f0c352637f6467ad39fa9eabda3a4a9e787858ab,"[[0,2],[0,4],[0,7],[1,2],[1,5],[1,6],[2,3],[3,5],[3,7],[4,6],[4,7],[5,6]]","[0.7853981633974483,2.356194490192345,2.356194490192345]",random_3_regular,5abc5b18495d8e25f608e572189b66627764a6eb145ada53234cfacee079056a,2028,m2:random_3_regular:n8:p3:g2028:a3,8,3,3
[0.0],8c17447a8e139ef59c1b6d3e0b13a63c9cc49fd0da5a2886adf110f7e8c0a484,"[[0,3],[0,4],[0,9],[1,3],[1,5],[1,9],[2,6],[2,7],[2,8],[3,8],[4,5],[4,8],[5,6],[6,7],[7,9]]",[0.0],random_3_regular,a9da36bf81b73197ac706829c04853b6bdb558db016c68609292830c3371da85,2026,m2:random_3_regular:n10:p1:g2026:a0,10,1,0
[0.7853981633974483],e56e40725a0dbddc0f506a5984f7b28ec738975963c5af3468f1c8ded5a5db32,"[[0,3],[0,4],[0,9],[1,3],[1,5],[1,9],[2,6],[2,7],[2,8],[3,8],[4,5],[4,8],[5,6],[6,7],[7,9]]",[1.5707963267948966],random_3_regular,a9da36bf81b73197ac706829c04853b6bdb558db016c68609292830c3371da85,2026,m2:random_3_regular:n10:p1:g2026:a1,10,1,1
[0.39269908169872414],f24f42a67fc70fe5d90eb51c959a2340de8934820b5d9689de4dd6d4f2e2715a,"[[0,3],[0,4],[0,9],[1,3],[1,5],[1,9],[2,6],[2,7],[2,8],[3,8],[4,5],[4,8],[5,6],[6,7],[7,9]]",[2.356194490192345],random_3_regular,a9da36bf81b73197ac706829c04853b6bdb558db016c68609292830c3371da85,2026,m2:random_3_regular:n10:p1:g2026:a2,10,1,2
[1.1780972450961724],42c381643582d02f54118f0c564ebd3d1c92a54c480b21b6404f01d3761e60a0,"[[0,3],[0,4],[0,9],[1,3],[1,5],[1,9],[2,6],[2,7],[2,8],[3,8],[4,5],[4,8],[5,6],[6,7],[7,9]]",[0.7853981633974483],random_3_regular,a9da36bf81b73197ac706829c04853b6bdb558db016c68609292830c3371da85,2026,m2:random_3_regular:n10:p1:g2026:a3,10,1,3
[0.0],ab4d0b367190e36b21f5906a654760065c5acbbd6dba03ac3854a21f9ece767f,"[[0,1],[0,2],[0,8],[1,5],[1,8],[2,5],[2,7],[3,4],[3,5],[3,6],[4,7],[4,9],[6,7],[6,9],[8,9]]",[0.0],random_3_regular,fcf751a262efe3ac38acfbaf24b0d8210352e6e5edc9a6a1554b0f06b4d8b8aa,2027,m2:random_3_regular:n10:p1:g2027:a0,10,1,0
[0.7853981633974483],c322fbc2932a49350c3733aaeb0f77bc66f03b02828b76156d28249f51f21e75,"[[0,1],[0,2],[0,8],[1,5],[1,8],[2,5],[2,7],[3,4],[3,5],[3,6],[4,7],[4,9],[6,7],[6,9],[8,9]]",[1.5707963267948966],random_3_regular,fcf751a262efe3ac38acfbaf24b0d8210352e6e5edc9a6a1554b0f06b4d8b8aa,2027,m2:random_3_regular:n10:p1:g2027:a1,10,1,1
[0.39269908169872414],ae3ca7658d16acadab042a260c8042ffc079b82307bac359429ca11ecae035ec,"[[0,1],[0,2],[0,8],[1,5],[1,8],[2,5],[2,7],[3,4],[3,5],[3,6],[4,7],[4,9],[6,7],[6,9],[8,9]]",[2.356194490192345],random_3_regular,fcf751a262efe3ac38acfbaf24b0d8210352e6e5edc9a6a1554b0f06b4d8b8aa,2027,m2:random_3_regular:n10:p1:g2027:a2,10,1,2
[1.1780972450961724],c1f2e9240143deccbc0b2eea891d050b89e2849a6562d8527b0b5b38c0966bab,"[[0,1],[0,2],[0,8],[1,5],[1,8],[2,5],[2,7],[3,4],[3,5],[3,6],[4,7],[4,9],[6,7],[6,9],[8,9]]",[0.7853981633974483],random_3_regular,fcf751a262efe3ac38acfbaf24b0d8210352e6e5edc9a6a1554b0f06b4d8b8aa,2027,m2:random_3_regular:n10:p1:g2027:a3,10,1,3
[0.0],13eda4dccf918974d71d9c3f4606f2b4e76fe67c2dc2bd0cee22899b6c08d390,"[[0,2],[0,4],[0,7],[1,2],[1,6],[1,7],[2,5],[3,4],[3,6],[3,7],[4,9],[5,8],[5,9],[6,8],[8,9]]",[0.0],random_3_regular,dfac16c64712b30cb86ee936e9948ae6cfd0c79f659e164ba4c6114186d9557d,2028,m2:random_3_regular:n10:p1:g2028:a0,10,1,0
[0.7853981633974483],08885a035ba38a65dce3a9853cc57a978e3d3d6eb323a61fbe9b00f103356e87,"[[0,2],[0,4],[0,7],[1,2],[1,6],[1,7],[2,5],[3,4],[3,6],[3,7],[4,9],[5,8],[5,9],[6,8],[8,9]]",[1.5707963267948966],random_3_regular,dfac16c64712b30cb86ee936e9948ae6cfd0c79f659e164ba4c6114186d9557d,2028,m2:random_3_regular:n10:p1:g2028:a1,10,1,1
[0.39269908169872414],78da67aa861be6412c8e746aba72849fe1811efb49f635f3e9aa850d02eb1a93,"[[0,2],[0,4],[0,7],[1,2],[1,6],[1,7],[2,5],[3,4],[3,6],[3,7],[4,9],[5,8],[5,9],[6,8],[8,9]]",[2.356194490192345],random_3_regular,dfac16c64712b30cb86ee936e9948ae6cfd0c79f659e164ba4c6114186d9557d,2028,m2:random_3_regular:n10:p1:g2028:a2,10,1,2
[1.1780972450961724],d0e29ec09564358620bf42d3ad47df6d5e296bf8d22ced40d3b784fc509be160,"[[0,2],[0,4],[0,7],[1,2],[1,6],[1,7],[2,5],[3,4],[3,6],[3,7],[4,9],[5,8],[5,9],[6,8],[8,9]]",[0.7853981633974483],random_3_regular,dfac16c64712b30cb86ee936e9948ae6cfd0c79f659e164ba4c6114186d9557d,2028,m2:random_3_regular:n10:p1:g2028:a3,10,1,3
"[0.0,0.0]",99b89baccddacbfa36cd2934bf955a8d88da189ad662ef71a61280e33cbebd80,"[[0,3],[0,4],[0,9],[1,3],[1,5],[1,9],[2,6],[2,7],[2,8],[3,8],[4,5],[4,8],[5,6],[6,7],[7,9]]","[0.0,0.0]",random_3_regular,a9da36bf81b73197ac706829c04853b6bdb558db016c68609292830c3371da85,2026,m2:random_3_regular:n10:p2:g2026:a0,10,2,0
"[0.7853981633974483,0.7853981633974483]",dfde5edfe3b0ab9f4e6755036edc7c5540da880c2916f121e6af4c62288eaf4f,"[[0,3],[0,4],[0,9],[1,3],[1,5],[1,9],[2,6],[2,7],[2,8],[3,8],[4,5],[4,8],[5,6],[6,7],[7,9]]","[1.5707963267948966,1.5707963267948966]",random_3_regular,a9da36bf81b73197ac706829c04853b6bdb558db016c68609292830c3371da85,2026,m2:random_3_regular:n10:p2:g2026:a1,10,2,1
"[0.39269908169872414,1.1780972450961724]",0959b808f276199ccc0c4bd852e1c56e2f1868761202cf554c5c2ce8a4dcced9,"[[0,3],[0,4],[0,9],[1,3],[1,5],[1,9],[2,6],[2,7],[2,8],[3,8],[4,5],[4,8],[5,6],[6,7],[7,9]]","[2.356194490192345,0.7853981633974483]",random_3_regular,a9da36bf81b73197ac706829c04853b6bdb558db016c68609292830c3371da85,2026,m2:random_3_regular:n10:p2:g2026:a2,10,2,2
"[1.1780972450961724,0.39269908169872414]",cf5868c7a6aab71435ba8a8afc6bd77a3fa7c78e34b67fdbdf63ad152a73a260,"[[0,3],[0,4],[0,9],[1,3],[1,5],[1,9],[2,6],[2,7],[2,8],[3,8],[4,5],[4,8],[5,6],[6,7],[7,9]]","[0.7853981633974483,2.356194490192345]",random_3_regular,a9da36bf81b73197ac706829c04853b6bdb558db016c68609292830c3371da85,2026,m2:random_3_regular:n10:p2:g2026:a3,10,2,3
"[0.0,0.0]",a76866ad82c2fc76c2e6ced54ac9befca2a57215b01800094e1d66a4e601bf0a,"[[0,1],[0,2],[0,8],[1,5],[1,8],[2,5],[2,7],[3,4],[3,5],[3,6],[4,7],[4,9],[6,7],[6,9],[8,9]]","[0.0,0.0]",random_3_regular,fcf751a262efe3ac38acfbaf24b0d8210352e6e5edc9a6a1554b0f06b4d8b8aa,2027,m2:random_3_regular:n10:p2:g2027:a0,10,2,0
"[0.7853981633974483,0.7853981633974483]",ee9a4b32f22e48030ca2e55e5b1455f1568f748077c1bd1216592298c5740779,"[[0,1],[0,2],[0,8],[1,5],[1,8],[2,5],[2,7],[3,4],[3,5],[3,6],[4,7],[4,9],[6,7],[6,9],[8,9]]","[1.5707963267948966,1.5707963267948966]",random_3_regular,fcf751a262efe3ac38acfbaf24b0d8210352e6e5edc9a6a1554b0f06b4d8b8aa,2027,m2:random_3_regular:n10:p2:g2027:a1,10,2,1
"[0.39269908169872414,1.1780972450961724]",16207ce89e3bfe1e9b078cdf941908b13ac2f085b455fdb382adb9b87682a418,"[[0,1],[0,2],[0,8],[1,5],[1,8],[2,5],[2,7],[3,4],[3,5],[3,6],[4,7],[4,9],[6,7],[6,9],[8,9]]","[2.356194490192345,0.7853981633974483]",random_3_regular,fcf751a262efe3ac38acfbaf24b0d8210352e6e5edc9a6a1554b0f06b4d8b8aa,2027,m2:random_3_regular:n10:p2:g2027:a2,10,2,2
"[1.1780972450961724,0.39269908169872414]",b10a1a1b005e606609345874a9f11652aa30323d8600f18944c47c7c076e382b,"[[0,1],[0,2],[0,8],[1,5],[1,8],[2,5],[2,7],[3,4],[3,5],[3,6],[4,7],[4,9],[6,7],[6,9],[8,9]]","[0.7853981633974483,2.356194490192345]",random_3_regular,fcf751a262efe3ac38acfbaf24b0d8210352e6e5edc9a6a1554b0f06b4d8b8aa,2027,m2:random_3_regular:n10:p2:g2027:a3,10,2,3
"[0.0,0.0]",39ae5d639831d34656c002dcd834d45b7c6262e97e2489da92640b67f0ff359e,"[[0,2],[0,4],[0,7],[1,2],[1,6],[1,7],[2,5],[3,4],[3,6],[3,7],[4,9],[5,8],[5,9],[6,8],[8,9]]","[0.0,0.0]",random_3_regular,dfac16c64712b30cb86ee936e9948ae6cfd0c79f659e164ba4c6114186d9557d,2028,m2:random_3_regular:n10:p2:g2028:a0,10,2,0
"[0.7853981633974483,0.7853981633974483]",33818c821840350dc58948d05ebc6e939c52687c186e5ce1b4e16dfed490d24f,"[[0,2],[0,4],[0,7],[1,2],[1,6],[1,7],[2,5],[3,4],[3,6],[3,7],[4,9],[5,8],[5,9],[6,8],[8,9]]","[1.5707963267948966,1.5707963267948966]",random_3_regular,dfac16c64712b30cb86ee936e9948ae6cfd0c79f659e164ba4c6114186d9557d,2028,m2:random_3_regular:n10:p2:g2028:a1,10,2,1
"[0.39269908169872414,1.1780972450961724]",bd0dba78666e766d3d2cdaa9ba336b035706cdafd5785d81c268e43e6a8e52ce,"[[0,2],[0,4],[0,7],[1,2],[1,6],[1,7],[2,5],[3,4],[3,6],[3,7],[4,9],[5,8],[5,9],[6,8],[8,9]]","[2.356194490192345,0.7853981633974483]",random_3_regular,dfac16c64712b30cb86ee936e9948ae6cfd0c79f659e164ba4c6114186d9557d,2028,m2:random_3_regular:n10:p2:g2028:a2,10,2,2
"[1.1780972450961724,0.39269908169872414]",84d44384b94a0a34927a740731a34640ae37d37a8ee090f444cacf656e8664a8,"[[0,2],[0,4],[0,7],[1,2],[1,6],[1,7],[2,5],[3,4],[3,6],[3,7],[4,9],[5,8],[5,9],[6,8],[8,9]]","[0.7853981633974483,2.356194490192345]",random_3_regular,dfac16c64712b30cb86ee936e9948ae6cfd0c79f659e164ba4c6114186d9557d,2028,m2:random_3_regular:n10:p2:g2028:a3,10,2,3
"[0.0,0.0,0.0]",3eeccaa095c2b2fcef7610934cbc81415712cf7e5f915a7e63d7a162166f25a1,"[[0,3],[0,4],[0,9],[1,3],[1,5],[1,9],[2,6],[2,7],[2,8],[3,8],[4,5],[4,8],[5,6],[6,7],[7,9]]","[0.0,0.0,0.0]",random_3_regular,a9da36bf81b73197ac706829c04853b6bdb558db016c68609292830c3371da85,2026,m2:random_3_regular:n10:p3:g2026:a0,10,3,0
"[0.7853981633974483,0.7853981633974483,0.7853981633974483]",27affb74989b2cfa1753436dc95dec8d97e0701535fd86d51342a13af2722c35,"[[0,3],[0,4],[0,9],[1,3],[1,5],[1,9],[2,6],[2,7],[2,8],[3,8],[4,5],[4,8],[5,6],[6,7],[7,9]]","[1.5707963267948966,1.5707963267948966,1.5707963267948966]",random_3_regular,a9da36bf81b73197ac706829c04853b6bdb558db016c68609292830c3371da85,2026,m2:random_3_regular:n10:p3:g2026:a1,10,3,1
"[0.39269908169872414,1.1780972450961724,1.1780972450961724]",09604831017d0289832d4f02f9eeed4dfdb6970e751afaf5e824ea831a5bcae4,"[[0,3],[0,4],[0,9],[1,3],[1,5],[1,9],[2,6],[2,7],[2,8],[3,8],[4,5],[4,8],[5,6],[6,7],[7,9]]","[2.356194490192345,0.7853981633974483,0.7853981633974483]",random_3_regular,a9da36bf81b73197ac706829c04853b6bdb558db016c68609292830c3371da85,2026,m2:random_3_regular:n10:p3:g2026:a2,10,3,2
"[1.1780972450961724,0.39269908169872414,0.39269908169872414]",3cfd82589ae43d74c40460aced970103061eb48df07b4914cbdf06ed632c616c,"[[0,3],[0,4],[0,9],[1,3],[1,5],[1,9],[2,6],[2,7],[2,8],[3,8],[4,5],[4,8],[5,6],[6,7],[7,9]]","[0.7853981633974483,2.356194490192345,2.356194490192345]",random_3_regular,a9da36bf81b73197ac706829c04853b6bdb558db016c68609292830c3371da85,2026,m2:random_3_regular:n10:p3:g2026:a3,10,3,3
"[0.0,0.0,0.0]",0b6c77357d78111d117762ba88ab6c246f5d1a383e8d968b223c327c38758b27,"[[0,1],[0,2],[0,8],[1,5],[1,8],[2,5],[2,7],[3,4],[3,5],[3,6],[4,7],[4,9],[6,7],[6,9],[8,9]]","[0.0,0.0,0.0]",random_3_regular,fcf751a262efe3ac38acfbaf24b0d8210352e6e5edc9a6a1554b0f06b4d8b8aa,2027,m2:random_3_regular:n10:p3:g2027:a0,10,3,0
"[0.7853981633974483,0.7853981633974483,0.7853981633974483]",d9c0100e503afa3f35a0b0953e149de51bc0a7bb6e60956a2d36540b3f1bb24a,"[[0,1],[0,2],[0,8],[1,5],[1,8],[2,5],[2,7],[3,4],[3,5],[3,6],[4,7],[4,9],[6,7],[6,9],[8,9]]","[1.5707963267948966,1.5707963267948966,1.5707963267948966]",random_3_regular,fcf751a262efe3ac38acfbaf24b0d8210352e6e5edc9a6a1554b0f06b4d8b8aa,2027,m2:random_3_regular:n10:p3:g2027:a1,10,3,1
"[0.39269908169872414,1.1780972450961724,1.1780972450961724]",cd2fa22b00409c2a5b6f25552a4dd16fcaf41bcb64733d0c6fc2a66408bc3ace,"[[0,1],[0,2],[0,8],[1,5],[1,8],[2,5],[2,7],[3,4],[3,5],[3,6],[4,7],[4,9],[6,7],[6,9],[8,9]]","[2.356194490192345,0.7853981633974483,0.7853981633974483]",random_3_regular,fcf751a262efe3ac38acfbaf24b0d8210352e6e5edc9a6a1554b0f06b4d8b8aa,2027,m2:random_3_regular:n10:p3:g2027:a2,10,3,2
"[1.1780972450961724,0.39269908169872414,0.39269908169872414]",77791a90d1f87886355518b297011c2081f6accee39f2c2d0e7e5040561f1bfd,"[[0,1],[0,2],[0,8],[1,5],[1,8],[2,5],[2,7],[3,4],[3,5],[3,6],[4,7],[4,9],[6,7],[6,9],[8,9]]","[0.7853981633974483,2.356194490192345,2.356194490192345]",random_3_regular,fcf751a262efe3ac38acfbaf24b0d8210352e6e5edc9a6a1554b0f06b4d8b8aa,2027,m2:random_3_regular:n10:p3:g2027:a3,10,3,3
"[0.0,0.0,0.0]",3107524e24c3feee6fbe8a65e7810f9812068aee0ace9046d8a6846dbfe705c7,"[[0,2],[0,4],[0,7],[1,2],[1,6],[1,7],[2,5],[3,4],[3,6],[3,7],[4,9],[5,8],[5,9],[6,8],[8,9]]","[0.0,0.0,0.0]",random_3_regular,dfac16c64712b30cb86ee936e9948ae6cfd0c79f659e164ba4c6114186d9557d,2028,m2:random_3_regular:n10:p3:g2028:a0,10,3,0
"[0.7853981633974483,0.7853981633974483,0.7853981633974483]",35360a87c6942c5b295f879cc1ca7e5732cec9599f8c750d5df34e6b645af8b6,"[[0,2],[0,4],[0,7],[1,2],[1,6],[1,7],[2,5],[3,4],[3,6],[3,7],[4,9],[5,8],[5,9],[6,8],[8,9]]","[1.5707963267948966,1.5707963267948966,1.5707963267948966]",random_3_regular,dfac16c64712b30cb86ee936e9948ae6cfd0c79f659e164ba4c6114186d9557d,2028,m2:random_3_regular:n10:p3:g2028:a1,10,3,1
"[0.39269908169872414,1.1780972450961724,1.1780972450961724]",c529c9965a161fe1bf9d74f678b5f77e03b6655871783179d431e93e92e829ba,"[[0,2],[0,4],[0,7],[1,2],[1,6],[1,7],[2,5],[3,4],[3,6],[3,7],[4,9],[5,8],[5,9],[6,8],[8,9]]","[2.356194490192345,0.7853981633974483,0.7853981633974483]",random_3_regular,dfac16c64712b30cb86ee936e9948ae6cfd0c79f659e164ba4c6114186d9557d,2028,m2:random_3_regular:n10:p3:g2028:a2,10,3,2
"[1.1780972450961724,0.39269908169872414,0.39269908169872414]",955590f7ad61940ad0dfa8251d10a4ac91bbf7f913e74e9a1f0b5b97d11b1b00,"[[0,2],[0,4],[0,7],[1,2],[1,6],[1,7],[2,5],[3,4],[3,6],[3,7],[4,9],[5,8],[5,9],[6,8],[8,9]]","[0.7853981633974483,2.356194490192345,2.356194490192345]",random_3_regular,dfac16c64712b30cb86ee936e9948ae6cfd0c79f659e164ba4c6114186d9557d,2028,m2:random_3_regular:n10:p3:g2028:a3,10,3,3
[0.0],6367fdf1a60fbb8c97f3eb7ddcd4b9bfda1077e23fb77fc249e6ba217ee2068e,"[[0,1],[0,2],[0,9],[1,5],[1,6],[2,5],[2,10],[3,4],[3,7],[3,11],[4,6],[4,8],[5,11],[6,11],[7,8],[7,10],[8,9],[9,10]]",[0.0],random_3_regular,e4809c259262942c6f46850af806c6e38923f6e56d0b2bbca3c9bbc661158f80,2026,m2:random_3_regular:n12:p1:g2026:a0,12,1,0
[0.7853981633974483],9ddb13db88293be9ae97fb6bf5babbc8fec0b8153fc44c5b86b90a5cab495ba2,"[[0,1],[0,2],[0,9],[1,5],[1,6],[2,5],[2,10],[3,4],[3,7],[3,11],[4,6],[4,8],[5,11],[6,11],[7,8],[7,10],[8,9],[9,10]]",[1.5707963267948966],random_3_regular,e4809c259262942c6f46850af806c6e38923f6e56d0b2bbca3c9bbc661158f80,2026,m2:random_3_regular:n12:p1:g2026:a1,12,1,1
[0.39269908169872414],25f703950c62458287352531070eb146ad8efaf12c69c0e3669db48379e0b7da,"[[0,1],[0,2],[0,9],[1,5],[1,6],[2,5],[2,10],[3,4],[3,7],[3,11],[4,6],[4,8],[5,11],[6,11],[7,8],[7,10],[8,9],[9,10]]",[2.356194490192345],random_3_regular,e4809c259262942c6f46850af806c6e38923f6e56d0b2bbca3c9bbc661158f80,2026,m2:random_3_regular:n12:p1:g2026:a2,12,1,2
[1.1780972450961724],b8e73ec1d661111ae55f12ace0ffdac1ea48c95d94f87919af7c7d721f12d808,"[[0,1],[0,2],[0,9],[1,5],[1,6],[2,5],[2,10],[3,4],[3,7],[3,11],[4,6],[4,8],[5,11],[6,11],[7,8],[7,10],[8,9],[9,10]]",[0.7853981633974483],random_3_regular,e4809c259262942c6f46850af806c6e38923f6e56d0b2bbca3c9bbc661158f80,2026,m2:random_3_regular:n12:p1:g2026:a3,12,1,3
[0.0],59739e009b7506f9dff3ddb59bdc673541c4d94bf527fa7078efc9d2473d7779,"[[0,2],[0,3],[0,10],[1,7],[1,9],[1,11],[2,5],[2,6],[3,8],[3,10],[4,7],[4,9],[4,10],[5,7],[5,11],[6,8],[6,9],[8,11]]",[0.0],random_3_regular,72c9ead3d67f32d6b648284bae008dd922565b4a61c666f75968d819f749782c,2027,m2:random_3_regular:n12:p1:g2027:a0,12,1,0
[0.7853981633974483],8db38367f0c4db7fdfa9ac601084c6c9fa68748c6589098aaf3ef0fde9173ee1,"[[0,2],[0,3],[0,10],[1,7],[1,9],[1,11],[2,5],[2,6],[3,8],[3,10],[4,7],[4,9],[4,10],[5,7],[5,11],[6,8],[6,9],[8,11]]",[1.5707963267948966],random_3_regular,72c9ead3d67f32d6b648284bae008dd922565b4a61c666f75968d819f749782c,2027,m2:random_3_regular:n12:p1:g2027:a1,12,1,1
[0.39269908169872414],79ce16f42779d948a05f85de99589f79f93aaf2135844a02ae584bc8cf2212cc,"[[0,2],[0,3],[0,10],[1,7],[1,9],[1,11],[2,5],[2,6],[3,8],[3,10],[4,7],[4,9],[4,10],[5,7],[5,11],[6,8],[6,9],[8,11]]",[2.356194490192345],random_3_regular,72c9ead3d67f32d6b648284bae008dd922565b4a61c666f75968d819f749782c,2027,m2:random_3_regular:n12:p1:g2027:a2,12,1,2
[1.1780972450961724],205a64c03e37fd033567ebf04959aeede447931a9eaf40c97297691a12be9ebf,"[[0,2],[0,3],[0,10],[1,7],[1,9],[1,11],[2,5],[2,6],[3,8],[3,10],[4,7],[4,9],[4,10],[5,7],[5,11],[6,8],[6,9],[8,11]]",[0.7853981633974483],random_3_regular,72c9ead3d67f32d6b648284bae008dd922565b4a61c666f75968d819f749782c,2027,m2:random_3_regular:n12:p1:g2027:a3,12,1,3
[0.0],de04585fb64daae08b078d227754869581c349d327211239fe83f78f46c3a6cb,"[[0,2],[0,6],[0,7],[1,6],[1,9],[1,11],[2,8],[2,10],[3,4],[3,5],[3,8],[4,7],[4,10],[5,7],[5,11],[6,11],[8,9],[9,10]]",[0.0],random_3_regular,afac2ae75ebcb5c2fe4cadb2b061276f887c3b574bf5d2640ed35422dde9c463,2028,m2:random_3_regular:n12:p1:g2028:a0,12,1,0
[0.7853981633974483],207d8052edcf168d945dbacb1b8f784d090a3eb0f10482dc1a67fcd571a2d1b0,"[[0,2],[0,6],[0,7],[1,6],[1,9],[1,11],[2,8],[2,10],[3,4],[3,5],[3,8],[4,7],[4,10],[5,7],[5,11],[6,11],[8,9],[9,10]]",[1.5707963267948966],random_3_regular,afac2ae75ebcb5c2fe4cadb2b061276f887c3b574bf5d2640ed35422dde9c463,2028,m2:random_3_regular:n12:p1:g2028:a1,12,1,1
[0.39269908169872414],d1af4905475e2c6d61d9f3712552a38365703d9690e9689fa513c898b3d1dad6,"[[0,2],[0,6],[0,7],[1,6],[1,9],[1,11],[2,8],[2,10],[3,4],[3,5],[3,8],[4,7],[4,10],[5,7],[5,11],[6,11],[8,9],[9,10]]",[2.356194490192345],random_3_regular,afac2ae75ebcb5c2fe4cadb2b061276f887c3b574bf5d2640ed35422dde9c463,2028,m2:random_3_regular:n12:p1:g2028:a2,12,1,2
[1.1780972450961724],c23940fba4c3b92519cf60e1b8e9d6258cedfe7b68cccd93357a34b8708c52e3,"[[0,2],[0,6],[0,7],[1,6],[1,9],[1,11],[2,8],[2,10],[3,4],[3,5],[3,8],[4,7],[4,10],[5,7],[5,11],[6,11],[8,9],[9,10]]",[0.7853981633974483],random_3_regular,afac2ae75ebcb5c2fe4cadb2b061276f887c3b574bf5d2640ed35422dde9c463,2028,m2:random_3_regular:n12:p1:g2028:a3,12,1,3
"[0.0,0.0]",50d923e9021bfaf93949635f98595731cdc2f1bbd760d47c6b850995f0e0c6a9,"[[0,1],[0,2],[0,9],[1,5],[1,6],[2,5],[2,10],[3,4],[3,7],[3,11],[4,6],[4,8],[5,11],[6,11],[7,8],[7,10],[8,9],[9,10]]","[0.0,0.0]",random_3_regular,e4809c259262942c6f46850af806c6e38923f6e56d0b2bbca3c9bbc661158f80,2026,m2:random_3_regular:n12:p2:g2026:a0,12,2,0
"[0.7853981633974483,0.7853981633974483]",fb8d325c498313c0f241e5206abc356e3d2b709f8d1adacad2a175ab48383e17,"[[0,1],[0,2],[0,9],[1,5],[1,6],[2,5],[2,10],[3,4],[3,7],[3,11],[4,6],[4,8],[5,11],[6,11],[7,8],[7,10],[8,9],[9,10]]","[1.5707963267948966,1.5707963267948966]",random_3_regular,e4809c259262942c6f46850af806c6e38923f6e56d0b2bbca3c9bbc661158f80,2026,m2:random_3_regular:n12:p2:g2026:a1,12,2,1
"[0.39269908169872414,1.1780972450961724]",09ccd9f0affe01a29ae5050e68a3aee3d133ffb72de5c5318eb0a62ffda55f74,"[[0,1],[0,2],[0,9],[1,5],[1,6],[2,5],[2,10],[3,4],[3,7],[3,11],[4,6],[4,8],[5,11],[6,11],[7,8],[7,10],[8,9],[9,10]]","[2.356194490192345,0.7853981633974483]",random_3_regular,e4809c259262942c6f46850af806c6e38923f6e56d0b2bbca3c9bbc661158f80,2026,m2:random_3_regular:n12:p2:g2026:a2,12,2,2
"[1.1780972450961724,0.39269908169872414]",90fe94e1c4b10b9f5099a52e612f119d511d0ad182adf81d53652a74912d2fb5,"[[0,1],[0,2],[0,9],[1,5],[1,6],[2,5],[2,10],[3,4],[3,7],[3,11],[4,6],[4,8],[5,11],[6,11],[7,8],[7,10],[8,9],[9,10]]","[0.7853981633974483,2.356194490192345]",random_3_regular,e4809c259262942c6f46850af806c6e38923f6e56d0b2bbca3c9bbc661158f80,2026,m2:random_3_regular:n12:p2:g2026:a3,12,2,3
"[0.0,0.0]",801cef68bc83e1317ab0d03831e74c165a49c41e3b2cf68f2c7ef77db0a7455e,"[[0,2],[0,3],[0,10],[1,7],[1,9],[1,11],[2,5],[2,6],[3,8],[3,10],[4,7],[4,9],[4,10],[5,7],[5,11],[6,8],[6,9],[8,11]]","[0.0,0.0]",random_3_regular,72c9ead3d67f32d6b648284bae008dd922565b4a61c666f75968d819f749782c,2027,m2:random_3_regular:n12:p2:g2027:a0,12,2,0
"[0.7853981633974483,0.7853981633974483]",08ff4c249f0fb3528649c65050854c87a24b50ac0e91f81e6266236628ef3c3a,"[[0,2],[0,3],[0,10],[1,7],[1,9],[1,11],[2,5],[2,6],[3,8],[3,10],[4,7],[4,9],[4,10],[5,7],[5,11],[6,8],[6,9],[8,11]]","[1.5707963267948966,1.5707963267948966]",random_3_regular,72c9ead3d67f32d6b648284bae008dd922565b4a61c666f75968d819f749782c,2027,m2:random_3_regular:n12:p2:g2027:a1,12,2,1
"[0.39269908169872414,1.1780972450961724]",b78eaf9e2ce25c2624e2fa29cb4510434366a92cdea469f56c45d49064ae1b9c,"[[0,2],[0,3],[0,10],[1,7],[1,9],[1,11],[2,5],[2,6],[3,8],[3,10],[4,7],[4,9],[4,10],[5,7],[5,11],[6,8],[6,9],[8,11]]","[2.356194490192345,0.7853981633974483]",random_3_regular,72c9ead3d67f32d6b648284bae008dd922565b4a61c666f75968d819f749782c,2027,m2:random_3_regular:n12:p2:g2027:a2,12,2,2
"[1.1780972450961724,0.39269908169872414]",6e599060551855292897bd671098ab7dbefcc2e2473f5c17a8b124ab0b89500a,"[[0,2],[0,3],[0,10],[1,7],[1,9],[1,11],[2,5],[2,6],[3,8],[3,10],[4,7],[4,9],[4,10],[5,7],[5,11],[6,8],[6,9],[8,11]]","[0.7853981633974483,2.356194490192345]",random_3_regular,72c9ead3d67f32d6b648284bae008dd922565b4a61c666f75968d819f749782c,2027,m2:random_3_regular:n12:p2:g2027:a3,12,2,3
"[0.0,0.0]",5b6d467b00f8ab34e74997af470a33ec0c0baec5a219c80a9113d0dd98c784a4,"[[0,2],[0,6],[0,7],[1,6],[1,9],[1,11],[2,8],[2,10],[3,4],[3,5],[3,8],[4,7],[4,10],[5,7],[5,11],[6,11],[8,9],[9,10]]","[0.0,0.0]",random_3_regular,afac2ae75ebcb5c2fe4cadb2b061276f887c3b574bf5d2640ed35422dde9c463,2028,m2:random_3_regular:n12:p2:g2028:a0,12,2,0
"[0.7853981633974483,0.7853981633974483]",7dcebb930a76afa3a12f865dd206187a6f4a5b4ba1613b34005f3366aab25a2f,"[[0,2],[0,6],[0,7],[1,6],[1,9],[1,11],[2,8],[2,10],[3,4],[3,5],[3,8],[4,7],[4,10],[5,7],[5,11],[6,11],[8,9],[9,10]]","[1.5707963267948966,1.5707963267948966]",random_3_regular,afac2ae75ebcb5c2fe4cadb2b061276f887c3b574bf5d2640ed35422dde9c463,2028,m2:random_3_regular:n12:p2:g2028:a1,12,2,1
"[0.39269908169872414,1.1780972450961724]",a57dbc0263b96c45944a72720e9c6a228d35ae632c3976fc67b7546ed3baba64,"[[0,2],[0,6],[0,7],[1,6],[1,9],[1,11],[2,8],[2,10],[3,4],[3,5],[3,8],[4,7],[4,10],[5,7],[5,11],[6,11],[8,9],[9,10]]","[2.356194490192345,0.7853981633974483]",random_3_regular,afac2ae75ebcb5c2fe4cadb2b061276f887c3b574bf5d2640ed35422dde9c463,2028,m2:random_3_regular:n12:p2:g2028:a2,12,2,2
"[1.1780972450961724,0.39269908169872414]",2497127ff5d64429404ee753749bfce0af166d82532f1ac79a73029b57a2179f,"[[0,2],[0,6],[0,7],[1,6],[1,9],[1,11],[2,8],[2,10],[3,4],[3,5],[3,8],[4,7],[4,10],[5,7],[5,11],[6,11],[8,9],[9,10]]","[0.7853981633974483,2.356194490192345]",random_3_regular,afac2ae75ebcb5c2fe4cadb2b061276f887c3b574bf5d2640ed35422dde9c463,2028,m2:random_3_regular:n12:p2:g2028:a3,12,2,3
"[0.0,0.0,0.0]",411c9c682947fe472ac06c7be1f67d7735f0781128b92f8b2091437c0b772c01,"[[0,1],[0,2],[0,9],[1,5],[1,6],[2,5],[2,10],[3,4],[3,7],[3,11],[4,6],[4,8],[5,11],[6,11],[7,8],[7,10],[8,9],[9,10]]","[0.0,0.0,0.0]",random_3_regular,e4809c259262942c6f46850af806c6e38923f6e56d0b2bbca3c9bbc661158f80,2026,m2:random_3_regular:n12:p3:g2026:a0,12,3,0
"[0.7853981633974483,0.7853981633974483,0.7853981633974483]",1a857a84524b86ac1a71e9e333428b6334830be602ff9bdc7552448d656a300d,"[[0,1],[0,2],[0,9],[1,5],[1,6],[2,5],[2,10],[3,4],[3,7],[3,11],[4,6],[4,8],[5,11],[6,11],[7,8],[7,10],[8,9],[9,10]]","[1.5707963267948966,1.5707963267948966,1.5707963267948966]",random_3_regular,e4809c259262942c6f46850af806c6e38923f6e56d0b2bbca3c9bbc661158f80,2026,m2:random_3_regular:n12:p3:g2026:a1,12,3,1
"[0.39269908169872414,1.1780972450961724,1.1780972450961724]",a124f4f8f96972fdfb66b7c68aaa7d12b60c8c476cef8b98cd82de09a42f485d,"[[0,1],[0,2],[0,9],[1,5],[1,6],[2,5],[2,10],[3,4],[3,7],[3,11],[4,6],[4,8],[5,11],[6,11],[7,8],[7,10],[8,9],[9,10]]","[2.356194490192345,0.7853981633974483,0.7853981633974483]",random_3_regular,e4809c259262942c6f46850af806c6e38923f6e56d0b2bbca3c9bbc661158f80,2026,m2:random_3_regular:n12:p3:g2026:a2,12,3,2
"[1.1780972450961724,0.39269908169872414,0.39269908169872414]",67cbee250d75b4d46bdebb6c5514cb3ce9df9d4e0edca80740c3976ebdfc5ff2,"[[0,1],[0,2],[0,9],[1,5],[1,6],[2,5],[2,10],[3,4],[3,7],[3,11],[4,6],[4,8],[5,11],[6,11],[7,8],[7,10],[8,9],[9,10]]","[0.7853981633974483,2.356194490192345,2.356194490192345]",random_3_regular,e4809c259262942c6f46850af806c6e38923f6e56d0b2bbca3c9bbc661158f80,2026,m2:random_3_regular:n12:p3:g2026:a3,12,3,3
"[0.0,0.0,0.0]",226805621d138f50fe4c587c4593c7a1a11ff5ef9cdc01db781257c90b14132e,"[[0,2],[0,3],[0,10],[1,7],[1,9],[1,11],[2,5],[2,6],[3,8],[3,10],[4,7],[4,9],[4,10],[5,7],[5,11],[6,8],[6,9],[8,11]]","[0.0,0.0,0.0]",random_3_regular,72c9ead3d67f32d6b648284bae008dd922565b4a61c666f75968d819f749782c,2027,m2:random_3_regular:n12:p3:g2027:a0,12,3,0
"[0.7853981633974483,0.7853981633974483,0.7853981633974483]",223963958dc07222a87c2922e4fbec5f0f9125257da772e12a6f73544dbf3269,"[[0,2],[0,3],[0,10],[1,7],[1,9],[1,11],[2,5],[2,6],[3,8],[3,10],[4,7],[4,9],[4,10],[5,7],[5,11],[6,8],[6,9],[8,11]]","[1.5707963267948966,1.5707963267948966,1.5707963267948966]",random_3_regular,72c9ead3d67f32d6b648284bae008dd922565b4a61c666f75968d819f749782c,2027,m2:random_3_regular:n12:p3:g2027:a1,12,3,1
"[0.39269908169872414,1.1780972450961724,1.1780972450961724]",0d6ea3b3d492e82ebbdf067284df1a63c6ad216cead442dd1c9bf620baca18a5,"[[0,2],[0,3],[0,10],[1,7],[1,9],[1,11],[2,5],[2,6],[3,8],[3,10],[4,7],[4,9],[4,10],[5,7],[5,11],[6,8],[6,9],[8,11]]","[2.356194490192345,0.7853981633974483,0.7853981633974483]",random_3_regular,72c9ead3d67f32d6b648284bae008dd922565b4a61c666f75968d819f749782c,2027,m2:random_3_regular:n12:p3:g2027:a2,12,3,2
"[1.1780972450961724,0.39269908169872414,0.39269908169872414]",cb8756af6f8a58dc482630aecdf70e569edd45fcc1267c6d950d757e791f172b,"[[0,2],[0,3],[0,10],[1,7],[1,9],[1,11],[2,5],[2,6],[3,8],[3,10],[4,7],[4,9],[4,10],[5,7],[5,11],[6,8],[6,9],[8,11]]","[0.7853981633974483,2.356194490192345,2.356194490192345]",random_3_regular,72c9ead3d67f32d6b648284bae008dd922565b4a61c666f75968d819f749782c,2027,m2:random_3_regular:n12:p3:g2027:a3,12,3,3
"[0.0,0.0,0.0]",cd40af6a0513e5ecc58be9198b51dbb2276b269264aaa04f433cc6395d82a5f8,"[[0,2],[0,6],[0,7],[1,6],[1,9],[1,11],[2,8],[2,10],[3,4],[3,5],[3,8],[4,7],[4,10],[5,7],[5,11],[6,11],[8,9],[9,10]]","[0.0,0.0,0.0]",random_3_regular,afac2ae75ebcb5c2fe4cadb2b061276f887c3b574bf5d2640ed35422dde9c463,2028,m2:random_3_regular:n12:p3:g2028:a0,12,3,0
"[0.7853981633974483,0.7853981633974483,0.7853981633974483]",b20deb7bceb9e964a6f56ee77c6d15f91fcfe0f3e0ff700716fd92053d7049af,"[[0,2],[0,6],[0,7],[1,6],[1,9],[1,11],[2,8],[2,10],[3,4],[3,5],[3,8],[4,7],[4,10],[5,7],[5,11],[6,11],[8,9],[9,10]]","[1.5707963267948966,1.5707963267948966,1.5707963267948966]",random_3_regular,afac2ae75ebcb5c2fe4cadb2b061276f887c3b574bf5d2640ed35422dde9c463,2028,m2:random_3_regular:n12:p3:g2028:a1,12,3,1
"[0.39269908169872414,1.1780972450961724,1.1780972450961724]",3d35d80a6fe842890a2e673f3894e0464bd2cb16a1c4f15c7dc8f21c39ebcccd,"[[0,2],[0,6],[0,7],[1,6],[1,9],[1,11],[2,8],[2,10],[3,4],[3,5],[3,8],[4,7],[4,10],[5,7],[5,11],[6,11],[8,9],[9,10]]","[2.356194490192345,0.7853981633974483,0.7853981633974483]",random_3_regular,afac2ae75ebcb5c2fe4cadb2b061276f887c3b574bf5d2640ed35422dde9c463,2028,m2:random_3_regular:n12:p3:g2028:a2,12,3,2
"[1.1780972450961724,0.39269908169872414,0.39269908169872414]",9d2282ede618fa857796cd3559d63c6c928a58433b72f3ad583429f541fa9688,"[[0,2],[0,6],[0,7],[1,6],[1,9],[1,11],[2,8],[2,10],[3,4],[3,5],[3,8],[4,7],[4,10],[5,7],[5,11],[6,11],[8,9],[9,10]]","[0.7853981633974483,2.356194490192345,2.356194490192345]",random_3_regular,afac2ae75ebcb5c2fe4cadb2b061276f887c3b574bf5d2640ed35422dde9c463,2028,m2:random_3_regular:n12:p3:g2028:a3,12,3,3
[0.0],6a14913778304a3ca5dde6737e2f00d963696177ee342d054a5e91007ce1a256,"[[0,2],[0,5],[0,11],[1,4],[1,7],[1,8],[2,4],[2,13],[3,4],[3,7],[3,9],[5,7],[5,13],[6,10],[6,12],[6,13],[8,11],[8,12],[9,10],[9,12],[10,11]]",[0.0],random_3_regular,fdc9ae24f26c3f79484b5d1331c468a5702f2310585f1bc3189447ad9bc49300,2026,m2:random_3_regular:n14:p1:g2026:a0,14,1,0
[0.7853981633974483],a08f3fdb6ae9f643757ed48b2b74825a2ce920ddb2a50fe5d335580fd3c77482,"[[0,2],[0,5],[0,11],[1,4],[1,7],[1,8],[2,4],[2,13],[3,4],[3,7],[3,9],[5,7],[5,13],[6,10],[6,12],[6,13],[8,11],[8,12],[9,10],[9,12],[10,11]]",[1.5707963267948966],random_3_regular,fdc9ae24f26c3f79484b5d1331c468a5702f2310585f1bc3189447ad9bc49300,2026,m2:random_3_regular:n14:p1:g2026:a1,14,1,1
[0.39269908169872414],2c43653b661bdd802e6c9f41877fb424daee5d8a5a118c63fcd7fa32a2f40201,"[[0,2],[0,5],[0,11],[1,4],[1,7],[1,8],[2,4],[2,13],[3,4],[3,7],[3,9],[5,7],[5,13],[6,10],[6,12],[6,13],[8,11],[8,12],[9,10],[9,12],[10,11]]",[2.356194490192345],random_3_regular,fdc9ae24f26c3f79484b5d1331c468a5702f2310585f1bc3189447ad9bc49300,2026,m2:random_3_regular:n14:p1:g2026:a2,14,1,2
[1.1780972450961724],f946386aded359b79bdfabe6248ebe6378d422c01d09658d8ecfbd3c1e0c1930,"[[0,2],[0,5],[0,11],[1,4],[1,7],[1,8],[2,4],[2,13],[3,4],[3,7],[3,9],[5,7],[5,13],[6,10],[6,12],[6,13],[8,11],[8,12],[9,10],[9,12],[10,11]]",[0.7853981633974483],random_3_regular,fdc9ae24f26c3f79484b5d1331c468a5702f2310585f1bc3189447ad9bc49300,2026,m2:random_3_regular:n14:p1:g2026:a3,14,1,3
[0.0],e558d75ff216fc3833ed3513ac2c81508f6ce84c77311f1e831961a5eaef091e,"[[0,4],[0,5],[0,9],[1,4],[1,6],[1,10],[2,5],[2,7],[2,12],[3,9],[3,11],[3,13],[4,12],[5,8],[6,11],[6,13],[7,8],[7,9],[8,11],[10,12],[10,13]]",[0.0],random_3_regular,50393f0a3420581e7ec9bdf63eea8dbdd9c5654fcdf9066119f33879397784d2,2027,m2:random_3_regular:n14:p1:g2027:a0,14,1,0
[0.7853981633974483],07e6a54342fe34b99ed6a85f89fa7f144f9f6856f7a255a904141637db85b7cb,"[[0,4],[0,5],[0,9],[1,4],[1,6],[1,10],[2,5],[2,7],[2,12],[3,9],[3,11],[3,13],[4,12],[5,8],[6,11],[6,13],[7,8],[7,9],[8,11],[10,12],[10,13]]",[1.5707963267948966],random_3_regular,50393f0a3420581e7ec9bdf63eea8dbdd9c5654fcdf9066119f33879397784d2,2027,m2:random_3_regular:n14:p1:g2027:a1,14,1,1
[0.39269908169872414],bacedc0bccd3e87460a1094e14f12a56f30bd467ba6fa2e8f72bcddb9c136997,"[[0,4],[0,5],[0,9],[1,4],[1,6],[1,10],[2,5],[2,7],[2,12],[3,9],[3,11],[3,13],[4,12],[5,8],[6,11],[6,13],[7,8],[7,9],[8,11],[10,12],[10,13]]",[2.356194490192345],random_3_regular,50393f0a3420581e7ec9bdf63eea8dbdd9c5654fcdf9066119f33879397784d2,2027,m2:random_3_regular:n14:p1:g2027:a2,14,1,2
[1.1780972450961724],b52359198c5196fff4609cb2a97cbbd3de7d4d7c80b284d17377a25293fd7efe,"[[0,4],[0,5],[0,9],[1,4],[1,6],[1,10],[2,5],[2,7],[2,12],[3,9],[3,11],[3,13],[4,12],[5,8],[6,11],[6,13],[7,8],[7,9],[8,11],[10,12],[10,13]]",[0.7853981633974483],random_3_regular,50393f0a3420581e7ec9bdf63eea8dbdd9c5654fcdf9066119f33879397784d2,2027,m2:random_3_regular:n14:p1:g2027:a3,14,1,3
[0.0],ded379b39c4b26df293620b37cd8de85f85b4939a35763e436d77ad7f2a8a0d9,"[[0,1],[0,10],[0,12],[1,7],[1,9],[2,4],[2,6],[2,10],[3,5],[3,8],[3,11],[4,6],[4,9],[5,11],[5,12],[6,12],[7,10],[7,13],[8,11],[8,13],[9,13]]",[0.0],random_3_regular,bfc2d647089622be8363f4036a9837a580c143f9f3a73e22a08b81fce856e546,2028,m2:random_3_regular:n14:p1:g2028:a0,14,1,0
[0.7853981633974483],3ddd2f2cd15c9cb82cd7a5b25346bc3496bc974fc0f33a1cb5e072404b870f10,"[[0,1],[0,10],[0,12],[1,7],[1,9],[2,4],[2,6],[2,10],[3,5],[3,8],[3,11],[4,6],[4,9],[5,11],[5,12],[6,12],[7,10],[7,13],[8,11],[8,13],[9,13]]",[1.5707963267948966],random_3_regular,bfc2d647089622be8363f4036a9837a580c143f9f3a73e22a08b81fce856e546,2028,m2:random_3_regular:n14:p1:g2028:a1,14,1,1
[0.39269908169872414],fe1900acd6decb503dadbbbb7ac4e1b51a1bd7d3db151db9d21dfc5cdd089a9f,"[[0,1],[0,10],[0,12],[1,7],[1,9],[2,4],[2,6],[2,10],[3,5],[3,8],[3,11],[4,6],[4,9],[5,11],[5,12],[6,12],[7,10],[7,13],[8,11],[8,13],[9,13]]",[2.356194490192345],random_3_regular,bfc2d647089622be8363f4036a9837a580c143f9f3a73e22a08b81fce856e546,2028,m2:random_3_regular:n14:p1:g2028:a2,14,1,2
[1.1780972450961724],b33547715a100328d4b639c0ced91da329bd0c09763cae7a6d7d8d1f47f51415,"[[0,1],[0,10],[0,12],[1,7],[1,9],[2,4],[2,6],[2,10],[3,5],[3,8],[3,11],[4,6],[4,9],[5,11],[5,12],[6,12],[7,10],[7,13],[8,11],[8,13],[9,13]]",[0.7853981633974483],random_3_regular,bfc2d647089622be8363f4036a9837a580c143f9f3a73e22a08b81fce856e546,2028,m2:random_3_regular:n14:p1:g2028:a3,14,1,3
"[0.0,0.0]",062d0fe6b817e4a8b7ec21904ca8d863e27ed26a7f4ba0b91ffe0742e4be724e,"[[0,2],[0,5],[0,11],[1,4],[1,7],[1,8],[2,4],[2,13],[3,4],[3,7],[3,9],[5,7],[5,13],[6,10],[6,12],[6,13],[8,11],[8,12],[9,10],[9,12],[10,11]]","[0.0,0.0]",random_3_regular,fdc9ae24f26c3f79484b5d1331c468a5702f2310585f1bc3189447ad9bc49300,2026,m2:random_3_regular:n14:p2:g2026:a0,14,2,0
"[0.7853981633974483,0.7853981633974483]",fecb9bea943ba5fd3d7654ba48b53c3bdbea1b6b341a6f2377f4e377025d31fd,"[[0,2],[0,5],[0,11],[1,4],[1,7],[1,8],[2,4],[2,13],[3,4],[3,7],[3,9],[5,7],[5,13],[6,10],[6,12],[6,13],[8,11],[8,12],[9,10],[9,12],[10,11]]","[1.5707963267948966,1.5707963267948966]",random_3_regular,fdc9ae24f26c3f79484b5d1331c468a5702f2310585f1bc3189447ad9bc49300,2026,m2:random_3_regular:n14:p2:g2026:a1,14,2,1
"[0.39269908169872414,1.1780972450961724]",3ba7e09547b6544d00ccc4f6587f220e995b62e6be344694acde7fd2f1bc0ce5,"[[0,2],[0,5],[0,11],[1,4],[1,7],[1,8],[2,4],[2,13],[3,4],[3,7],[3,9],[5,7],[5,13],[6,10],[6,12],[6,13],[8,11],[8,12],[9,10],[9,12],[10,11]]","[2.356194490192345,0.7853981633974483]",random_3_regular,fdc9ae24f26c3f79484b5d1331c468a5702f2310585f1bc3189447ad9bc49300,2026,m2:random_3_regular:n14:p2:g2026:a2,14,2,2
"[1.1780972450961724,0.39269908169872414]",cec1a81a574e9d174edb31aa4565f6eecdbbc46fd2f73935d7a9a1255ed25aa8,"[[0,2],[0,5],[0,11],[1,4],[1,7],[1,8],[2,4],[2,13],[3,4],[3,7],[3,9],[5,7],[5,13],[6,10],[6,12],[6,13],[8,11],[8,12],[9,10],[9,12],[10,11]]","[0.7853981633974483,2.356194490192345]",random_3_regular,fdc9ae24f26c3f79484b5d1331c468a5702f2310585f1bc3189447ad9bc49300,2026,m2:random_3_regular:n14:p2:g2026:a3,14,2,3
"[0.0,0.0]",9a7b3d9eea79ad0b98334b093ac179c93ebd9f205fd2583733da740f3212719f,"[[0,4],[0,5],[0,9],[1,4],[1,6],[1,10],[2,5],[2,7],[2,12],[3,9],[3,11],[3,13],[4,12],[5,8],[6,11],[6,13],[7,8],[7,9],[8,11],[10,12],[10,13]]","[0.0,0.0]",random_3_regular,50393f0a3420581e7ec9bdf63eea8dbdd9c5654fcdf9066119f33879397784d2,2027,m2:random_3_regular:n14:p2:g2027:a0,14,2,0
"[0.7853981633974483,0.7853981633974483]",9260c9fb6fafb74ea1c0398603a459c1c1e111f14381c6afc03b15140aa34f0e,"[[0,4],[0,5],[0,9],[1,4],[1,6],[1,10],[2,5],[2,7],[2,12],[3,9],[3,11],[3,13],[4,12],[5,8],[6,11],[6,13],[7,8],[7,9],[8,11],[10,12],[10,13]]","[1.5707963267948966,1.5707963267948966]",random_3_regular,50393f0a3420581e7ec9bdf63eea8dbdd9c5654fcdf9066119f33879397784d2,2027,m2:random_3_regular:n14:p2:g2027:a1,14,2,1
"[0.39269908169872414,1.1780972450961724]",8a465f5c69ec8d2b328421110b4acecb0992dff0c38bd78963c61427c5c05af4,"[[0,4],[0,5],[0,9],[1,4],[1,6],[1,10],[2,5],[2,7],[2,12],[3,9],[3,11],[3,13],[4,12],[5,8],[6,11],[6,13],[7,8],[7,9],[8,11],[10,12],[10,13]]","[2.356194490192345,0.7853981633974483]",random_3_regular,50393f0a3420581e7ec9bdf63eea8dbdd9c5654fcdf9066119f33879397784d2,2027,m2:random_3_regular:n14:p2:g2027:a2,14,2,2
"[1.1780972450961724,0.39269908169872414]",01564c83a9ae3fbcbe83507d52c4fefb151204d6f2b4ac96cdc25ed7dd421409,"[[0,4],[0,5],[0,9],[1,4],[1,6],[1,10],[2,5],[2,7],[2,12],[3,9],[3,11],[3,13],[4,12],[5,8],[6,11],[6,13],[7,8],[7,9],[8,11],[10,12],[10,13]]","[0.7853981633974483,2.356194490192345]",random_3_regular,50393f0a3420581e7ec9bdf63eea8dbdd9c5654fcdf9066119f33879397784d2,2027,m2:random_3_regular:n14:p2:g2027:a3,14,2,3
"[0.0,0.0]",0aa2daa3fc531ece3f71240fa51f6c35ec365473698955254fe83b1707070153,"[[0,1],[0,10],[0,12],[1,7],[1,9],[2,4],[2,6],[2,10],[3,5],[3,8],[3,11],[4,6],[4,9],[5,11],[5,12],[6,12],[7,10],[7,13],[8,11],[8,13],[9,13]]","[0.0,0.0]",random_3_regular,bfc2d647089622be8363f4036a9837a580c143f9f3a73e22a08b81fce856e546,2028,m2:random_3_regular:n14:p2:g2028:a0,14,2,0
"[0.7853981633974483,0.7853981633974483]",81a440af68727686b67f6199fc43746f7b8575ae4327b04633ce58272c3f6025,"[[0,1],[0,10],[0,12],[1,7],[1,9],[2,4],[2,6],[2,10],[3,5],[3,8],[3,11],[4,6],[4,9],[5,11],[5,12],[6,12],[7,10],[7,13],[8,11],[8,13],[9,13]]","[1.5707963267948966,1.5707963267948966]",random_3_regular,bfc2d647089622be8363f4036a9837a580c143f9f3a73e22a08b81fce856e546,2028,m2:random_3_regular:n14:p2:g2028:a1,14,2,1
"[0.39269908169872414,1.1780972450961724]",8ba9393c9473e5366230014e20cf52baa2892908c1479332bca272eac255559d,"[[0,1],[0,10],[0,12],[1,7],[1,9],[2,4],[2,6],[2,10],[3,5],[3,8],[3,11],[4,6],[4,9],[5,11],[5,12],[6,12],[7,10],[7,13],[8,11],[8,13],[9,13]]","[2.356194490192345,0.7853981633974483]",random_3_regular,bfc2d647089622be8363f4036a9837a580c143f9f3a73e22a08b81fce856e546,2028,m2:random_3_regular:n14:p2:g2028:a2,14,2,2
"[1.1780972450961724,0.39269908169872414]",45a370bccbf07f2e827f42707c857b19a0c15f98f58fa9f3ca7853be3c3cd40e,"[[0,1],[0,10],[0,12],[1,7],[1,9],[2,4],[2,6],[2,10],[3,5],[3,8],[3,11],[4,6],[4,9],[5,11],[5,12],[6,12],[7,10],[7,13],[8,11],[8,13],[9,13]]","[0.7853981633974483,2.356194490192345]",random_3_regular,bfc2d647089622be8363f4036a9837a580c143f9f3a73e22a08b81fce856e546,2028,m2:random_3_regular:n14:p2:g2028:a3,14,2,3
"[0.0,0.0,0.0]",1d9ae642d2340ff0c7431667eb586e2b2ee07f9557cfd611fa8c0247b86bcbdd,"[[0,2],[0,5],[0,11],[1,4],[1,7],[1,8],[2,4],[2,13],[3,4],[3,7],[3,9],[5,7],[5,13],[6,10],[6,12],[6,13],[8,11],[8,12],[9,10],[9,12],[10,11]]","[0.0,0.0,0.0]",random_3_regular,fdc9ae24f26c3f79484b5d1331c468a5702f2310585f1bc3189447ad9bc49300,2026,m2:random_3_regular:n14:p3:g2026:a0,14,3,0
"[0.7853981633974483,0.7853981633974483,0.7853981633974483]",6f5d2237f763662b22361ae00d8bafa6cfbf9795a7cf78d0141116b2913556a5,"[[0,2],[0,5],[0,11],[1,4],[1,7],[1,8],[2,4],[2,13],[3,4],[3,7],[3,9],[5,7],[5,13],[6,10],[6,12],[6,13],[8,11],[8,12],[9,10],[9,12],[10,11]]","[1.5707963267948966,1.5707963267948966,1.5707963267948966]",random_3_regular,fdc9ae24f26c3f79484b5d1331c468a5702f2310585f1bc3189447ad9bc49300,2026,m2:random_3_regular:n14:p3:g2026:a1,14,3,1
"[0.39269908169872414,1.1780972450961724,1.1780972450961724]",c1dac8f4926b1865ff7959ac3a978ae760575a7fc651b1251c06ccbae732519b,"[[0,2],[0,5],[0,11],[1,4],[1,7],[1,8],[2,4],[2,13],[3,4],[3,7],[3,9],[5,7],[5,13],[6,10],[6,12],[6,13],[8,11],[8,12],[9,10],[9,12],[10,11]]","[2.356194490192345,0.7853981633974483,0.7853981633974483]",random_3_regular,fdc9ae24f26c3f79484b5d1331c468a5702f2310585f1bc3189447ad9bc49300,2026,m2:random_3_regular:n14:p3:g2026:a2,14,3,2
"[1.1780972450961724,0.39269908169872414,0.39269908169872414]",91b69a105bf9735e8cfd6ababe5f666bc8a41e6c6fe2d37e8df2a190532581c7,"[[0,2],[0,5],[0,11],[1,4],[1,7],[1,8],[2,4],[2,13],[3,4],[3,7],[3,9],[5,7],[5,13],[6,10],[6,12],[6,13],[8,11],[8,12],[9,10],[9,12],[10,11]]","[0.7853981633974483,2.356194490192345,2.356194490192345]",random_3_regular,fdc9ae24f26c3f79484b5d1331c468a5702f2310585f1bc3189447ad9bc49300,2026,m2:random_3_regular:n14:p3:g2026:a3,14,3,3
"[0.0,0.0,0.0]",03e042683d729bcb8f642c47267affd3edab055345e75060905786b493c985c2,"[[0,4],[0,5],[0,9],[1,4],[1,6],[1,10],[2,5],[2,7],[2,12],[3,9],[3,11],[3,13],[4,12],[5,8],[6,11],[6,13],[7,8],[7,9],[8,11],[10,12],[10,13]]","[0.0,0.0,0.0]",random_3_regular,50393f0a3420581e7ec9bdf63eea8dbdd9c5654fcdf9066119f33879397784d2,2027,m2:random_3_regular:n14:p3:g2027:a0,14,3,0
"[0.7853981633974483,0.7853981633974483,0.7853981633974483]",d7636a848bd38347d218f2542ab13aa2497b8c44114927bdef514be773db6835,"[[0,4],[0,5],[0,9],[1,4],[1,6],[1,10],[2,5],[2,7],[2,12],[3,9],[3,11],[3,13],[4,12],[5,8],[6,11],[6,13],[7,8],[7,9],[8,11],[10,12],[10,13]]","[1.5707963267948966,1.5707963267948966,1.5707963267948966]",random_3_regular,50393f0a3420581e7ec9bdf63eea8dbdd9c5654fcdf9066119f33879397784d2,2027,m2:random_3_regular:n14:p3:g2027:a1,14,3,1
"[0.39269908169872414,1.1780972450961724,1.1780972450961724]",9f1f64de5a10799ba0330c84b55c559bc15ef9166a32ca45ea645400e9f87617,"[[0,4],[0,5],[0,9],[1,4],[1,6],[1,10],[2,5],[2,7],[2,12],[3,9],[3,11],[3,13],[4,12],[5,8],[6,11],[6,13],[7,8],[7,9],[8,11],[10,12],[10,13]]","[2.356194490192345,0.7853981633974483,0.7853981633974483]",random_3_regular,50393f0a3420581e7ec9bdf63eea8dbdd9c5654fcdf9066119f33879397784d2,2027,m2:random_3_regular:n14:p3:g2027:a2,14,3,2
"[1.1780972450961724,0.39269908169872414,0.39269908169872414]",fa94f2238ff9b71ea77ba313f966479296b1ad7a717e1a8fe3d388db8cafe3b2,"[[0,4],[0,5],[0,9],[1,4],[1,6],[1,10],[2,5],[2,7],[2,12],[3,9],[3,11],[3,13],[4,12],[5,8],[6,11],[6,13],[7,8],[7,9],[8,11],[10,12],[10,13]]","[0.7853981633974483,2.356194490192345,2.356194490192345]",random_3_regular,50393f0a3420581e7ec9bdf63eea8dbdd9c5654fcdf9066119f33879397784d2,2027,m2:random_3_regular:n14:p3:g2027:a3,14,3,3
"[0.0,0.0,0.0]",fe9a62590d37a8fe664070476831fe725a32d1eedf3c1d5bbb1104822e91064b,"[[0,1],[0,10],[0,12],[1,7],[1,9],[2,4],[2,6],[2,10],[3,5],[3,8],[3,11],[4,6],[4,9],[5,11],[5,12],[6,12],[7,10],[7,13],[8,11],[8,13],[9,13]]","[0.0,0.0,0.0]",random_3_regular,bfc2d647089622be8363f4036a9837a580c143f9f3a73e22a08b81fce856e546,2028,m2:random_3_regular:n14:p3:g2028:a0,14,3,0
"[0.7853981633974483,0.7853981633974483,0.7853981633974483]",042c5fa2f1ed99098df38d0967e16f048e9554a719c0e9b00b6363195b3542f3,"[[0,1],[0,10],[0,12],[1,7],[1,9],[2,4],[2,6],[2,10],[3,5],[3,8],[3,11],[4,6],[4,9],[5,11],[5,12],[6,12],[7,10],[7,13],[8,11],[8,13],[9,13]]","[1.5707963267948966,1.5707963267948966,1.5707963267948966]",random_3_regular,bfc2d647089622be8363f4036a9837a580c143f9f3a73e22a08b81fce856e546,2028,m2:random_3_regular:n14:p3:g2028:a1,14,3,1
"[0.39269908169872414,1.1780972450961724,1.1780972450961724]",575744cf1f4eda9163055c146f25982b860b8c080a60a538df815c7800cc85eb,"[[0,1],[0,10],[0,12],[1,7],[1,9],[2,4],[2,6],[2,10],[3,5],[3,8],[3,11],[4,6],[4,9],[5,11],[5,12],[6,12],[7,10],[7,13],[8,11],[8,13],[9,13]]","[2.356194490192345,0.7853981633974483,0.7853981633974483]",random_3_regular,bfc2d647089622be8363f4036a9837a580c143f9f3a73e22a08b81fce856e546,2028,m2:random_3_regular:n14:p3:g2028:a2,14,3,2
"[1.1780972450961724,0.39269908169872414,0.39269908169872414]",f77c8ee7e85143a2dea0e5d3aca912d37f144f5578b531b97ddb4ceca82ec195,"[[0,1],[0,10],[0,12],[1,7],[1,9],[2,4],[2,6],[2,10],[3,5],[3,8],[3,11],[4,6],[4,9],[5,11],[5,12],[6,12],[7,10],[7,13],[8,11],[8,13],[9,13]]","[0.7853981633974483,2.356194490192345,2.356194490192345]",random_3_regular,bfc2d647089622be8363f4036a9837a580c143f9f3a73e22a08b81fce856e546,2028,m2:random_3_regular:n14:p3:g2028:a3,14,3,3
[0.0],cdb456b64164a698e6ea956dc06fe4fc504ed1cef5d561c50bc40a05d4e11349,"[[0,2],[0,3],[0,13],[1,5],[1,11],[1,14],[2,3],[2,5],[3,7],[4,7],[4,10],[4,11],[5,9],[6,9],[6,12],[6,14],[7,9],[8,11],[8,13],[8,15],[10,12],[10,15],[12,15],[13,14]]",[0.0],random_3_regular,b643225e017a932cb16985004e5be81009f2a7e4db19f87adf97a9932c902f00,2026,m2:random_3_regular:n16:p1:g2026:a0,16,1,0
[0.7853981633974483],42dca2ba77f7b0ab66826cacde38cea14a1706507cc4e91da47de6407a87e86a,"[[0,2],[0,3],[0,13],[1,5],[1,11],[1,14],[2,3],[2,5],[3,7],[4,7],[4,10],[4,11],[5,9],[6,9],[6,12],[6,14],[7,9],[8,11],[8,13],[8,15],[10,12],[10,15],[12,15],[13,14]]",[1.5707963267948966],random_3_regular,b643225e017a932cb16985004e5be81009f2a7e4db19f87adf97a9932c902f00,2026,m2:random_3_regular:n16:p1:g2026:a1,16,1,1
[0.39269908169872414],8064325540970d0cff7ae8bcc4add3486878cd20c6e93599075127206c34086a,"[[0,2],[0,3],[0,13],[1,5],[1,11],[1,14],[2,3],[2,5],[3,7],[4,7],[4,10],[4,11],[5,9],[6,9],[6,12],[6,14],[7,9],[8,11],[8,13],[8,15],[10,12],[10,15],[12,15],[13,14]]",[2.356194490192345],random_3_regular,b643225e017a932cb16985004e5be81009f2a7e4db19f87adf97a9932c902f00,2026,m2:random_3_regular:n16:p1:g2026:a2,16,1,2
[1.1780972450961724],efb9a3b50d07a0acd09e6c56ade4a4499f162c005054d03c716ae815842e9d63,"[[0,2],[0,3],[0,13],[1,5],[1,11],[1,14],[2,3],[2,5],[3,7],[4,7],[4,10],[4,11],[5,9],[6,9],[6,12],[6,14],[7,9],[8,11],[8,13],[8,15],[10,12],[10,15],[12,15],[13,14]]",[0.7853981633974483],random_3_regular,b643225e017a932cb16985004e5be81009f2a7e4db19f87adf97a9932c902f00,2026,m2:random_3_regular:n16:p1:g2026:a3,16,1,3
[0.0],384ff5597d2e7470597ecb13f59d00fc39ff81bcc5db82741843786c43d66ccb,"[[0,3],[0,5],[0,6],[1,8],[1,13],[1,14],[2,7],[2,10],[2,11],[3,5],[3,9],[4,5],[4,12],[4,15],[6,14],[6,15],[7,13],[7,14],[8,9],[8,12],[9,15],[10,11],[10,12],[11,13]]",[0.0],random_3_regular,9d5282b05162f2cfe34dd2537fb1bee3b1951056e2457b0d0de3d218ac393e41,2027,m2:random_3_regular:n16:p1:g2027:a0,16,1,0
[0.7853981633974483],67cc9355df7b9dfc0ff4319835af967c35e126833acd0400c74b19efa480ccd0,"[[0,3],[0,5],[0,6],[1,8],[1,13],[1,14],[2,7],[2,10],[2,11],[3,5],[3,9],[4,5],[4,12],[4,15],[6,14],[6,15],[7,13],[7,14],[8,9],[8,12],[9,15],[10,11],[10,12],[11,13]]",[1.5707963267948966],random_3_regular,9d5282b05162f2cfe34dd2537fb1bee3b1951056e2457b0d0de3d218ac393e41,2027,m2:random_3_regular:n16:p1:g2027:a1,16,1,1
[0.39269908169872414],03baf90725897f04896da8504371aac4b2e2bb390b042adc01fb5d9261553756,"[[0,3],[0,5],[0,6],[1,8],[1,13],[1,14],[2,7],[2,10],[2,11],[3,5],[3,9],[4,5],[4,12],[4,15],[6,14],[6,15],[7,13],[7,14],[8,9],[8,12],[9,15],[10,11],[10,12],[11,13]]",[2.356194490192345],random_3_regular,9d5282b05162f2cfe34dd2537fb1bee3b1951056e2457b0d0de3d218ac393e41,2027,m2:random_3_regular:n16:p1:g2027:a2,16,1,2
[1.1780972450961724],c1f2af5eba25a7a554ef202ea942e454d071c58813ca5f7c2816fa376a398a49,"[[0,3],[0,5],[0,6],[1,8],[1,13],[1,14],[2,7],[2,10],[2,11],[3,5],[3,9],[4,5],[4,12],[4,15],[6,14],[6,15],[7,13],[7,14],[8,9],[8,12],[9,15],[10,11],[10,12],[11,13]]",[0.7853981633974483],random_3_regular,9d5282b05162f2cfe34dd2537fb1bee3b1951056e2457b0d0de3d218ac393e41,2027,m2:random_3_regular:n16:p1:g2027:a3,16,1,3
[0.0],bd8bf1dd63c0a10833589fa95a4eaec85093ad587f37397ca52b0e5831a27e98,"[[0,5],[0,13],[0,14],[1,2],[1,4],[1,12],[2,3],[2,9],[3,6],[3,14],[4,10],[4,15],[5,7],[5,13],[6,13],[6,14],[7,9],[7,10],[8,11],[8,12],[8,15],[9,11],[10,12],[11,15]]",[0.0],random_3_regular,dd02ea65c9104212f82c90f7ccce2a0b9148587608bfca076a4cc2b561e307b7,2028,m2:random_3_regular:n16:p1:g2028:a0,16,1,0
[0.7853981633974483],46a5e73940ca5aa760e0d3301f39419bc7ba56657f44299b455d30f2d8555aba,"[[0,5],[0,13],[0,14],[1,2],[1,4],[1,12],[2,3],[2,9],[3,6],[3,14],[4,10],[4,15],[5,7],[5,13],[6,13],[6,14],[7,9],[7,10],[8,11],[8,12],[8,15],[9,11],[10,12],[11,15]]",[1.5707963267948966],random_3_regular,dd02ea65c9104212f82c90f7ccce2a0b9148587608bfca076a4cc2b561e307b7,2028,m2:random_3_regular:n16:p1:g2028:a1,16,1,1
[0.39269908169872414],1d630b72bae7f11ac804e037f87cfa0512ca15bb476eb3bd6be731349dbc9fef,"[[0,5],[0,13],[0,14],[1,2],[1,4],[1,12],[2,3],[2,9],[3,6],[3,14],[4,10],[4,15],[5,7],[5,13],[6,13],[6,14],[7,9],[7,10],[8,11],[8,12],[8,15],[9,11],[10,12],[11,15]]",[2.356194490192345],random_3_regular,dd02ea65c9104212f82c90f7ccce2a0b9148587608bfca076a4cc2b561e307b7,2028,m2:random_3_regular:n16:p1:g2028:a2,16,1,2
[1.1780972450961724],6bc504d0308071ab9462e8242198c95aca6ef4d474bb0b4ddcf35754edbcff19,"[[0,5],[0,13],[0,14],[1,2],[1,4],[1,12],[2,3],[2,9],[3,6],[3,14],[4,10],[4,15],[5,7],[5,13],[6,13],[6,14],[7,9],[7,10],[8,11],[8,12],[8,15],[9,11],[10,12],[11,15]]",[0.7853981633974483],random_3_regular,dd02ea65c9104212f82c90f7ccce2a0b9148587608bfca076a4cc2b561e307b7,2028,m2:random_3_regular:n16:p1:g2028:a3,16,1,3
"[0.0,0.0]",ff09d3d588bf7ab5a3f2ded510f3802033cd267f9867677a88ec4cfb2e4343fc,"[[0,2],[0,3],[0,13],[1,5],[1,11],[1,14],[2,3],[2,5],[3,7],[4,7],[4,10],[4,11],[5,9],[6,9],[6,12],[6,14],[7,9],[8,11],[8,13],[8,15],[10,12],[10,15],[12,15],[13,14]]","[0.0,0.0]",random_3_regular,b643225e017a932cb16985004e5be81009f2a7e4db19f87adf97a9932c902f00,2026,m2:random_3_regular:n16:p2:g2026:a0,16,2,0
"[0.7853981633974483,0.7853981633974483]",4332b90651209d094f9c36c4d38a7b0a71eac87b435c8e97e07f3c8b1e10af59,"[[0,2],[0,3],[0,13],[1,5],[1,11],[1,14],[2,3],[2,5],[3,7],[4,7],[4,10],[4,11],[5,9],[6,9],[6,12],[6,14],[7,9],[8,11],[8,13],[8,15],[10,12],[10,15],[12,15],[13,14]]","[1.5707963267948966,1.5707963267948966]",random_3_regular,b643225e017a932cb16985004e5be81009f2a7e4db19f87adf97a9932c902f00,2026,m2:random_3_regular:n16:p2:g2026:a1,16,2,1
"[0.39269908169872414,1.1780972450961724]",178b35fe69e81b1d0bec12a5885553be565fda0d3e2f8d94c3e34062df6de0f9,"[[0,2],[0,3],[0,13],[1,5],[1,11],[1,14],[2,3],[2,5],[3,7],[4,7],[4,10],[4,11],[5,9],[6,9],[6,12],[6,14],[7,9],[8,11],[8,13],[8,15],[10,12],[10,15],[12,15],[13,14]]","[2.356194490192345,0.7853981633974483]",random_3_regular,b643225e017a932cb16985004e5be81009f2a7e4db19f87adf97a9932c902f00,2026,m2:random_3_regular:n16:p2:g2026:a2,16,2,2
"[1.1780972450961724,0.39269908169872414]",52979eefb20903460ba0a97044b72aa237acea6b97a624ca3d97335dc0206549,"[[0,2],[0,3],[0,13],[1,5],[1,11],[1,14],[2,3],[2,5],[3,7],[4,7],[4,10],[4,11],[5,9],[6,9],[6,12],[6,14],[7,9],[8,11],[8,13],[8,15],[10,12],[10,15],[12,15],[13,14]]","[0.7853981633974483,2.356194490192345]",random_3_regular,b643225e017a932cb16985004e5be81009f2a7e4db19f87adf97a9932c902f00,2026,m2:random_3_regular:n16:p2:g2026:a3,16,2,3
"[0.0,0.0]",0c4e19191578ade8719f07aaed6b7b779d78cc04437f0af226921709f1dbfa17,"[[0,3],[0,5],[0,6],[1,8],[1,13],[1,14],[2,7],[2,10],[2,11],[3,5],[3,9],[4,5],[4,12],[4,15],[6,14],[6,15],[7,13],[7,14],[8,9],[8,12],[9,15],[10,11],[10,12],[11,13]]","[0.0,0.0]",random_3_regular,9d5282b05162f2cfe34dd2537fb1bee3b1951056e2457b0d0de3d218ac393e41,2027,m2:random_3_regular:n16:p2:g2027:a0,16,2,0
"[0.7853981633974483,0.7853981633974483]",58cd2b4548325aa1997054a1079f4101d1e1dbc027381485dfdd9b2b3148a35f,"[[0,3],[0,5],[0,6],[1,8],[1,13],[1,14],[2,7],[2,10],[2,11],[3,5],[3,9],[4,5],[4,12],[4,15],[6,14],[6,15],[7,13],[7,14],[8,9],[8,12],[9,15],[10,11],[10,12],[11,13]]","[1.5707963267948966,1.5707963267948966]",random_3_regular,9d5282b05162f2cfe34dd2537fb1bee3b1951056e2457b0d0de3d218ac393e41,2027,m2:random_3_regular:n16:p2:g2027:a1,16,2,1
"[0.39269908169872414,1.1780972450961724]",e9880bd49c9b8f816edeb0d30e6bb26f34754d6a47eb1688154d7aff149bdb9f,"[[0,3],[0,5],[0,6],[1,8],[1,13],[1,14],[2,7],[2,10],[2,11],[3,5],[3,9],[4,5],[4,12],[4,15],[6,14],[6,15],[7,13],[7,14],[8,9],[8,12],[9,15],[10,11],[10,12],[11,13]]","[2.356194490192345,0.7853981633974483]",random_3_regular,9d5282b05162f2cfe34dd2537fb1bee3b1951056e2457b0d0de3d218ac393e41,2027,m2:random_3_regular:n16:p2:g2027:a2,16,2,2
"[1.1780972450961724,0.39269908169872414]",d3f3c22fc44ad9b3547b7d52103edd5ee88a9f5e4d632b333b8050825f012793,"[[0,3],[0,5],[0,6],[1,8],[1,13],[1,14],[2,7],[2,10],[2,11],[3,5],[3,9],[4,5],[4,12],[4,15],[6,14],[6,15],[7,13],[7,14],[8,9],[8,12],[9,15],[10,11],[10,12],[11,13]]","[0.7853981633974483,2.356194490192345]",random_3_regular,9d5282b05162f2cfe34dd2537fb1bee3b1951056e2457b0d0de3d218ac393e41,2027,m2:random_3_regular:n16:p2:g2027:a3,16,2,3
"[0.0,0.0]",3a4b41648736e1fd45a894d53725c30c4193299b3e91bcaf0987192233e5b172,"[[0,5],[0,13],[0,14],[1,2],[1,4],[1,12],[2,3],[2,9],[3,6],[3,14],[4,10],[4,15],[5,7],[5,13],[6,13],[6,14],[7,9],[7,10],[8,11],[8,12],[8,15],[9,11],[10,12],[11,15]]","[0.0,0.0]",random_3_regular,dd02ea65c9104212f82c90f7ccce2a0b9148587608bfca076a4cc2b561e307b7,2028,m2:random_3_regular:n16:p2:g2028:a0,16,2,0
"[0.7853981633974483,0.7853981633974483]",f6c83e9c06c301c47c69bd6f698150888a2d1c24798caa60865076492f9b7560,"[[0,5],[0,13],[0,14],[1,2],[1,4],[1,12],[2,3],[2,9],[3,6],[3,14],[4,10],[4,15],[5,7],[5,13],[6,13],[6,14],[7,9],[7,10],[8,11],[8,12],[8,15],[9,11],[10,12],[11,15]]","[1.5707963267948966,1.5707963267948966]",random_3_regular,dd02ea65c9104212f82c90f7ccce2a0b9148587608bfca076a4cc2b561e307b7,2028,m2:random_3_regular:n16:p2:g2028:a1,16,2,1
"[0.39269908169872414,1.1780972450961724]",c33a9baf218b7ae0eeba2e279568a9530f54923c839e6e910abeb58045021b20,"[[0,5],[0,13],[0,14],[1,2],[1,4],[1,12],[2,3],[2,9],[3,6],[3,14],[4,10],[4,15],[5,7],[5,13],[6,13],[6,14],[7,9],[7,10],[8,11],[8,12],[8,15],[9,11],[10,12],[11,15]]","[2.356194490192345,0.7853981633974483]",random_3_regular,dd02ea65c9104212f82c90f7ccce2a0b9148587608bfca076a4cc2b561e307b7,2028,m2:random_3_regular:n16:p2:g2028:a2,16,2,2
"[1.1780972450961724,0.39269908169872414]",e12447777c5cadc577a265e3b71f28daa8fc76476eafebc1b2ab7156560d698d,"[[0,5],[0,13],[0,14],[1,2],[1,4],[1,12],[2,3],[2,9],[3,6],[3,14],[4,10],[4,15],[5,7],[5,13],[6,13],[6,14],[7,9],[7,10],[8,11],[8,12],[8,15],[9,11],[10,12],[11,15]]","[0.7853981633974483,2.356194490192345]",random_3_regular,dd02ea65c9104212f82c90f7ccce2a0b9148587608bfca076a4cc2b561e307b7,2028,m2:random_3_regular:n16:p2:g2028:a3,16,2,3
"[0.0,0.0,0.0]",b50b513d7fb2aa2cf2cb0d01b2ea4920cc140ff2543ce474deea1b84b1cce297,"[[0,2],[0,3],[0,13],[1,5],[1,11],[1,14],[2,3],[2,5],[3,7],[4,7],[4,10],[4,11],[5,9],[6,9],[6,12],[6,14],[7,9],[8,11],[8,13],[8,15],[10,12],[10,15],[12,15],[13,14]]","[0.0,0.0,0.0]",random_3_regular,b643225e017a932cb16985004e5be81009f2a7e4db19f87adf97a9932c902f00,2026,m2:random_3_regular:n16:p3:g2026:a0,16,3,0
"[0.7853981633974483,0.7853981633974483,0.7853981633974483]",399c1deaf49ced0f92cdf24d098a6d300436617dd404a1d8136d65372e1de734,"[[0,2],[0,3],[0,13],[1,5],[1,11],[1,14],[2,3],[2,5],[3,7],[4,7],[4,10],[4,11],[5,9],[6,9],[6,12],[6,14],[7,9],[8,11],[8,13],[8,15],[10,12],[10,15],[12,15],[13,14]]","[1.5707963267948966,1.5707963267948966,1.5707963267948966]",random_3_regular,b643225e017a932cb16985004e5be81009f2a7e4db19f87adf97a9932c902f00,2026,m2:random_3_regular:n16:p3:g2026:a1,16,3,1
"[0.39269908169872414,1.1780972450961724,1.1780972450961724]",eb20902943d40a5c975da809a766e5edb78f4c15d5c88e0f5688404fd22cb9a4,"[[0,2],[0,3],[0,13],[1,5],[1,11],[1,14],[2,3],[2,5],[3,7],[4,7],[4,10],[4,11],[5,9],[6,9],[6,12],[6,14],[7,9],[8,11],[8,13],[8,15],[10,12],[10,15],[12,15],[13,14]]","[2.356194490192345,0.7853981633974483,0.7853981633974483]",random_3_regular,b643225e017a932cb16985004e5be81009f2a7e4db19f87adf97a9932c902f00,2026,m2:random_3_regular:n16:p3:g2026:a2,16,3,2
"[1.1780972450961724,0.39269908169872414,0.39269908169872414]",2ae14319804128f7e92786104accc2764c96fb1ebabd42254041ec979ef9a2f3,"[[0,2],[0,3],[0,13],[1,5],[1,11],[1,14],[2,3],[2,5],[3,7],[4,7],[4,10],[4,11],[5,9],[6,9],[6,12],[6,14],[7,9],[8,11],[8,13],[8,15],[10,12],[10,15],[12,15],[13,14]]","[0.7853981633974483,2.356194490192345,2.356194490192345]",random_3_regular,b643225e017a932cb16985004e5be81009f2a7e4db19f87adf97a9932c902f00,2026,m2:random_3_regular:n16:p3:g2026:a3,16,3,3
"[0.0,0.0,0.0]",3e49aca20d25da5a1c42b35e32b5855c796f22b13e41c3f5c9a97fd1390c1115,"[[0,3],[0,5],[0,6],[1,8],[1,13],[1,14],[2,7],[2,10],[2,11],[3,5],[3,9],[4,5],[4,12],[4,15],[6,14],[6,15],[7,13],[7,14],[8,9],[8,12],[9,15],[10,11],[10,12],[11,13]]","[0.0,0.0,0.0]",random_3_regular,9d5282b05162f2cfe34dd2537fb1bee3b1951056e2457b0d0de3d218ac393e41,2027,m2:random_3_regular:n16:p3:g2027:a0,16,3,0
"[0.7853981633974483,0.7853981633974483,0.7853981633974483]",97979c75ebd8347737d2ff4456a55fe432e6801f32060b7f204ed007bc9d2335,"[[0,3],[0,5],[0,6],[1,8],[1,13],[1,14],[2,7],[2,10],[2,11],[3,5],[3,9],[4,5],[4,12],[4,15],[6,14],[6,15],[7,13],[7,14],[8,9],[8,12],[9,15],[10,11],[10,12],[11,13]]","[1.5707963267948966,1.5707963267948966,1.5707963267948966]",random_3_regular,9d5282b05162f2cfe34dd2537fb1bee3b1951056e2457b0d0de3d218ac393e41,2027,m2:random_3_regular:n16:p3:g2027:a1,16,3,1
"[0.39269908169872414,1.1780972450961724,1.1780972450961724]",8a8f77f13b6fa1cf8598657e58558aeed353af9d0f042d5f2850ea33ac4e2496,"[[0,3],[0,5],[0,6],[1,8],[1,13],[1,14],[2,7],[2,10],[2,11],[3,5],[3,9],[4,5],[4,12],[4,15],[6,14],[6,15],[7,13],[7,14],[8,9],[8,12],[9,15],[10,11],[10,12],[11,13]]","[2.356194490192345,0.7853981633974483,0.7853981633974483]",random_3_regular,9d5282b05162f2cfe34dd2537fb1bee3b1951056e2457b0d0de3d218ac393e41,2027,m2:random_3_regular:n16:p3:g2027:a2,16,3,2
"[1.1780972450961724,0.39269908169872414,0.39269908169872414]",c3ccbaab66403afa0206d110bdd1090beffede969f1cbf625694f43d6be04f7e,"[[0,3],[0,5],[0,6],[1,8],[1,13],[1,14],[2,7],[2,10],[2,11],[3,5],[3,9],[4,5],[4,12],[4,15],[6,14],[6,15],[7,13],[7,14],[8,9],[8,12],[9,15],[10,11],[10,12],[11,13]]","[0.7853981633974483,2.356194490192345,2.356194490192345]",random_3_regular,9d5282b05162f2cfe34dd2537fb1bee3b1951056e2457b0d0de3d218ac393e41,2027,m2:random_3_regular:n16:p3:g2027:a3,16,3,3
"[0.0,0.0,0.0]",1ce2f85e9011e44d4959ac72a6a49ef91eb6570f12aa509bba1262d86dcda74f,"[[0,5],[0,13],[0,14],[1,2],[1,4],[1,12],[2,3],[2,9],[3,6],[3,14],[4,10],[4,15],[5,7],[5,13],[6,13],[6,14],[7,9],[7,10],[8,11],[8,12],[8,15],[9,11],[10,12],[11,15]]","[0.0,0.0,0.0]",random_3_regular,dd02ea65c9104212f82c90f7ccce2a0b9148587608bfca076a4cc2b561e307b7,2028,m2:random_3_regular:n16:p3:g2028:a0,16,3,0
"[0.7853981633974483,0.7853981633974483,0.7853981633974483]",cdc2ec1c601865188b991c8431253dc93438e19b267819fd0f8aad40dcd0324c,"[[0,5],[0,13],[0,14],[1,2],[1,4],[1,12],[2,3],[2,9],[3,6],[3,14],[4,10],[4,15],[5,7],[5,13],[6,13],[6,14],[7,9],[7,10],[8,11],[8,12],[8,15],[9,11],[10,12],[11,15]]","[1.5707963267948966,1.5707963267948966,1.5707963267948966]",random_3_regular,dd02ea65c9104212f82c90f7ccce2a0b9148587608bfca076a4cc2b561e307b7,2028,m2:random_3_regular:n16:p3:g2028:a1,16,3,1
"[0.39269908169872414,1.1780972450961724,1.1780972450961724]",588358788acfd5ba0f1c45f541af8c37cdc2faee3671fc30bcca0a46d514c59f,"[[0,5],[0,13],[0,14],[1,2],[1,4],[1,12],[2,3],[2,9],[3,6],[3,14],[4,10],[4,15],[5,7],[5,13],[6,13],[6,14],[7,9],[7,10],[8,11],[8,12],[8,15],[9,11],[10,12],[11,15]]","[2.356194490192345,0.7853981633974483,0.7853981633974483]",random_3_regular,dd02ea65c9104212f82c90f7ccce2a0b9148587608bfca076a4cc2b561e307b7,2028,m2:random_3_regular:n16:p3:g2028:a2,16,3,2
"[1.1780972450961724,0.39269908169872414,0.39269908169872414]",058df5a710bdf6f6f68fd3108f30c02422ab31d3a3ff8671b5f38e8f739e6756,"[[0,5],[0,13],[0,14],[1,2],[1,4],[1,12],[2,3],[2,9],[3,6],[3,14],[4,10],[4,15],[5,7],[5,13],[6,13],[6,14],[7,9],[7,10],[8,11],[8,12],[8,15],[9,11],[10,12],[11,15]]","[0.7853981633974483,2.356194490192345,2.356194490192345]",random_3_regular,dd02ea65c9104212f82c90f7ccce2a0b9148587608bfca076a4cc2b561e307b7,2028,m2:random_3_regular:n16:p3:g2028:a3,16,3,3
[0.0],74272a58b0b9b1fe285123f7bb5a3be1bbe554b53806692459f7b381adf1f51f,"[[0,8],[0,12],[0,15],[1,4],[1,6],[1,10],[2,7],[2,14],[2,16],[3,5],[3,9],[3,17],[4,7],[4,16],[5,6],[5,17],[6,10],[7,13],[8,11],[8,13],[9,10],[9,11],[11,12],[12,14],[13,15],[14,15],[16,17]]",[0.0],random_3_regular,59b2f2de7a5f9dcb7cb348a81a7d934fdd966132eec3191511f83dd98a2966a9,2026,m2:random_3_regular:n18:p1:g2026:a0,18,1,0
[0.7853981633974483],863b9f930c4d03da9ac52cae15289c4ae2abc2c96f377c331894b4fe7e89f785,"[[0,8],[0,12],[0,15],[1,4],[1,6],[1,10],[2,7],[2,14],[2,16],[3,5],[3,9],[3,17],[4,7],[4,16],[5,6],[5,17],[6,10],[7,13],[8,11],[8,13],[9,10],[9,11],[11,12],[12,14],[13,15],[14,15],[16,17]]",[1.5707963267948966],random_3_regular,59b2f2de7a5f9dcb7cb348a81a7d934fdd966132eec3191511f83dd98a2966a9,2026,m2:random_3_regular:n18:p1:g2026:a1,18,1,1
[0.39269908169872414],cdf92dd8fe3e47ebd5850e1acfdebe31157b10d89fd9bf3d09425d1459a0fe76,"[[0,8],[0,12],[0,15],[1,4],[1,6],[1,10],[2,7],[2,14],[2,16],[3,5],[3,9],[3,17],[4,7],[4,16],[5,6],[5,17],[6,10],[7,13],[8,11],[8,13],[9,10],[9,11],[11,12],[12,14],[13,15],[14,15],[16,17]]",[2.356194490192345],random_3_regular,59b2f2de7a5f9dcb7cb348a81a7d934fdd966132eec3191511f83dd98a2966a9,2026,m2:random_3_regular:n18:p1:g2026:a2,18,1,2
[1.1780972450961724],29f0ea66514f1e3307e641bff00c04d15ec74213d2f932ba57a7eefbb3b19847,"[[0,8],[0,12],[0,15],[1,4],[1,6],[1,10],[2,7],[2,14],[2,16],[3,5],[3,9],[3,17],[4,7],[4,16],[5,6],[5,17],[6,10],[7,13],[8,11],[8,13],[9,10],[9,11],[11,12],[12,14],[13,15],[14,15],[16,17]]",[0.7853981633974483],random_3_regular,59b2f2de7a5f9dcb7cb348a81a7d934fdd966132eec3191511f83dd98a2966a9,2026,m2:random_3_regular:n18:p1:g2026:a3,18,1,3
[0.0],9ddf1af78e4b944e9e89bdee1cd250903a739c695c508c952f83faf21ef3763c,"[[0,5],[0,10],[0,11],[1,10],[1,12],[1,16],[2,5],[2,7],[2,17],[3,8],[3,9],[3,15],[4,7],[4,13],[4,14],[5,6],[6,14],[6,15],[7,16],[8,9],[8,13],[9,17],[10,12],[11,16],[11,17],[12,15],[13,14]]",[0.0],random_3_regular,5e3b051d4739ca3f3a0c78602dc2c3f372d0f78d1dcb7684180a9f8ac1be5931,2027,m2:random_3_regular:n18:p1:g2027:a0,18,1,0
[0.7853981633974483],f7858152dda9f7a1ef48e59fe0024b3a110798d92abdd5265fefc8f54e3b8325,"[[0,5],[0,10],[0,11],[1,10],[1,12],[1,16],[2,5],[2,7],[2,17],[3,8],[3,9],[3,15],[4,7],[4,13],[4,14],[5,6],[6,14],[6,15],[7,16],[8,9],[8,13],[9,17],[10,12],[11,16],[11,17],[12,15],[13,14]]",[1.5707963267948966],random_3_regular,5e3b051d4739ca3f3a0c78602dc2c3f372d0f78d1dcb7684180a9f8ac1be5931,2027,m2:random_3_regular:n18:p1:g2027:a1,18,1,1
[0.39269908169872414],3be062e1c5a4a9974347315f0a6b72f26c2f82d2bd0bb8df3009258854609d26,"[[0,5],[0,10],[0,11],[1,10],[1,12],[1,16],[2,5],[2,7],[2,17],[3,8],[3,9],[3,15],[4,7],[4,13],[4,14],[5,6],[6,14],[6,15],[7,16],[8,9],[8,13],[9,17],[10,12],[11,16],[11,17],[12,15],[13,14]]",[2.356194490192345],random_3_regular,5e3b051d4739ca3f3a0c78602dc2c3f372d0f78d1dcb7684180a9f8ac1be5931,2027,m2:random_3_regular:n18:p1:g2027:a2,18,1,2
[1.1780972450961724],e00a8246ee3b5ffc28dc21a1418f82a7ea41bccf87911c957fee348ac871951e,"[[0,5],[0,10],[0,11],[1,10],[1,12],[1,16],[2,5],[2,7],[2,17],[3,8],[3,9],[3,15],[4,7],[4,13],[4,14],[5,6],[6,14],[6,15],[7,16],[8,9],[8,13],[9,17],[10,12],[11,16],[11,17],[12,15],[13,14]]",[0.7853981633974483],random_3_regular,5e3b051d4739ca3f3a0c78602dc2c3f372d0f78d1dcb7684180a9f8ac1be5931,2027,m2:random_3_regular:n18:p1:g2027:a3,18,1,3
[0.0],40697582edba6f4ef763e813da7b9277d30673f0ee8b6f9fbbbf63b1addc4769,"[[0,1],[0,7],[0,16],[1,11],[1,15],[2,3],[2,7],[2,9],[3,8],[3,14],[4,9],[4,14],[4,16],[5,10],[5,11],[5,17],[6,13],[6,14],[6,16],[7,8],[8,10],[9,17],[10,12],[11,15],[12,13],[12,17],[13,15]]",[0.0],random_3_regular,1485dff4d114d52fe66e785531766608dcd1c80f6bd3f17fe56eacd5972e31f2,2028,m2:random_3_regular:n18:p1:g2028:a0,18,1,0
[0.7853981633974483],189e9f1330ccd1e43817479da342f960e5bd8db50047dd68b7c6f84d33059f5d,"[[0,1],[0,7],[0,16],[1,11],[1,15],[2,3],[2,7],[2,9],[3,8],[3,14],[4,9],[4,14],[4,16],[5,10],[5,11],[5,17],[6,13],[6,14],[6,16],[7,8],[8,10],[9,17],[10,12],[11,15],[12,13],[12,17],[13,15]]",[1.5707963267948966],random_3_regular,1485dff4d114d52fe66e785531766608dcd1c80f6bd3f17fe56eacd5972e31f2,2028,m2:random_3_regular:n18:p1:g2028:a1,18,1,1
[0.39269908169872414],6d4f1aafe11cc8bfa4ce8574e3c45574d5c975aeece39272bfab9a658229baa1,"[[0,1],[0,7],[0,16],[1,11],[1,15],[2,3],[2,7],[2,9],[3,8],[3,14],[4,9],[4,14],[4,16],[5,10],[5,11],[5,17],[6,13],[6,14],[6,16],[7,8],[8,10],[9,17],[10,12],[11,15],[12,13],[12,17],[13,15]]",[2.356194490192345],random_3_regular,1485dff4d114d52fe66e785531766608dcd1c80f6bd3f17fe56eacd5972e31f2,2028,m2:random_3_regular:n18:p1:g2028:a2,18,1,2
[1.1780972450961724],f29000b06c476fc866585c50580ddeabb93f16bf9cb1b2c4f91023ab2e92c303,"[[0,1],[0,7],[0,16],[1,11],[1,15],[2,3],[2,7],[2,9],[3,8],[3,14],[4,9],[4,14],[4,16],[5,10],[5,11],[5,17],[6,13],[6,14],[6,16],[7,8],[8,10],[9,17],[10,12],[11,15],[12,13],[12,17],[13,15]]",[0.7853981633974483],random_3_regular,1485dff4d114d52fe66e785531766608dcd1c80f6bd3f17fe56eacd5972e31f2,2028,m2:random_3_regular:n18:p1:g2028:a3,18,1,3
"[0.0,0.0]",8178f475593eb14ec7ef7ff7ca15b996a12a2f3a911a1a9f12cc6bbfbd29aec0,"[[0,8],[0,12],[0,15],[1,4],[1,6],[1,10],[2,7],[2,14],[2,16],[3,5],[3,9],[3,17],[4,7],[4,16],[5,6],[5,17],[6,10],[7,13],[8,11],[8,13],[9,10],[9,11],[11,12],[12,14],[13,15],[14,15],[16,17]]","[0.0,0.0]",random_3_regular,59b2f2de7a5f9dcb7cb348a81a7d934fdd966132eec3191511f83dd98a2966a9,2026,m2:random_3_regular:n18:p2:g2026:a0,18,2,0
"[0.7853981633974483,0.7853981633974483]",7adf8a98cdbbe52c244a1b8f0ac29e2623e1234e5e563c4867b88d93235eca88,"[[0,8],[0,12],[0,15],[1,4],[1,6],[1,10],[2,7],[2,14],[2,16],[3,5],[3,9],[3,17],[4,7],[4,16],[5,6],[5,17],[6,10],[7,13],[8,11],[8,13],[9,10],[9,11],[11,12],[12,14],[13,15],[14,15],[16,17]]","[1.5707963267948966,1.5707963267948966]",random_3_regular,59b2f2de7a5f9dcb7cb348a81a7d934fdd966132eec3191511f83dd98a2966a9,2026,m2:random_3_regular:n18:p2:g2026:a1,18,2,1
"[0.39269908169872414,1.1780972450961724]",10c2221cd99258605b44e1ee74dfc4a9bee414e400ef2e5d0357b75329ae1d3a,"[[0,8],[0,12],[0,15],[1,4],[1,6],[1,10],[2,7],[2,14],[2,16],[3,5],[3,9],[3,17],[4,7],[4,16],[5,6],[5,17],[6,10],[7,13],[8,11],[8,13],[9,10],[9,11],[11,12],[12,14],[13,15],[14,15],[16,17]]","[2.356194490192345,0.7853981633974483]",random_3_regular,59b2f2de7a5f9dcb7cb348a81a7d934fdd966132eec3191511f83dd98a2966a9,2026,m2:random_3_regular:n18:p2:g2026:a2,18,2,2
"[1.1780972450961724,0.39269908169872414]",4b480273e599d9ca49db6f98373b332a53ac1cb38b966a7b0cbe496b436057d2,"[[0,8],[0,12],[0,15],[1,4],[1,6],[1,10],[2,7],[2,14],[2,16],[3,5],[3,9],[3,17],[4,7],[4,16],[5,6],[5,17],[6,10],[7,13],[8,11],[8,13],[9,10],[9,11],[11,12],[12,14],[13,15],[14,15],[16,17]]","[0.7853981633974483,2.356194490192345]",random_3_regular,59b2f2de7a5f9dcb7cb348a81a7d934fdd966132eec3191511f83dd98a2966a9,2026,m2:random_3_regular:n18:p2:g2026:a3,18,2,3
"[0.0,0.0]",9e6d0e3632197f73cbfd1cfe441b8631a8488ee64b4c3611c4013e35369fdabc,"[[0,5],[0,10],[0,11],[1,10],[1,12],[1,16],[2,5],[2,7],[2,17],[3,8],[3,9],[3,15],[4,7],[4,13],[4,14],[5,6],[6,14],[6,15],[7,16],[8,9],[8,13],[9,17],[10,12],[11,16],[11,17],[12,15],[13,14]]","[0.0,0.0]",random_3_regular,5e3b051d4739ca3f3a0c78602dc2c3f372d0f78d1dcb7684180a9f8ac1be5931,2027,m2:random_3_regular:n18:p2:g2027:a0,18,2,0
"[0.7853981633974483,0.7853981633974483]",af39de038f6e0af7065c043ca2b13b036a14250f60bf0b1434ebfb56a1293deb,"[[0,5],[0,10],[0,11],[1,10],[1,12],[1,16],[2,5],[2,7],[2,17],[3,8],[3,9],[3,15],[4,7],[4,13],[4,14],[5,6],[6,14],[6,15],[7,16],[8,9],[8,13],[9,17],[10,12],[11,16],[11,17],[12,15],[13,14]]","[1.5707963267948966,1.5707963267948966]",random_3_regular,5e3b051d4739ca3f3a0c78602dc2c3f372d0f78d1dcb7684180a9f8ac1be5931,2027,m2:random_3_regular:n18:p2:g2027:a1,18,2,1
"[0.39269908169872414,1.1780972450961724]",38a0e650ea4ee124556ddf640768749403c4dcd8b72950bab4faed57c2176988,"[[0,5],[0,10],[0,11],[1,10],[1,12],[1,16],[2,5],[2,7],[2,17],[3,8],[3,9],[3,15],[4,7],[4,13],[4,14],[5,6],[6,14],[6,15],[7,16],[8,9],[8,13],[9,17],[10,12],[11,16],[11,17],[12,15],[13,14]]","[2.356194490192345,0.7853981633974483]",random_3_regular,5e3b051d4739ca3f3a0c78602dc2c3f372d0f78d1dcb7684180a9f8ac1be5931,2027,m2:random_3_regular:n18:p2:g2027:a2,18,2,2
"[1.1780972450961724,0.39269908169872414]",99402891a700345867451410f31ddb6b6abe6ecc307ae83ba8d9fbaf1d65c021,"[[0,5],[0,10],[0,11],[1,10],[1,12],[1,16],[2,5],[2,7],[2,17],[3,8],[3,9],[3,15],[4,7],[4,13],[4,14],[5,6],[6,14],[6,15],[7,16],[8,9],[8,13],[9,17],[10,12],[11,16],[11,17],[12,15],[13,14]]","[0.7853981633974483,2.356194490192345]",random_3_regular,5e3b051d4739ca3f3a0c78602dc2c3f372d0f78d1dcb7684180a9f8ac1be5931,2027,m2:random_3_regular:n18:p2:g2027:a3,18,2,3
"[0.0,0.0]",92a4a666c02010aa01b7ba37c2071fc7178b490613beb8b6cee22199db831c5f,"[[0,1],[0,7],[0,16],[1,11],[1,15],[2,3],[2,7],[2,9],[3,8],[3,14],[4,9],[4,14],[4,16],[5,10],[5,11],[5,17],[6,13],[6,14],[6,16],[7,8],[8,10],[9,17],[10,12],[11,15],[12,13],[12,17],[13,15]]","[0.0,0.0]",random_3_regular,1485dff4d114d52fe66e785531766608dcd1c80f6bd3f17fe56eacd5972e31f2,2028,m2:random_3_regular:n18:p2:g2028:a0,18,2,0
"[0.7853981633974483,0.7853981633974483]",2dc77ba628acac500d0e2a83371917efcf1e258c5e932a5b5afe291f5ca0e2e6,"[[0,1],[0,7],[0,16],[1,11],[1,15],[2,3],[2,7],[2,9],[3,8],[3,14],[4,9],[4,14],[4,16],[5,10],[5,11],[5,17],[6,13],[6,14],[6,16],[7,8],[8,10],[9,17],[10,12],[11,15],[12,13],[12,17],[13,15]]","[1.5707963267948966,1.5707963267948966]",random_3_regular,1485dff4d114d52fe66e785531766608dcd1c80f6bd3f17fe56eacd5972e31f2,2028,m2:random_3_regular:n18:p2:g2028:a1,18,2,1
"[0.39269908169872414,1.1780972450961724]",9ca71f57c33021aeb7e5021002470e5dfd91dcb4e0a2cae3d3e878e3b9bbdcd2,"[[0,1],[0,7],[0,16],[1,11],[1,15],[2,3],[2,7],[2,9],[3,8],[3,14],[4,9],[4,14],[4,16],[5,10],[5,11],[5,17],[6,13],[6,14],[6,16],[7,8],[8,10],[9,17],[10,12],[11,15],[12,13],[12,17],[13,15]]","[2.356194490192345,0.7853981633974483]",random_3_regular,1485dff4d114d52fe66e785531766608dcd1c80f6bd3f17fe56eacd5972e31f2,2028,m2:random_3_regular:n18:p2:g2028:a2,18,2,2
"[1.1780972450961724,0.39269908169872414]",0199dc9daa1801614bbd2698dd8d0da4954548f921e8515b5ebb4eb8f7096da2,"[[0,1],[0,7],[0,16],[1,11],[1,15],[2,3],[2,7],[2,9],[3,8],[3,14],[4,9],[4,14],[4,16],[5,10],[5,11],[5,17],[6,13],[6,14],[6,16],[7,8],[8,10],[9,17],[10,12],[11,15],[12,13],[12,17],[13,15]]","[0.7853981633974483,2.356194490192345]",random_3_regular,1485dff4d114d52fe66e785531766608dcd1c80f6bd3f17fe56eacd5972e31f2,2028,m2:random_3_regular:n18:p2:g2028:a3,18,2,3
"[0.0,0.0,0.0]",2871788776a871ad11f935e12151448bbdb1017eeb9a378e8304c7064dc1f7ff,"[[0,8],[0,12],[0,15],[1,4],[1,6],[1,10],[2,7],[2,14],[2,16],[3,5],[3,9],[3,17],[4,7],[4,16],[5,6],[5,17],[6,10],[7,13],[8,11],[8,13],[9,10],[9,11],[11,12],[12,14],[13,15],[14,15],[16,17]]","[0.0,0.0,0.0]",random_3_regular,59b2f2de7a5f9dcb7cb348a81a7d934fdd966132eec3191511f83dd98a2966a9,2026,m2:random_3_regular:n18:p3:g2026:a0,18,3,0
"[0.7853981633974483,0.7853981633974483,0.7853981633974483]",9b0c720405a47d9874996cbda24aaad23721ef5100eb2ea206f0e3081a0e4743,"[[0,8],[0,12],[0,15],[1,4],[1,6],[1,10],[2,7],[2,14],[2,16],[3,5],[3,9],[3,17],[4,7],[4,16],[5,6],[5,17],[6,10],[7,13],[8,11],[8,13],[9,10],[9,11],[11,12],[12,14],[13,15],[14,15],[16,17]]","[1.5707963267948966,1.5707963267948966,1.5707963267948966]",random_3_regular,59b2f2de7a5f9dcb7cb348a81a7d934fdd966132eec3191511f83dd98a2966a9,2026,m2:random_3_regular:n18:p3:g2026:a1,18,3,1
"[0.39269908169872414,1.1780972450961724,1.1780972450961724]",11094a2671ecd5e3d28b0c8ad21f1058bc6244e4d79f51979d6cadd5e4de4844,"[[0,8],[0,12],[0,15],[1,4],[1,6],[1,10],[2,7],[2,14],[2,16],[3,5],[3,9],[3,17],[4,7],[4,16],[5,6],[5,17],[6,10],[7,13],[8,11],[8,13],[9,10],[9,11],[11,12],[12,14],[13,15],[14,15],[16,17]]","[2.356194490192345,0.7853981633974483,0.7853981633974483]",random_3_regular,59b2f2de7a5f9dcb7cb348a81a7d934fdd966132eec3191511f83dd98a2966a9,2026,m2:random_3_regular:n18:p3:g2026:a2,18,3,2
"[1.1780972450961724,0.39269908169872414,0.39269908169872414]",f651f8d5c8ebb284d49fc8f0f518ad1ac58315632ef6d32d066806b61abfd2da,"[[0,8],[0,12],[0,15],[1,4],[1,6],[1,10],[2,7],[2,14],[2,16],[3,5],[3,9],[3,17],[4,7],[4,16],[5,6],[5,17],[6,10],[7,13],[8,11],[8,13],[9,10],[9,11],[11,12],[12,14],[13,15],[14,15],[16,17]]","[0.7853981633974483,2.356194490192345,2.356194490192345]",random_3_regular,59b2f2de7a5f9dcb7cb348a81a7d934fdd966132eec3191511f83dd98a2966a9,2026,m2:random_3_regular:n18:p3:g2026:a3,18,3,3
"[0.0,0.0,0.0]",69eda23c5622680372467c70050f128bf0ee535c5d0ec1ad76ebc06e0be18645,"[[0,5],[0,10],[0,11],[1,10],[1,12],[1,16],[2,5],[2,7],[2,17],[3,8],[3,9],[3,15],[4,7],[4,13],[4,14],[5,6],[6,14],[6,15],[7,16],[8,9],[8,13],[9,17],[10,12],[11,16],[11,17],[12,15],[13,14]]","[0.0,0.0,0.0]",random_3_regular,5e3b051d4739ca3f3a0c78602dc2c3f372d0f78d1dcb7684180a9f8ac1be5931,2027,m2:random_3_regular:n18:p3:g2027:a0,18,3,0
"[0.7853981633974483,0.7853981633974483,0.7853981633974483]",03c712416ec9050bd8c6263f62b1ae86219f060160a5996b199bd6e8d97f0824,"[[0,5],[0,10],[0,11],[1,10],[1,12],[1,16],[2,5],[2,7],[2,17],[3,8],[3,9],[3,15],[4,7],[4,13],[4,14],[5,6],[6,14],[6,15],[7,16],[8,9],[8,13],[9,17],[10,12],[11,16],[11,17],[12,15],[13,14]]","[1.5707963267948966,1.5707963267948966,1.5707963267948966]",random_3_regular,5e3b051d4739ca3f3a0c78602dc2c3f372d0f78d1dcb7684180a9f8ac1be5931,2027,m2:random_3_regular:n18:p3:g2027:a1,18,3,1
"[0.39269908169872414,1.1780972450961724,1.1780972450961724]",2c47c533c3b94bccff7330a5d630ac5e7b6e9a79877e5b7020ca1e46ae726cd1,"[[0,5],[0,10],[0,11],[1,10],[1,12],[1,16],[2,5],[2,7],[2,17],[3,8],[3,9],[3,15],[4,7],[4,13],[4,14],[5,6],[6,14],[6,15],[7,16],[8,9],[8,13],[9,17],[10,12],[11,16],[11,17],[12,15],[13,14]]","[2.356194490192345,0.7853981633974483,0.7853981633974483]",random_3_regular,5e3b051d4739ca3f3a0c78602dc2c3f372d0f78d1dcb7684180a9f8ac1be5931,2027,m2:random_3_regular:n18:p3:g2027:a2,18,3,2
"[1.1780972450961724,0.39269908169872414,0.39269908169872414]",da2cb4b6dba98a2b931781f54e13bb8dcbd4a72d1b9ad3d7786b923b30986181,"[[0,5],[0,10],[0,11],[1,10],[1,12],[1,16],[2,5],[2,7],[2,17],[3,8],[3,9],[3,15],[4,7],[4,13],[4,14],[5,6],[6,14],[6,15],[7,16],[8,9],[8,13],[9,17],[10,12],[11,16],[11,17],[12,15],[13,14]]","[0.7853981633974483,2.356194490192345,2.356194490192345]",random_3_regular,5e3b051d4739ca3f3a0c78602dc2c3f372d0f78d1dcb7684180a9f8ac1be5931,2027,m2:random_3_regular:n18:p3:g2027:a3,18,3,3
"[0.0,0.0,0.0]",fa8ca3e4beccb1d66b20d6c72e479d36802c21bc5b1a50d787f0ffc884e375e7,"[[0,1],[0,7],[0,16],[1,11],[1,15],[2,3],[2,7],[2,9],[3,8],[3,14],[4,9],[4,14],[4,16],[5,10],[5,11],[5,17],[6,13],[6,14],[6,16],[7,8],[8,10],[9,17],[10,12],[11,15],[12,13],[12,17],[13,15]]","[0.0,0.0,0.0]",random_3_regular,1485dff4d114d52fe66e785531766608dcd1c80f6bd3f17fe56eacd5972e31f2,2028,m2:random_3_regular:n18:p3:g2028:a0,18,3,0
"[0.7853981633974483,0.7853981633974483,0.7853981633974483]",fb0bcd9f856bf302b3319f5e4a4a68966aa5d7d6faef99f5cc08051d2468cce8,"[[0,1],[0,7],[0,16],[1,11],[1,15],[2,3],[2,7],[2,9],[3,8],[3,14],[4,9],[4,14],[4,16],[5,10],[5,11],[5,17],[6,13],[6,14],[6,16],[7,8],[8,10],[9,17],[10,12],[11,15],[12,13],[12,17],[13,15]]","[1.5707963267948966,1.5707963267948966,1.5707963267948966]",random_3_regular,1485dff4d114d52fe66e785531766608dcd1c80f6bd3f17fe56eacd5972e31f2,2028,m2:random_3_regular:n18:p3:g2028:a1,18,3,1
"[0.39269908169872414,1.1780972450961724,1.1780972450961724]",64eaa50579291788433c23921f793ac4fd610bd7c2928f7c559a78c99c48c89c,"[[0,1],[0,7],[0,16],[1,11],[1,15],[2,3],[2,7],[2,9],[3,8],[3,14],[4,9],[4,14],[4,16],[5,10],[5,11],[5,17],[6,13],[6,14],[6,16],[7,8],[8,10],[9,17],[10,12],[11,15],[12,13],[12,17],[13,15]]","[2.356194490192345,0.7853981633974483,0.7853981633974483]",random_3_regular,1485dff4d114d52fe66e785531766608dcd1c80f6bd3f17fe56eacd5972e31f2,2028,m2:random_3_regular:n18:p3:g2028:a2,18,3,2
"[1.1780972450961724,0.39269908169872414,0.39269908169872414]",a5ecece79f75067f195f0b9f825982ef49e61aa43ad48c644ff5de2419d7d941,"[[0,1],[0,7],[0,16],[1,11],[1,15],[2,3],[2,7],[2,9],[3,8],[3,14],[4,9],[4,14],[4,16],[5,10],[5,11],[5,17],[6,13],[6,14],[6,16],[7,8],[8,10],[9,17],[10,12],[11,15],[12,13],[12,17],[13,15]]","[0.7853981633974483,2.356194490192345,2.356194490192345]",random_3_regular,1485dff4d114d52fe66e785531766608dcd1c80f6bd3f17fe56eacd5972e31f2,2028,m2:random_3_regular:n18:p3:g2028:a3,18,3,3
[0.0],976c88feb268f49141b3609ebf35bee76bccf40c7080f82e3c18b617d3cb45a0,"[[0,7],[0,11],[0,13],[1,6],[1,9],[1,17],[2,7],[2,10],[2,19],[3,10],[3,13],[3,15],[4,9],[4,12],[4,14],[5,7],[5,18],[5,19],[6,10],[6,16],[8,9],[8,11],[8,15],[11,17],[12,13],[12,17],[14,16],[14,18],[15,19],[16,18]]",[0.0],random_3_regular,7266100f70370aca053df0c54a542b206e248bc341dc4611cacff083bc30be58,2026,m2:random_3_regular:n20:p1:g2026:a0,20,1,0
[0.7853981633974483],930b0b41c2cdab3d173457451acc762a4bd012cceed7904d9b07f48486a513f6,"[[0,7],[0,11],[0,13],[1,6],[1,9],[1,17],[2,7],[2,10],[2,19],[3,10],[3,13],[3,15],[4,9],[4,12],[4,14],[5,7],[5,18],[5,19],[6,10],[6,16],[8,9],[8,11],[8,15],[11,17],[12,13],[12,17],[14,16],[14,18],[15,19],[16,18]]",[1.5707963267948966],random_3_regular,7266100f70370aca053df0c54a542b206e248bc341dc4611cacff083bc30be58,2026,m2:random_3_regular:n20:p1:g2026:a1,20,1,1
[0.39269908169872414],03567a37bdad48aa5dbe32ce2aaf35e5895515f730f37730b26a8322635be891,"[[0,7],[0,11],[0,13],[1,6],[1,9],[1,17],[2,7],[2,10],[2,19],[3,10],[3,13],[3,15],[4,9],[4,12],[4,14],[5,7],[5,18],[5,19],[6,10],[6,16],[8,9],[8,11],[8,15],[11,17],[12,13],[12,17],[14,16],[14,18],[15,19],[16,18]]",[2.356194490192345],random_3_regular,7266100f70370aca053df0c54a542b206e248bc341dc4611cacff083bc30be58,2026,m2:random_3_regular:n20:p1:g2026:a2,20,1,2
[1.1780972450961724],abb43f15a8dd899a7f809fc62d7953a8d8c9563ac7b396c04ee0249e3d07b69c,"[[0,7],[0,11],[0,13],[1,6],[1,9],[1,17],[2,7],[2,10],[2,19],[3,10],[3,13],[3,15],[4,9],[4,12],[4,14],[5,7],[5,18],[5,19],[6,10],[6,16],[8,9],[8,11],[8,15],[11,17],[12,13],[12,17],[14,16],[14,18],[15,19],[16,18]]",[0.7853981633974483],random_3_regular,7266100f70370aca053df0c54a542b206e248bc341dc4611cacff083bc30be58,2026,m2:random_3_regular:n20:p1:g2026:a3,20,1,3
[0.0],bc563569a54a596bb560ce03aee6ca21afa3f23b302834a7523bc92aa3024cf5,"[[0,1],[0,8],[0,14],[1,18],[1,19],[2,3],[2,7],[2,12],[3,11],[3,12],[4,6],[4,12],[4,16],[5,7],[5,18],[5,19],[6,14],[6,17],[7,9],[8,10],[8,14],[9,11],[9,13],[10,15],[10,18],[11,15],[13,16],[13,17],[15,19],[16,17]]",[0.0],random_3_regular,ee5dbbe8ed7cdbd54f35dcc6ee65f65f8a96ac26f3e0d6e535a778d0c6962896,2027,m2:random_3_regular:n20:p1:g2027:a0,20,1,0
[0.7853981633974483],b19276de205dea496bc3096a3427312a5eaede1a273fbe10a9d5041d8dcf1321,"[[0,1],[0,8],[0,14],[1,18],[1,19],[2,3],[2,7],[2,12],[3,11],[3,12],[4,6],[4,12],[4,16],[5,7],[5,18],[5,19],[6,14],[6,17],[7,9],[8,10],[8,14],[9,11],[9,13],[10,15],[10,18],[11,15],[13,16],[13,17],[15,19],[16,17]]",[1.5707963267948966],random_3_regular,ee5dbbe8ed7cdbd54f35dcc6ee65f65f8a96ac26f3e0d6e535a778d0c6962896,2027,m2:random_3_regular:n20:p1:g2027:a1,20,1,1
[0.39269908169872414],db0be74f8ac51e494215563b45430829738741d7f0fcef659532abf3e2f14cde,"[[0,1],[0,8],[0,14],[1,18],[1,19],[2,3],[2,7],[2,12],[3,11],[3,12],[4,6],[4,12],[4,16],[5,7],[5,18],[5,19],[6,14],[6,17],[7,9],[8,10],[8,14],[9,11],[9,13],[10,15],[10,18],[11,15],[13,16],[13,17],[15,19],[16,17]]",[2.356194490192345],random_3_regular,ee5dbbe8ed7cdbd54f35dcc6ee65f65f8a96ac26f3e0d6e535a778d0c6962896,2027,m2:random_3_regular:n20:p1:g2027:a2,20,1,2
[1.1780972450961724],9fb382f0d28c3fa8d0a5f0fff8150cd36b1d8ff526340356f26222662b80abf3,"[[0,1],[0,8],[0,14],[1,18],[1,19],[2,3],[2,7],[2,12],[3,11],[3,12],[4,6],[4,12],[4,16],[5,7],[5,18],[5,19],[6,14],[6,17],[7,9],[8,10],[8,14],[9,11],[9,13],[10,15],[10,18],[11,15],[13,16],[13,17],[15,19],[16,17]]",[0.7853981633974483],random_3_regular,ee5dbbe8ed7cdbd54f35dcc6ee65f65f8a96ac26f3e0d6e535a778d0c6962896,2027,m2:random_3_regular:n20:p1:g2027:a3,20,1,3
[0.0],0cef778048651e072265ac2c81655fd24106e8b618fca3b9ab844b32be7ae238,"[[0,3],[0,12],[0,18],[1,5],[1,9],[1,10],[2,4],[2,8],[2,19],[3,14],[3,18],[4,6],[4,13],[5,9],[5,15],[6,11],[6,19],[7,11],[7,14],[7,17],[8,13],[8,19],[9,15],[10,14],[10,16],[11,12],[12,17],[13,16],[15,18],[16,17]]",[0.0],random_3_regular,bc00acad50d8b057fc5e248365b3809c61efe0624477cc36cc51c0ea94b6928e,2028,m2:random_3_regular:n20:p1:g2028:a0,20,1,0
[0.7853981633974483],28fb228df035ee41c52b78d113a3c8b63fa5a887b23d6d5637738fc64640f68a,"[[0,3],[0,12],[0,18],[1,5],[1,9],[1,10],[2,4],[2,8],[2,19],[3,14],[3,18],[4,6],[4,13],[5,9],[5,15],[6,11],[6,19],[7,11],[7,14],[7,17],[8,13],[8,19],[9,15],[10,14],[10,16],[11,12],[12,17],[13,16],[15,18],[16,17]]",[1.5707963267948966],random_3_regular,bc00acad50d8b057fc5e248365b3809c61efe0624477cc36cc51c0ea94b6928e,2028,m2:random_3_regular:n20:p1:g2028:a1,20,1,1
[0.39269908169872414],9158c34fa07d53e66519cc57452a5b6fb4c20f304d1726f6f4d945ce45d3bc2b,"[[0,3],[0,12],[0,18],[1,5],[1,9],[1,10],[2,4],[2,8],[2,19],[3,14],[3,18],[4,6],[4,13],[5,9],[5,15],[6,11],[6,19],[7,11],[7,14],[7,17],[8,13],[8,19],[9,15],[10,14],[10,16],[11,12],[12,17],[13,16],[15,18],[16,17]]",[2.356194490192345],random_3_regular,bc00acad50d8b057fc5e248365b3809c61efe0624477cc36cc51c0ea94b6928e,2028,m2:random_3_regular:n20:p1:g2028:a2,20,1,2
[1.1780972450961724],d02da0201e6c16aebab35492ae72d2456dd1fe4d9db5a94a0f1b721b6c789bca,"[[0,3],[0,12],[0,18],[1,5],[1,9],[1,10],[2,4],[2,8],[2,19],[3,14],[3,18],[4,6],[4,13],[5,9],[5,15],[6,11],[6,19],[7,11],[7,14],[7,17],[8,13],[8,19],[9,15],[10,14],[10,16],[11,12],[12,17],[13,16],[15,18],[16,17]]",[0.7853981633974483],random_3_regular,bc00acad50d8b057fc5e248365b3809c61efe0624477cc36cc51c0ea94b6928e,2028,m2:random_3_regular:n20:p1:g2028:a3,20,1,3
"[0.0,0.0]",3d186695672b980bee2883c926c1e60ac0f0437393dc05dd5f8923ebea4bf9d4,"[[0,7],[0,11],[0,13],[1,6],[1,9],[1,17],[2,7],[2,10],[2,19],[3,10],[3,13],[3,15],[4,9],[4,12],[4,14],[5,7],[5,18],[5,19],[6,10],[6,16],[8,9],[8,11],[8,15],[11,17],[12,13],[12,17],[14,16],[14,18],[15,19],[16,18]]","[0.0,0.0]",random_3_regular,7266100f70370aca053df0c54a542b206e248bc341dc4611cacff083bc30be58,2026,m2:random_3_regular:n20:p2:g2026:a0,20,2,0
"[0.7853981633974483,0.7853981633974483]",2b441998f146854e24997e73b6a268592b01bf32e85f247e4f3f1fbd6d367950,"[[0,7],[0,11],[0,13],[1,6],[1,9],[1,17],[2,7],[2,10],[2,19],[3,10],[3,13],[3,15],[4,9],[4,12],[4,14],[5,7],[5,18],[5,19],[6,10],[6,16],[8,9],[8,11],[8,15],[11,17],[12,13],[12,17],[14,16],[14,18],[15,19],[16,18]]","[1.5707963267948966,1.5707963267948966]",random_3_regular,7266100f70370aca053df0c54a542b206e248bc341dc4611cacff083bc30be58,2026,m2:random_3_regular:n20:p2:g2026:a1,20,2,1
"[0.39269908169872414,1.1780972450961724]",bb29b17f4a7fa660791571389aea45ba45ba4b674ace8490ed25e61ee39083b9,"[[0,7],[0,11],[0,13],[1,6],[1,9],[1,17],[2,7],[2,10],[2,19],[3,10],[3,13],[3,15],[4,9],[4,12],[4,14],[5,7],[5,18],[5,19],[6,10],[6,16],[8,9],[8,11],[8,15],[11,17],[12,13],[12,17],[14,16],[14,18],[15,19],[16,18]]","[2.356194490192345,0.7853981633974483]",random_3_regular,7266100f70370aca053df0c54a542b206e248bc341dc4611cacff083bc30be58,2026,m2:random_3_regular:n20:p2:g2026:a2,20,2,2
"[1.1780972450961724,0.39269908169872414]",2f8f4e0d34fc960b5945b69d17e3ec81a55dac7926ad926569b91efe414909b9,"[[0,7],[0,11],[0,13],[1,6],[1,9],[1,17],[2,7],[2,10],[2,19],[3,10],[3,13],[3,15],[4,9],[4,12],[4,14],[5,7],[5,18],[5,19],[6,10],[6,16],[8,9],[8,11],[8,15],[11,17],[12,13],[12,17],[14,16],[14,18],[15,19],[16,18]]","[0.7853981633974483,2.356194490192345]",random_3_regular,7266100f70370aca053df0c54a542b206e248bc341dc4611cacff083bc30be58,2026,m2:random_3_regular:n20:p2:g2026:a3,20,2,3
"[0.0,0.0]",f6104ddbcccf25e843bef0f41aea254c4e859686676fc47320192e556651397f,"[[0,1],[0,8],[0,14],[1,18],[1,19],[2,3],[2,7],[2,12],[3,11],[3,12],[4,6],[4,12],[4,16],[5,7],[5,18],[5,19],[6,14],[6,17],[7,9],[8,10],[8,14],[9,11],[9,13],[10,15],[10,18],[11,15],[13,16],[13,17],[15,19],[16,17]]","[0.0,0.0]",random_3_regular,ee5dbbe8ed7cdbd54f35dcc6ee65f65f8a96ac26f3e0d6e535a778d0c6962896,2027,m2:random_3_regular:n20:p2:g2027:a0,20,2,0
"[0.7853981633974483,0.7853981633974483]",c8f570734c744fe60b9e9483539b0cc354c96dbe6069d6b02cdcd5a9651a0cf3,"[[0,1],[0,8],[0,14],[1,18],[1,19],[2,3],[2,7],[2,12],[3,11],[3,12],[4,6],[4,12],[4,16],[5,7],[5,18],[5,19],[6,14],[6,17],[7,9],[8,10],[8,14],[9,11],[9,13],[10,15],[10,18],[11,15],[13,16],[13,17],[15,19],[16,17]]","[1.5707963267948966,1.5707963267948966]",random_3_regular,ee5dbbe8ed7cdbd54f35dcc6ee65f65f8a96ac26f3e0d6e535a778d0c6962896,2027,m2:random_3_regular:n20:p2:g2027:a1,20,2,1
"[0.39269908169872414,1.1780972450961724]",75498165415e0a823713969c191547cf843e2d612b894ddd746bb1865d18bc05,"[[0,1],[0,8],[0,14],[1,18],[1,19],[2,3],[2,7],[2,12],[3,11],[3,12],[4,6],[4,12],[4,16],[5,7],[5,18],[5,19],[6,14],[6,17],[7,9],[8,10],[8,14],[9,11],[9,13],[10,15],[10,18],[11,15],[13,16],[13,17],[15,19],[16,17]]","[2.356194490192345,0.7853981633974483]",random_3_regular,ee5dbbe8ed7cdbd54f35dcc6ee65f65f8a96ac26f3e0d6e535a778d0c6962896,2027,m2:random_3_regular:n20:p2:g2027:a2,20,2,2
"[1.1780972450961724,0.39269908169872414]",e609df8332f7c3b2c01c221cc2c48cd4dee2b91528dcea49f9966144e44910b8,"[[0,1],[0,8],[0,14],[1,18],[1,19],[2,3],[2,7],[2,12],[3,11],[3,12],[4,6],[4,12],[4,16],[5,7],[5,18],[5,19],[6,14],[6,17],[7,9],[8,10],[8,14],[9,11],[9,13],[10,15],[10,18],[11,15],[13,16],[13,17],[15,19],[16,17]]","[0.7853981633974483,2.356194490192345]",random_3_regular,ee5dbbe8ed7cdbd54f35dcc6ee65f65f8a96ac26f3e0d6e535a778d0c6962896,2027,m2:random_3_regular:n20:p2:g2027:a3,20,2,3
"[0.0,0.0]",1e9027594851fd08e648aabee7a933241234ff7e21297aeda5a5858dde3db818,"[[0,3],[0,12],[0,18],[1,5],[1,9],[1,10],[2,4],[2,8],[2,19],[3,14],[3,18],[4,6],[4,13],[5,9],[5,15],[6,11],[6,19],[7,11],[7,14],[7,17],[8,13],[8,19],[9,15],[10,14],[10,16],[11,12],[12,17],[13,16],[15,18],[16,17]]","[0.0,0.0]",random_3_regular,bc00acad50d8b057fc5e248365b3809c61efe0624477cc36cc51c0ea94b6928e,2028,m2:random_3_regular:n20:p2:g2028:a0,20,2,0
"[0.7853981633974483,0.7853981633974483]",16973b371def55e498e864f47cc31674dd4d07a129cd4a153afa4ac8c1dc9357,"[[0,3],[0,12],[0,18],[1,5],[1,9],[1,10],[2,4],[2,8],[2,19],[3,14],[3,18],[4,6],[4,13],[5,9],[5,15],[6,11],[6,19],[7,11],[7,14],[7,17],[8,13],[8,19],[9,15],[10,14],[10,16],[11,12],[12,17],[13,16],[15,18],[16,17]]","[1.5707963267948966,1.5707963267948966]",random_3_regular,bc00acad50d8b057fc5e248365b3809c61efe0624477cc36cc51c0ea94b6928e,2028,m2:random_3_regular:n20:p2:g2028:a1,20,2,1
"[0.39269908169872414,1.1780972450961724]",48993f910b3dac5e4a027845d1e43f96041ea5395c4804ffbae8c0a884e7f145,"[[0,3],[0,12],[0,18],[1,5],[1,9],[1,10],[2,4],[2,8],[2,19],[3,14],[3,18],[4,6],[4,13],[5,9],[5,15],[6,11],[6,19],[7,11],[7,14],[7,17],[8,13],[8,19],[9,15],[10,14],[10,16],[11,12],[12,17],[13,16],[15,18],[16,17]]","[2.356194490192345,0.7853981633974483]",random_3_regular,bc00acad50d8b057fc5e248365b3809c61efe0624477cc36cc51c0ea94b6928e,2028,m2:random_3_regular:n20:p2:g2028:a2,20,2,2
"[1.1780972450961724,0.39269908169872414]",ac02b658560b22ff44fc465da41b235979ccece7344be62a213b7d7e84f35820,"[[0,3],[0,12],[0,18],[1,5],[1,9],[1,10],[2,4],[2,8],[2,19],[3,14],[3,18],[4,6],[4,13],[5,9],[5,15],[6,11],[6,19],[7,11],[7,14],[7,17],[8,13],[8,19],[9,15],[10,14],[10,16],[11,12],[12,17],[13,16],[15,18],[16,17]]","[0.7853981633974483,2.356194490192345]",random_3_regular,bc00acad50d8b057fc5e248365b3809c61efe0624477cc36cc51c0ea94b6928e,2028,m2:random_3_regular:n20:p2:g2028:a3,20,2,3
"[0.0,0.0,0.0]",0e007bc7878151a1313adf33f1bb750c4faffc7fa68f18c92edd19001d12629a,"[[0,7],[0,11],[0,13],[1,6],[1,9],[1,17],[2,7],[2,10],[2,19],[3,10],[3,13],[3,15],[4,9],[4,12],[4,14],[5,7],[5,18],[5,19],[6,10],[6,16],[8,9],[8,11],[8,15],[11,17],[12,13],[12,17],[14,16],[14,18],[15,19],[16,18]]","[0.0,0.0,0.0]",random_3_regular,7266100f70370aca053df0c54a542b206e248bc341dc4611cacff083bc30be58,2026,m2:random_3_regular:n20:p3:g2026:a0,20,3,0
"[0.7853981633974483,0.7853981633974483,0.7853981633974483]",857a608ba18f9524e452b4bb4210cf08ed193d8550c9688de522e3bda37707d2,"[[0,7],[0,11],[0,13],[1,6],[1,9],[1,17],[2,7],[2,10],[2,19],[3,10],[3,13],[3,15],[4,9],[4,12],[4,14],[5,7],[5,18],[5,19],[6,10],[6,16],[8,9],[8,11],[8,15],[11,17],[12,13],[12,17],[14,16],[14,18],[15,19],[16,18]]","[1.5707963267948966,1.5707963267948966,1.5707963267948966]",random_3_regular,7266100f70370aca053df0c54a542b206e248bc341dc4611cacff083bc30be58,2026,m2:random_3_regular:n20:p3:g2026:a1,20,3,1
"[0.39269908169872414,1.1780972450961724,1.1780972450961724]",11b7454aeef108f25aa2194101631ad8d9c38bd8d407e21d64b8edb488812319,"[[0,7],[0,11],[0,13],[1,6],[1,9],[1,17],[2,7],[2,10],[2,19],[3,10],[3,13],[3,15],[4,9],[4,12],[4,14],[5,7],[5,18],[5,19],[6,10],[6,16],[8,9],[8,11],[8,15],[11,17],[12,13],[12,17],[14,16],[14,18],[15,19],[16,18]]","[2.356194490192345,0.7853981633974483,0.7853981633974483]",random_3_regular,7266100f70370aca053df0c54a542b206e248bc341dc4611cacff083bc30be58,2026,m2:random_3_regular:n20:p3:g2026:a2,20,3,2
"[1.1780972450961724,0.39269908169872414,0.39269908169872414]",57c18f906ffcaa59acfa9d1dd294408868793641141b85dfb9617f668739f8ed,"[[0,7],[0,11],[0,13],[1,6],[1,9],[1,17],[2,7],[2,10],[2,19],[3,10],[3,13],[3,15],[4,9],[4,12],[4,14],[5,7],[5,18],[5,19],[6,10],[6,16],[8,9],[8,11],[8,15],[11,17],[12,13],[12,17],[14,16],[14,18],[15,19],[16,18]]","[0.7853981633974483,2.356194490192345,2.356194490192345]",random_3_regular,7266100f70370aca053df0c54a542b206e248bc341dc4611cacff083bc30be58,2026,m2:random_3_regular:n20:p3:g2026:a3,20,3,3
"[0.0,0.0,0.0]",575caa9d533e90cf0e1dd66b9892c46b95b439ea22062f387cd86ae3e5d8b101,"[[0,1],[0,8],[0,14],[1,18],[1,19],[2,3],[2,7],[2,12],[3,11],[3,12],[4,6],[4,12],[4,16],[5,7],[5,18],[5,19],[6,14],[6,17],[7,9],[8,10],[8,14],[9,11],[9,13],[10,15],[10,18],[11,15],[13,16],[13,17],[15,19],[16,17]]","[0.0,0.0,0.0]",random_3_regular,ee5dbbe8ed7cdbd54f35dcc6ee65f65f8a96ac26f3e0d6e535a778d0c6962896,2027,m2:random_3_regular:n20:p3:g2027:a0,20,3,0
"[0.7853981633974483,0.7853981633974483,0.7853981633974483]",d43ed62899f83941bf8bcc08e0dc2fcee3f63bdb204adf595df44a44cb0abf5b,"[[0,1],[0,8],[0,14],[1,18],[1,19],[2,3],[2,7],[2,12],[3,11],[3,12],[4,6],[4,12],[4,16],[5,7],[5,18],[5,19],[6,14],[6,17],[7,9],[8,10],[8,14],[9,11],[9,13],[10,15],[10,18],[11,15],[13,16],[13,17],[15,19],[16,17]]","[1.5707963267948966,1.5707963267948966,1.5707963267948966]",random_3_regular,ee5dbbe8ed7cdbd54f35dcc6ee65f65f8a96ac26f3e0d6e535a778d0c6962896,2027,m2:random_3_regular:n20:p3:g2027:a1,20,3,1
"[0.39269908169872414,1.1780972450961724,1.1780972450961724]",37d57a000ce567356e9ce776e999e4c369373ae066320b7b4299fd4572c1f39f,"[[0,1],[0,8],[0,14],[1,18],[1,19],[2,3],[2,7],[2,12],[3,11],[3,12],[4,6],[4,12],[4,16],[5,7],[5,18],[5,19],[6,14],[6,17],[7,9],[8,10],[8,14],[9,11],[9,13],[10,15],[10,18],[11,15],[13,16],[13,17],[15,19],[16,17]]","[2.356194490192345,0.7853981633974483,0.7853981633974483]",random_3_regular,ee5dbbe8ed7cdbd54f35dcc6ee65f65f8a96ac26f3e0d6e535a778d0c6962896,2027,m2:random_3_regular:n20:p3:g2027:a2,20,3,2
"[1.1780972450961724,0.39269908169872414,0.39269908169872414]",f40dae0d5050de5222a7dafb7f5aa1822c4905b1034454d8004cc7b6ee7e86df,"[[0,1],[0,8],[0,14],[1,18],[1,19],[2,3],[2,7],[2,12],[3,11],[3,12],[4,6],[4,12],[4,16],[5,7],[5,18],[5,19],[6,14],[6,17],[7,9],[8,10],[8,14],[9,11],[9,13],[10,15],[10,18],[11,15],[13,16],[13,17],[15,19],[16,17]]","[0.7853981633974483,2.356194490192345,2.356194490192345]",random_3_regular,ee5dbbe8ed7cdbd54f35dcc6ee65f65f8a96ac26f3e0d6e535a778d0c6962896,2027,m2:random_3_regular:n20:p3:g2027:a3,20,3,3
"[0.0,0.0,0.0]",1f55da04e5be8d3fc5661b1529c8852e4d3689826a3ae78fb80e1ac40c1db23c,"[[0,3],[0,12],[0,18],[1,5],[1,9],[1,10],[2,4],[2,8],[2,19],[3,14],[3,18],[4,6],[4,13],[5,9],[5,15],[6,11],[6,19],[7,11],[7,14],[7,17],[8,13],[8,19],[9,15],[10,14],[10,16],[11,12],[12,17],[13,16],[15,18],[16,17]]","[0.0,0.0,0.0]",random_3_regular,bc00acad50d8b057fc5e248365b3809c61efe0624477cc36cc51c0ea94b6928e,2028,m2:random_3_regular:n20:p3:g2028:a0,20,3,0
"[0.7853981633974483,0.7853981633974483,0.7853981633974483]",286af3db418360ed0657d59f62811e5a8396b98a2817cc7549019bdeb1498d95,"[[0,3],[0,12],[0,18],[1,5],[1,9],[1,10],[2,4],[2,8],[2,19],[3,14],[3,18],[4,6],[4,13],[5,9],[5,15],[6,11],[6,19],[7,11],[7,14],[7,17],[8,13],[8,19],[9,15],[10,14],[10,16],[11,12],[12,17],[13,16],[15,18],[16,17]]","[1.5707963267948966,1.5707963267948966,1.5707963267948966]",random_3_regular,bc00acad50d8b057fc5e248365b3809c61efe0624477cc36cc51c0ea94b6928e,2028,m2:random_3_regular:n20:p3:g2028:a1,20,3,1
"[0.39269908169872414,1.1780972450961724,1.1780972450961724]",bd4e43cd43a35354954a3e85c785d871fd78cf6f2892788fc6f1b8221c1742af,"[[0,3],[0,12],[0,18],[1,5],[1,9],[1,10],[2,4],[2,8],[2,19],[3,14],[3,18],[4,6],[4,13],[5,9],[5,15],[6,11],[6,19],[7,11],[7,14],[7,17],[8,13],[8,19],[9,15],[10,14],[10,16],[11,12],[12,17],[13,16],[15,18],[16,17]]","[2.356194490192345,0.7853981633974483,0.7853981633974483]",random_3_regular,bc00acad50d8b057fc5e248365b3809c61efe0624477cc36cc51c0ea94b6928e,2028,m2:random_3_regular:n20:p3:g2028:a2,20,3,2
"[1.1780972450961724,0.39269908169872414,0.39269908169872414]",a3790e5b593258a9a2be661745d072e0d721cb5714836c05902b8e565b30bdbe,"[[0,3],[0,12],[0,18],[1,5],[1,9],[1,10],[2,4],[2,8],[2,19],[3,14],[3,18],[4,6],[4,13],[5,9],[5,15],[6,11],[6,19],[7,11],[7,14],[7,17],[8,13],[8,19],[9,15],[10,14],[10,16],[11,12],[12,17],[13,16],[15,18],[16,17]]","[0.7853981633974483,2.356194490192345,2.356194490192345]",random_3_regular,bc00acad50d8b057fc5e248365b3809c61efe0624477cc36cc51c0ea94b6928e,2028,m2:random_3_regular:n20:p3:g2028:a3,20,3,3
[0.0],d78d502dbe72d96a9ed66746256a2ecd9f777f1eea55810fc950791f7dc47e99,"[[0,2],[0,4],[0,8],[1,2],[1,3],[1,12],[2,19],[3,12],[3,18],[4,14],[4,15],[5,7],[5,11],[5,13],[6,10],[6,11],[6,17],[7,16],[7,21],[8,10],[8,21],[9,16],[9,18],[9,20],[10,14],[11,14],[12,15],[13,18],[13,21],[15,19],[16,20],[17,19],[17,20]]",[0.0],random_3_regular,492877372842dea63f7c9ac35ff3cad8d359f16029a3d6bab090abdd631e2eda,2026,m2:random_3_regular:n22:p1:g2026:a0,22,1,0
[0.7853981633974483],037545c6da75c1e4e2cf19194857ba7689bf821eef1db854e18d390c551ed218,"[[0,2],[0,4],[0,8],[1,2],[1,3],[1,12],[2,19],[3,12],[3,18],[4,14],[4,15],[5,7],[5,11],[5,13],[6,10],[6,11],[6,17],[7,16],[7,21],[8,10],[8,21],[9,16],[9,18],[9,20],[10,14],[11,14],[12,15],[13,18],[13,21],[15,19],[16,20],[17,19],[17,20]]",[1.5707963267948966],random_3_regular,492877372842dea63f7c9ac35ff3cad8d359f16029a3d6bab090abdd631e2eda,2026,m2:random_3_regular:n22:p1:g2026:a1,22,1,1
[0.39269908169872414],db9f6bb420ab7fa4c844bb6c25f17503e89f8e8ae55425fbb1721b9968248a92,"[[0,2],[0,4],[0,8],[1,2],[1,3],[1,12],[2,19],[3,12],[3,18],[4,14],[4,15],[5,7],[5,11],[5,13],[6,10],[6,11],[6,17],[7,16],[7,21],[8,10],[8,21],[9,16],[9,18],[9,20],[10,14],[11,14],[12,15],[13,18],[13,21],[15,19],[16,20],[17,19],[17,20]]",[2.356194490192345],random_3_regular,492877372842dea63f7c9ac35ff3cad8d359f16029a3d6bab090abdd631e2eda,2026,m2:random_3_regular:n22:p1:g2026:a2,22,1,2
[1.1780972450961724],9843857dfc86fdd317df171e3caa49400a6d7a8e189d6da8fd2e49b5abe1ee37,"[[0,2],[0,4],[0,8],[1,2],[1,3],[1,12],[2,19],[3,12],[3,18],[4,14],[4,15],[5,7],[5,11],[5,13],[6,10],[6,11],[6,17],[7,16],[7,21],[8,10],[8,21],[9,16],[9,18],[9,20],[10,14],[11,14],[12,15],[13,18],[13,21],[15,19],[16,20],[17,19],[17,20]]",[0.7853981633974483],random_3_regular,492877372842dea63f7c9ac35ff3cad8d359f16029a3d6bab090abdd631e2eda,2026,m2:random_3_regular:n22:p1:g2026:a3,22,1,3
[0.0],4019d2b64d13801829d40d7ac57420893400867ea27a8ced95653a66f3648156,"[[0,2],[0,3],[0,20],[1,3],[1,5],[1,14],[2,6],[2,7],[3,5],[4,17],[4,18],[4,20],[5,12],[6,13],[6,21],[7,13],[7,21],[8,14],[8,18],[8,19],[9,14],[9,16],[9,19],[10,11],[10,15],[10,20],[11,12],[11,18],[12,15],[13,16],[15,19],[16,17],[17,21]]",[0.0],random_3_regular,7b028fb2de00f6ba88b4114ee098e14cb7d36cc3f2fa70f2ecb84a98285bd474,2027,m2:random_3_regular:n22:p1:g2027:a0,22,1,0
[0.7853981633974483],1387c6faef55e132c5732653d1fa403859afc0f0554d4577557269e7658ea7d6,"[[0,2],[0,3],[0,20],[1,3],[1,5],[1,14],[2,6],[2,7],[3,5],[4,17],[4,18],[4,20],[5,12],[6,13],[6,21],[7,13],[7,21],[8,14],[8,18],[8,19],[9,14],[9,16],[9,19],[10,11],[10,15],[10,20],[11,12],[11,18],[12,15],[13,16],[15,19],[16,17],[17,21]]",[1.5707963267948966],random_3_regular,7b028fb2de00f6ba88b4114ee098e14cb7d36cc3f2fa70f2ecb84a98285bd474,2027,m2:random_3_regular:n22:p1:g2027:a1,22,1,1
[0.39269908169872414],744950a300e1af939bac18bcb13b03925f25d8fe8ea869830348f24be504f119,"[[0,2],[0,3],[0,20],[1,3],[1,5],[1,14],[2,6],[2,7],[3,5],[4,17],[4,18],[4,20],[5,12],[6,13],[6,21],[7,13],[7,21],[8,14],[8,18],[8,19],[9,14],[9,16],[9,19],[10,11],[10,15],[10,20],[11,12],[11,18],[12,15],[13,16],[15,19],[16,17],[17,21]]",[2.356194490192345],random_3_regular,7b028fb2de00f6ba88b4114ee098e14cb7d36cc3f2fa70f2ecb84a98285bd474,2027,m2:random_3_regular:n22:p1:g2027:a2,22,1,2
[1.1780972450961724],a107ac4ab47012b45a0a384ebbf12673d5a81f3efa5a10d6f45e6dfc8e32512d,"[[0,2],[0,3],[0,20],[1,3],[1,5],[1,14],[2,6],[2,7],[3,5],[4,17],[4,18],[4,20],[5,12],[6,13],[6,21],[7,13],[7,21],[8,14],[8,18],[8,19],[9,14],[9,16],[9,19],[10,11],[10,15],[10,20],[11,12],[11,18],[12,15],[13,16],[15,19],[16,17],[17,21]]",[0.7853981633974483],random_3_regular,7b028fb2de00f6ba88b4114ee098e14cb7d36cc3f2fa70f2ecb84a98285bd474,2027,m2:random_3_regular:n22:p1:g2027:a3,22,1,3
[0.0],b93a16cb216fb885f0cc21875db7f99aff77c9f22384656c1e9c0d85616e40dc,"[[0,6],[0,11],[0,16],[1,7],[1,8],[1,9],[2,7],[2,13],[2,21],[3,4],[3,10],[3,13],[4,5],[4,19],[5,17],[5,20],[6,10],[6,12],[7,21],[8,18],[8,20],[9,15],[9,18],[10,14],[11,17],[11,20],[12,16],[12,17],[13,15],[14,15],[14,18],[16,19],[19,21]]",[0.0],random_3_regular,b795840a60e82e575688bcb876eaf7ca9ddd380572d68cc949952d5da8c40857,2028,m2:random_3_regular:n22:p1:g2028:a0,22,1,0
[0.7853981633974483],526ddcfb64255fc49bbadd34c1089534869b47928756110f0ff310a80d807779,"[[0,6],[0,11],[0,16],[1,7],[1,8],[1,9],[2,7],[2,13],[2,21],[3,4],[3,10],[3,13],[4,5],[4,19],[5,17],[5,20],[6,10],[6,12],[7,21],[8,18],[8,20],[9,15],[9,18],[10,14],[11,17],[11,20],[12,16],[12,17],[13,15],[14,15],[14,18],[16,19],[19,21]]",[1.5707963267948966],random_3_regular,b795840a60e82e575688bcb876eaf7ca9ddd380572d68cc949952d5da8c40857,2028,m2:random_3_regular:n22:p1:g2028:a1,22,1,1
[0.39269908169872414],65d09cbfe8f45d246a357155f3d45e0d6c496da81d3b4dca993300371d54575f,"[[0,6],[0,11],[0,16],[1,7],[1,8],[1,9],[2,7],[2,13],[2,21],[3,4],[3,10],[3,13],[4,5],[4,19],[5,17],[5,20],[6,10],[6,12],[7,21],[8,18],[8,20],[9,15],[9,18],[10,14],[11,17],[11,20],[12,16],[12,17],[13,15],[14,15],[14,18],[16,19],[19,21]]",[2.356194490192345],random_3_regular,b795840a60e82e575688bcb876eaf7ca9ddd380572d68cc949952d5da8c40857,2028,m2:random_3_regular:n22:p1:g2028:a2,22,1,2
[1.1780972450961724],b5e89fca08e70507391a8746686bc9c0617d3ec25116a4d343949c7fd580c40e,"[[0,6],[0,11],[0,16],[1,7],[1,8],[1,9],[2,7],[2,13],[2,21],[3,4],[3,10],[3,13],[4,5],[4,19],[5,17],[5,20],[6,10],[6,12],[7,21],[8,18],[8,20],[9,15],[9,18],[10,14],[11,17],[11,20],[12,16],[12,17],[13,15],[14,15],[14,18],[16,19],[19,21]]",[0.7853981633974483],random_3_regular,b795840a60e82e575688bcb876eaf7ca9ddd380572d68cc949952d5da8c40857,2028,m2:random_3_regular:n22:p1:g2028:a3,22,1,3
"[0.0,0.0]",e85a00747ff6a1825c057075a3ff7b805a5e19edcf86f20be44eef7f6e05f643,"[[0,2],[0,4],[0,8],[1,2],[1,3],[1,12],[2,19],[3,12],[3,18],[4,14],[4,15],[5,7],[5,11],[5,13],[6,10],[6,11],[6,17],[7,16],[7,21],[8,10],[8,21],[9,16],[9,18],[9,20],[10,14],[11,14],[12,15],[13,18],[13,21],[15,19],[16,20],[17,19],[17,20]]","[0.0,0.0]",random_3_regular,492877372842dea63f7c9ac35ff3cad8d359f16029a3d6bab090abdd631e2eda,2026,m2:random_3_regular:n22:p2:g2026:a0,22,2,0
"[0.7853981633974483,0.7853981633974483]",7c4abec89f4a729f67cf07703082751895ebe2b9264f4eecc0ecfc2fc7699a82,"[[0,2],[0,4],[0,8],[1,2],[1,3],[1,12],[2,19],[3,12],[3,18],[4,14],[4,15],[5,7],[5,11],[5,13],[6,10],[6,11],[6,17],[7,16],[7,21],[8,10],[8,21],[9,16],[9,18],[9,20],[10,14],[11,14],[12,15],[13,18],[13,21],[15,19],[16,20],[17,19],[17,20]]","[1.5707963267948966,1.5707963267948966]",random_3_regular,492877372842dea63f7c9ac35ff3cad8d359f16029a3d6bab090abdd631e2eda,2026,m2:random_3_regular:n22:p2:g2026:a1,22,2,1
"[0.39269908169872414,1.1780972450961724]",0157e5cae3a214703d14f23647ee8ab40f8987a3d317c16df0038d8b029f120f,"[[0,2],[0,4],[0,8],[1,2],[1,3],[1,12],[2,19],[3,12],[3,18],[4,14],[4,15],[5,7],[5,11],[5,13],[6,10],[6,11],[6,17],[7,16],[7,21],[8,10],[8,21],[9,16],[9,18],[9,20],[10,14],[11,14],[12,15],[13,18],[13,21],[15,19],[16,20],[17,19],[17,20]]","[2.356194490192345,0.7853981633974483]",random_3_regular,492877372842dea63f7c9ac35ff3cad8d359f16029a3d6bab090abdd631e2eda,2026,m2:random_3_regular:n22:p2:g2026:a2,22,2,2
"[1.1780972450961724,0.39269908169872414]",aff9f1bb226f6fbc06c4d1276feda696662dca177099c97bb354675acb2f4e4a,"[[0,2],[0,4],[0,8],[1,2],[1,3],[1,12],[2,19],[3,12],[3,18],[4,14],[4,15],[5,7],[5,11],[5,13],[6,10],[6,11],[6,17],[7,16],[7,21],[8,10],[8,21],[9,16],[9,18],[9,20],[10,14],[11,14],[12,15],[13,18],[13,21],[15,19],[16,20],[17,19],[17,20]]","[0.7853981633974483,2.356194490192345]",random_3_regular,492877372842dea63f7c9ac35ff3cad8d359f16029a3d6bab090abdd631e2eda,2026,m2:random_3_regular:n22:p2:g2026:a3,22,2,3
"[0.0,0.0]",4db6f22594ea9023f3ec68cf3cae7a6f9ed428ffd68c043691f246cec44b0288,"[[0,2],[0,3],[0,20],[1,3],[1,5],[1,14],[2,6],[2,7],[3,5],[4,17],[4,18],[4,20],[5,12],[6,13],[6,21],[7,13],[7,21],[8,14],[8,18],[8,19],[9,14],[9,16],[9,19],[10,11],[10,15],[10,20],[11,12],[11,18],[12,15],[13,16],[15,19],[16,17],[17,21]]","[0.0,0.0]",random_3_regular,7b028fb2de00f6ba88b4114ee098e14cb7d36cc3f2fa70f2ecb84a98285bd474,2027,m2:random_3_regular:n22:p2:g2027:a0,22,2,0
"[0.7853981633974483,0.7853981633974483]",7f4b0093276b5cf61db96df623988065e6844758a32bd95e1030772c036d6eb5,"[[0,2],[0,3],[0,20],[1,3],[1,5],[1,14],[2,6],[2,7],[3,5],[4,17],[4,18],[4,20],[5,12],[6,13],[6,21],[7,13],[7,21],[8,14],[8,18],[8,19],[9,14],[9,16],[9,19],[10,11],[10,15],[10,20],[11,12],[11,18],[12,15],[13,16],[15,19],[16,17],[17,21]]","[1.5707963267948966,1.5707963267948966]",random_3_regular,7b028fb2de00f6ba88b4114ee098e14cb7d36cc3f2fa70f2ecb84a98285bd474,2027,m2:random_3_regular:n22:p2:g2027:a1,22,2,1
"[0.39269908169872414,1.1780972450961724]",cbbd76a507b270c69f012cdbb77b51448415b69b2919b9dd9dd1515a955beb15,"[[0,2],[0,3],[0,20],[1,3],[1,5],[1,14],[2,6],[2,7],[3,5],[4,17],[4,18],[4,20],[5,12],[6,13],[6,21],[7,13],[7,21],[8,14],[8,18],[8,19],[9,14],[9,16],[9,19],[10,11],[10,15],[10,20],[11,12],[11,18],[12,15],[13,16],[15,19],[16,17],[17,21]]","[2.356194490192345,0.7853981633974483]",random_3_regular,7b028fb2de00f6ba88b4114ee098e14cb7d36cc3f2fa70f2ecb84a98285bd474,2027,m2:random_3_regular:n22:p2:g2027:a2,22,2,2
"[1.1780972450961724,0.39269908169872414]",4eb320c3cbe54fa65094c17948f3c97ba26cc41314b125ef8acaaef473424a44,"[[0,2],[0,3],[0,20],[1,3],[1,5],[1,14],[2,6],[2,7],[3,5],[4,17],[4,18],[4,20],[5,12],[6,13],[6,21],[7,13],[7,21],[8,14],[8,18],[8,19],[9,14],[9,16],[9,19],[10,11],[10,15],[10,20],[11,12],[11,18],[12,15],[13,16],[15,19],[16,17],[17,21]]","[0.7853981633974483,2.356194490192345]",random_3_regular,7b028fb2de00f6ba88b4114ee098e14cb7d36cc3f2fa70f2ecb84a98285bd474,2027,m2:random_3_regular:n22:p2:g2027:a3,22,2,3
"[0.0,0.0]",80b474e0f955ee2355d2221271921530362639d41de139f09e7a0bba91b91421,"[[0,6],[0,11],[0,16],[1,7],[1,8],[1,9],[2,7],[2,13],[2,21],[3,4],[3,10],[3,13],[4,5],[4,19],[5,17],[5,20],[6,10],[6,12],[7,21],[8,18],[8,20],[9,15],[9,18],[10,14],[11,17],[11,20],[12,16],[12,17],[13,15],[14,15],[14,18],[16,19],[19,21]]","[0.0,0.0]",random_3_regular,b795840a60e82e575688bcb876eaf7ca9ddd380572d68cc949952d5da8c40857,2028,m2:random_3_regular:n22:p2:g2028:a0,22,2,0
"[0.7853981633974483,0.7853981633974483]",7f0ebfd3eb824402993d27c6f552d304f41f075e06a216ba14b6745699e8d7fd,"[[0,6],[0,11],[0,16],[1,7],[1,8],[1,9],[2,7],[2,13],[2,21],[3,4],[3,10],[3,13],[4,5],[4,19],[5,17],[5,20],[6,10],[6,12],[7,21],[8,18],[8,20],[9,15],[9,18],[10,14],[11,17],[11,20],[12,16],[12,17],[13,15],[14,15],[14,18],[16,19],[19,21]]","[1.5707963267948966,1.5707963267948966]",random_3_regular,b795840a60e82e575688bcb876eaf7ca9ddd380572d68cc949952d5da8c40857,2028,m2:random_3_regular:n22:p2:g2028:a1,22,2,1
"[0.39269908169872414,1.1780972450961724]",1568d96a3c8eaab65d165406c64dac0094e92a0b6d994718f90aab41cb6d1945,"[[0,6],[0,11],[0,16],[1,7],[1,8],[1,9],[2,7],[2,13],[2,21],[3,4],[3,10],[3,13],[4,5],[4,19],[5,17],[5,20],[6,10],[6,12],[7,21],[8,18],[8,20],[9,15],[9,18],[10,14],[11,17],[11,20],[12,16],[12,17],[13,15],[14,15],[14,18],[16,19],[19,21]]","[2.356194490192345,0.7853981633974483]",random_3_regular,b795840a60e82e575688bcb876eaf7ca9ddd380572d68cc949952d5da8c40857,2028,m2:random_3_regular:n22:p2:g2028:a2,22,2,2
"[1.1780972450961724,0.39269908169872414]",d321a64f7f470909890a6df75f19410d648c2504702f18c3a8aea13fc4ffc9f3,"[[0,6],[0,11],[0,16],[1,7],[1,8],[1,9],[2,7],[2,13],[2,21],[3,4],[3,10],[3,13],[4,5],[4,19],[5,17],[5,20],[6,10],[6,12],[7,21],[8,18],[8,20],[9,15],[9,18],[10,14],[11,17],[11,20],[12,16],[12,17],[13,15],[14,15],[14,18],[16,19],[19,21]]","[0.7853981633974483,2.356194490192345]",random_3_regular,b795840a60e82e575688bcb876eaf7ca9ddd380572d68cc949952d5da8c40857,2028,m2:random_3_regular:n22:p2:g2028:a3,22,2,3
"[0.0,0.0,0.0]",f1710f7cc27aa620b9b215fbd293f052e0c4e3f5e05f0e93238790460119a1cf,"[[0,2],[0,4],[0,8],[1,2],[1,3],[1,12],[2,19],[3,12],[3,18],[4,14],[4,15],[5,7],[5,11],[5,13],[6,10],[6,11],[6,17],[7,16],[7,21],[8,10],[8,21],[9,16],[9,18],[9,20],[10,14],[11,14],[12,15],[13,18],[13,21],[15,19],[16,20],[17,19],[17,20]]","[0.0,0.0,0.0]",random_3_regular,492877372842dea63f7c9ac35ff3cad8d359f16029a3d6bab090abdd631e2eda,2026,m2:random_3_regular:n22:p3:g2026:a0,22,3,0
"[0.7853981633974483,0.7853981633974483,0.7853981633974483]",5046320f00962f976b5b370e97df4c4cfbfc726ed92457836bc31cb7b187b5ea,"[[0,2],[0,4],[0,8],[1,2],[1,3],[1,12],[2,19],[3,12],[3,18],[4,14],[4,15],[5,7],[5,11],[5,13],[6,10],[6,11],[6,17],[7,16],[7,21],[8,10],[8,21],[9,16],[9,18],[9,20],[10,14],[11,14],[12,15],[13,18],[13,21],[15,19],[16,20],[17,19],[17,20]]","[1.5707963267948966,1.5707963267948966,1.5707963267948966]",random_3_regular,492877372842dea63f7c9ac35ff3cad8d359f16029a3d6bab090abdd631e2eda,2026,m2:random_3_regular:n22:p3:g2026:a1,22,3,1
"[0.39269908169872414,1.1780972450961724,1.1780972450961724]",f36f025de009528783badcabf85c5e8ee35bdfc54d8992258349003463d10935,"[[0,2],[0,4],[0,8],[1,2],[1,3],[1,12],[2,19],[3,12],[3,18],[4,14],[4,15],[5,7],[5,11],[5,13],[6,10],[6,11],[6,17],[7,16],[7,21],[8,10],[8,21],[9,16],[9,18],[9,20],[10,14],[11,14],[12,15],[13,18],[13,21],[15,19],[16,20],[17,19],[17,20]]","[2.356194490192345,0.7853981633974483,0.7853981633974483]",random_3_regular,492877372842dea63f7c9ac35ff3cad8d359f16029a3d6bab090abdd631e2eda,2026,m2:random_3_regular:n22:p3:g2026:a2,22,3,2
"[1.1780972450961724,0.39269908169872414,0.39269908169872414]",8963faeefc1f186c2b88cf01c53d182f916d190583cf2474f91ac87a7322917e,"[[0,2],[0,4],[0,8],[1,2],[1,3],[1,12],[2,19],[3,12],[3,18],[4,14],[4,15],[5,7],[5,11],[5,13],[6,10],[6,11],[6,17],[7,16],[7,21],[8,10],[8,21],[9,16],[9,18],[9,20],[10,14],[11,14],[12,15],[13,18],[13,21],[15,19],[16,20],[17,19],[17,20]]","[0.7853981633974483,2.356194490192345,2.356194490192345]",random_3_regular,492877372842dea63f7c9ac35ff3cad8d359f16029a3d6bab090abdd631e2eda,2026,m2:random_3_regular:n22:p3:g2026:a3,22,3,3
"[0.0,0.0,0.0]",c4ff68d1c825af180df2d1746f8d0b45b9f488ca5a984b912c5b5a2dc0b7112a,"[[0,2],[0,3],[0,20],[1,3],[1,5],[1,14],[2,6],[2,7],[3,5],[4,17],[4,18],[4,20],[5,12],[6,13],[6,21],[7,13],[7,21],[8,14],[8,18],[8,19],[9,14],[9,16],[9,19],[10,11],[10,15],[10,20],[11,12],[11,18],[12,15],[13,16],[15,19],[16,17],[17,21]]","[0.0,0.0,0.0]",random_3_regular,7b028fb2de00f6ba88b4114ee098e14cb7d36cc3f2fa70f2ecb84a98285bd474,2027,m2:random_3_regular:n22:p3:g2027:a0,22,3,0
"[0.7853981633974483,0.7853981633974483,0.7853981633974483]",2135405a959c448c500d01ba5106e58d3bbd9a6ad3752f567673eccaea46d9b3,"[[0,2],[0,3],[0,20],[1,3],[1,5],[1,14],[2,6],[2,7],[3,5],[4,17],[4,18],[4,20],[5,12],[6,13],[6,21],[7,13],[7,21],[8,14],[8,18],[8,19],[9,14],[9,16],[9,19],[10,11],[10,15],[10,20],[11,12],[11,18],[12,15],[13,16],[15,19],[16,17],[17,21]]","[1.5707963267948966,1.5707963267948966,1.5707963267948966]",random_3_regular,7b028fb2de00f6ba88b4114ee098e14cb7d36cc3f2fa70f2ecb84a98285bd474,2027,m2:random_3_regular:n22:p3:g2027:a1,22,3,1
"[0.39269908169872414,1.1780972450961724,1.1780972450961724]",385775881d60c9b57edc5346baac552fdfe2e8a737eb336777c3545bbcf88e96,"[[0,2],[0,3],[0,20],[1,3],[1,5],[1,14],[2,6],[2,7],[3,5],[4,17],[4,18],[4,20],[5,12],[6,13],[6,21],[7,13],[7,21],[8,14],[8,18],[8,19],[9,14],[9,16],[9,19],[10,11],[10,15],[10,20],[11,12],[11,18],[12,15],[13,16],[15,19],[16,17],[17,21]]","[2.356194490192345,0.7853981633974483,0.7853981633974483]",random_3_regular,7b028fb2de00f6ba88b4114ee098e14cb7d36cc3f2fa70f2ecb84a98285bd474,2027,m2:random_3_regular:n22:p3:g2027:a2,22,3,2
"[1.1780972450961724,0.39269908169872414,0.39269908169872414]",ee04b21ee7e6db1fc0a80fdcca6160d8a0f5dc99439468425b165fdf69ff8a5c,"[[0,2],[0,3],[0,20],[1,3],[1,5],[1,14],[2,6],[2,7],[3,5],[4,17],[4,18],[4,20],[5,12],[6,13],[6,21],[7,13],[7,21],[8,14],[8,18],[8,19],[9,14],[9,16],[9,19],[10,11],[10,15],[10,20],[11,12],[11,18],[12,15],[13,16],[15,19],[16,17],[17,21]]","[0.7853981633974483,2.356194490192345,2.356194490192345]",random_3_regular,7b028fb2de00f6ba88b4114ee098e14cb7d36cc3f2fa70f2ecb84a98285bd474,2027,m2:random_3_regular:n22:p3:g2027:a3,22,3,3
"[0.0,0.0,0.0]",5f361ef322cdc3ac053e4cc7c819dd619380450e5ac37f4db1981f4c44aae636,"[[0,6],[0,11],[0,16],[1,7],[1,8],[1,9],[2,7],[2,13],[2,21],[3,4],[3,10],[3,13],[4,5],[4,19],[5,17],[5,20],[6,10],[6,12],[7,21],[8,18],[8,20],[9,15],[9,18],[10,14],[11,17],[11,20],[12,16],[12,17],[13,15],[14,15],[14,18],[16,19],[19,21]]","[0.0,0.0,0.0]",random_3_regular,b795840a60e82e575688bcb876eaf7ca9ddd380572d68cc949952d5da8c40857,2028,m2:random_3_regular:n22:p3:g2028:a0,22,3,0
"[0.7853981633974483,0.7853981633974483,0.7853981633974483]",903356393955d921b7b0157c6e0355eb3d81faf8ef830f70c6eb4fd7a0d29a45,"[[0,6],[0,11],[0,16],[1,7],[1,8],[1,9],[2,7],[2,13],[2,21],[3,4],[3,10],[3,13],[4,5],[4,19],[5,17],[5,20],[6,10],[6,12],[7,21],[8,18],[8,20],[9,15],[9,18],[10,14],[11,17],[11,20],[12,16],[12,17],[13,15],[14,15],[14,18],[16,19],[19,21]]","[1.5707963267948966,1.5707963267948966,1.5707963267948966]",random_3_regular,b795840a60e82e575688bcb876eaf7ca9ddd380572d68cc949952d5da8c40857,2028,m2:random_3_regular:n22:p3:g2028:a1,22,3,1
"[0.39269908169872414,1.1780972450961724,1.1780972450961724]",fe57d3322e8f2701c24313e05daf782eafa8c52f2eac484a26d77f03781b669c,"[[0,6],[0,11],[0,16],[1,7],[1,8],[1,9],[2,7],[2,13],[2,21],[3,4],[3,10],[3,13],[4,5],[4,19],[5,17],[5,20],[6,10],[6,12],[7,21],[8,18],[8,20],[9,15],[9,18],[10,14],[11,17],[11,20],[12,16],[12,17],[13,15],[14,15],[14,18],[16,19],[19,21]]","[2.356194490192345,0.7853981633974483,0.7853981633974483]",random_3_regular,b795840a60e82e575688bcb876eaf7ca9ddd380572d68cc949952d5da8c40857,2028,m2:random_3_regular:n22:p3:g2028:a2,22,3,2
"[1.1780972450961724,0.39269908169872414,0.39269908169872414]",eac0117d4739054e0d1645fe24593db09db2283c85ece7906c93bd6ac2401f48,"[[0,6],[0,11],[0,16],[1,7],[1,8],[1,9],[2,7],[2,13],[2,21],[3,4],[3,10],[3,13],[4,5],[4,19],[5,17],[5,20],[6,10],[6,12],[7,21],[8,18],[8,20],[9,15],[9,18],[10,14],[11,17],[11,20],[12,16],[12,17],[13,15],[14,15],[14,18],[16,19],[19,21]]","[0.7853981633974483,2.356194490192345,2.356194490192345]",random_3_regular,b795840a60e82e575688bcb876eaf7ca9ddd380572d68cc949952d5da8c40857,2028,m2:random_3_regular:n22:p3:g2028:a3,22,3,3
[0.0],ee10044920e6db49c0ecb1771a7757cfebdd38fdeca14ce6772452441817f3b4,"[[0,1],[0,15],[0,20],[1,18],[1,19],[2,13],[2,20],[2,23],[3,7],[3,11],[3,20],[4,13],[4,18],[4,21],[5,7],[5,12],[5,14],[6,9],[6,11],[6,18],[7,19],[8,17],[8,22],[8,23],[9,10],[9,11],[10,21],[10,22],[12,14],[12,21],[13,15],[14,23],[15,16],[16,17],[16,22],[17,19]]",[0.0],random_3_regular,e105560704512cb74a887fdd68eb03e2e13f938e4e99e5a4837d19531ae6b0bc,2026,m2:random_3_regular:n24:p1:g2026:a0,24,1,0
[0.7853981633974483],7e1dd75526033116b0f3413aea308cc64eed4fc45035c609a972cd06e291e6da,"[[0,1],[0,15],[0,20],[1,18],[1,19],[2,13],[2,20],[2,23],[3,7],[3,11],[3,20],[4,13],[4,18],[4,21],[5,7],[5,12],[5,14],[6,9],[6,11],[6,18],[7,19],[8,17],[8,22],[8,23],[9,10],[9,11],[10,21],[10,22],[12,14],[12,21],[13,15],[14,23],[15,16],[16,17],[16,22],[17,19]]",[1.5707963267948966],random_3_regular,e105560704512cb74a887fdd68eb03e2e13f938e4e99e5a4837d19531ae6b0bc,2026,m2:random_3_regular:n24:p1:g2026:a1,24,1,1
[0.39269908169872414],23dbb4585e4c2bfbd4fa11e643ebe14204d7e2958e8d803e1864fb3923c871d3,"[[0,1],[0,15],[0,20],[1,18],[1,19],[2,13],[2,20],[2,23],[3,7],[3,11],[3,20],[4,13],[4,18],[4,21],[5,7],[5,12],[5,14],[6,9],[6,11],[6,18],[7,19],[8,17],[8,22],[8,23],[9,10],[9,11],[10,21],[10,22],[12,14],[12,21],[13,15],[14,23],[15,16],[16,17],[16,22],[17,19]]",[2.356194490192345],random_3_regular,e105560704512cb74a887fdd68eb03e2e13f938e4e99e5a4837d19531ae6b0bc,2026,m2:random_3_regular:n24:p1:g2026:a2,24,1,2
[1.1780972450961724],fe23ec20a0dfcfd160e4071f4967cfe98ecc3cc4c3b6c4a7345a3c7358dac547,"[[0,1],[0,15],[0,20],[1,18],[1,19],[2,13],[2,20],[2,23],[3,7],[3,11],[3,20],[4,13],[4,18],[4,21],[5,7],[5,12],[5,14],[6,9],[6,11],[6,18],[7,19],[8,17],[8,22],[8,23],[9,10],[9,11],[10,21],[10,22],[12,14],[12,21],[13,15],[14,23],[15,16],[16,17],[16,22],[17,19]]",[0.7853981633974483],random_3_regular,e105560704512cb74a887fdd68eb03e2e13f938e4e99e5a4837d19531ae6b0bc,2026,m2:random_3_regular:n24:p1:g2026:a3,24,1,3
[0.0],725d06751d643e545ea6d33dd617d758bb1ddc5080b38fff92c146497de70e1d,"[[0,6],[0,9],[0,14],[1,3],[1,6],[1,8],[2,12],[2,19],[2,21],[3,15],[3,19],[4,13],[4,15],[4,22],[5,9],[5,13],[5,16],[6,18],[7,10],[7,14],[7,22],[8,22],[8,23],[9,15],[10,18],[10,21],[11,12],[11,13],[11,20],[12,23],[14,16],[16,19],[17,18],[17,20],[17,23],[20,21]]",[0.0],random_3_regular,67338b9e0fedaaddf1b8cac14883bc8d4b2d438ca7ea1ad0a0738738948c181d,2027,m2:random_3_regular:n24:p1:g2027:a0,24,1,0
[0.7853981633974483],f9ecc455b921a38ab0da46a207d5e45ac3153ae93d0e4fae87a3b5175293bb13,"[[0,6],[0,9],[0,14],[1,3],[1,6],[1,8],[2,12],[2,19],[2,21],[3,15],[3,19],[4,13],[4,15],[4,22],[5,9],[5,13],[5,16],[6,18],[7,10],[7,14],[7,22],[8,22],[8,23],[9,15],[10,18],[10,21],[11,12],[11,13],[11,20],[12,23],[14,16],[16,19],[17,18],[17,20],[17,23],[20,21]]",[1.5707963267948966],random_3_regular,67338b9e0fedaaddf1b8cac14883bc8d4b2d438ca7ea1ad0a0738738948c181d,2027,m2:random_3_regular:n24:p1:g2027:a1,24,1,1
[0.39269908169872414],17cf8291ef799f2a588aa8de38f74c4cb69f50eb547370856566ef5f107030a5,"[[0,6],[0,9],[0,14],[1,3],[1,6],[1,8],[2,12],[2,19],[2,21],[3,15],[3,19],[4,13],[4,15],[4,22],[5,9],[5,13],[5,16],[6,18],[7,10],[7,14],[7,22],[8,22],[8,23],[9,15],[10,18],[10,21],[11,12],[11,13],[11,20],[12,23],[14,16],[16,19],[17,18],[17,20],[17,23],[20,21]]",[2.356194490192345],random_3_regular,67338b9e0fedaaddf1b8cac14883bc8d4b2d438ca7ea1ad0a0738738948c181d,2027,m2:random_3_regular:n24:p1:g2027:a2,24,1,2
[1.1780972450961724],bb1ab7abb792535834e4bebcbc3ba30349d58ed6561acbbcb5b2a28701d1540c,"[[0,6],[0,9],[0,14],[1,3],[1,6],[1,8],[2,12],[2,19],[2,21],[3,15],[3,19],[4,13],[4,15],[4,22],[5,9],[5,13],[5,16],[6,18],[7,10],[7,14],[7,22],[8,22],[8,23],[9,15],[10,18],[10,21],[11,12],[11,13],[11,20],[12,23],[14,16],[16,19],[17,18],[17,20],[17,23],[20,21]]",[0.7853981633974483],random_3_regular,67338b9e0fedaaddf1b8cac14883bc8d4b2d438ca7ea1ad0a0738738948c181d,2027,m2:random_3_regular:n24:p1:g2027:a3,24,1,3
[0.0],26725b163cbdf8c9c790638734724fedab17daa62eb5801dd41c66f21faa99b3,"[[0,12],[0,19],[0,20],[1,7],[1,9],[1,20],[2,4],[2,14],[2,20],[3,9],[3,18],[3,23],[4,5],[4,18],[5,8],[5,19],[6,12],[6,14],[6,19],[7,8],[7,17],[8,13],[9,22],[10,12],[10,13],[10,16],[11,16],[11,17],[11,21],[13,15],[14,23],[15,16],[15,21],[17,23],[18,22],[21,22]]",[0.0],random_3_regular,bc5e92fe14cafb7fbc5858f02813d761c9f156bc8b8a04ced54c58beae841516,2028,m2:random_3_regular:n24:p1:g2028:a0,24,1,0
[0.7853981633974483],af43f6e89ee00411da8c5b335e3e2e645e569725d286e6a2b97a663c4056a59d,"[[0,12],[0,19],[0,20],[1,7],[1,9],[1,20],[2,4],[2,14],[2,20],[3,9],[3,18],[3,23],[4,5],[4,18],[5,8],[5,19],[6,12],[6,14],[6,19],[7,8],[7,17],[8,13],[9,22],[10,12],[10,13],[10,16],[11,16],[11,17],[11,21],[13,15],[14,23],[15,16],[15,21],[17,23],[18,22],[21,22]]",[1.5707963267948966],random_3_regular,bc5e92fe14cafb7fbc5858f02813d761c9f156bc8b8a04ced54c58beae841516,2028,m2:random_3_regular:n24:p1:g2028:a1,24,1,1
[0.39269908169872414],f9774513d56dd7e818581b432f41326538e42b82bbb6d2c148d103a08d15f877,"[[0,12],[0,19],[0,20],[1,7],[1,9],[1,20],[2,4],[2,14],[2,20],[3,9],[3,18],[3,23],[4,5],[4,18],[5,8],[5,19],[6,12],[6,14],[6,19],[7,8],[7,17],[8,13],[9,22],[10,12],[10,13],[10,16],[11,16],[11,17],[11,21],[13,15],[14,23],[15,16],[15,21],[17,23],[18,22],[21,22]]",[2.356194490192345],random_3_regular,bc5e92fe14cafb7fbc5858f02813d761c9f156bc8b8a04ced54c58beae841516,2028,m2:random_3_regular:n24:p1:g2028:a2,24,1,2
[1.1780972450961724],4731416225e9a7fc9dd4457b6f74cfdc84297785254dce39e0e52de686682753,"[[0,12],[0,19],[0,20],[1,7],[1,9],[1,20],[2,4],[2,14],[2,20],[3,9],[3,18],[3,23],[4,5],[4,18],[5,8],[5,19],[6,12],[6,14],[6,19],[7,8],[7,17],[8,13],[9,22],[10,12],[10,13],[10,16],[11,16],[11,17],[11,21],[13,15],[14,23],[15,16],[15,21],[17,23],[18,22],[21,22]]",[0.7853981633974483],random_3_regular,bc5e92fe14cafb7fbc5858f02813d761c9f156bc8b8a04ced54c58beae841516,2028,m2:random_3_regular:n24:p1:g2028:a3,24,1,3
"[0.0,0.0]",f435915059fae66768d8b838975f79bb64a3d56dac8a78935074f0ca11a479c1,"[[0,1],[0,15],[0,20],[1,18],[1,19],[2,13],[2,20],[2,23],[3,7],[3,11],[3,20],[4,13],[4,18],[4,21],[5,7],[5,12],[5,14],[6,9],[6,11],[6,18],[7,19],[8,17],[8,22],[8,23],[9,10],[9,11],[10,21],[10,22],[12,14],[12,21],[13,15],[14,23],[15,16],[16,17],[16,22],[17,19]]","[0.0,0.0]",random_3_regular,e105560704512cb74a887fdd68eb03e2e13f938e4e99e5a4837d19531ae6b0bc,2026,m2:random_3_regular:n24:p2:g2026:a0,24,2,0
"[0.7853981633974483,0.7853981633974483]",82f3bbd4cce202abcfc64f4438cea80950ef395452c144a547b0b3f10bc84033,"[[0,1],[0,15],[0,20],[1,18],[1,19],[2,13],[2,20],[2,23],[3,7],[3,11],[3,20],[4,13],[4,18],[4,21],[5,7],[5,12],[5,14],[6,9],[6,11],[6,18],[7,19],[8,17],[8,22],[8,23],[9,10],[9,11],[10,21],[10,22],[12,14],[12,21],[13,15],[14,23],[15,16],[16,17],[16,22],[17,19]]","[1.5707963267948966,1.5707963267948966]",random_3_regular,e105560704512cb74a887fdd68eb03e2e13f938e4e99e5a4837d19531ae6b0bc,2026,m2:random_3_regular:n24:p2:g2026:a1,24,2,1
"[0.39269908169872414,1.1780972450961724]",ca0acecbf96b1b77263b3e27e9d6752423ebfedce367700cb5fe5b78a50c754f,"[[0,1],[0,15],[0,20],[1,18],[1,19],[2,13],[2,20],[2,23],[3,7],[3,11],[3,20],[4,13],[4,18],[4,21],[5,7],[5,12],[5,14],[6,9],[6,11],[6,18],[7,19],[8,17],[8,22],[8,23],[9,10],[9,11],[10,21],[10,22],[12,14],[12,21],[13,15],[14,23],[15,16],[16,17],[16,22],[17,19]]","[2.356194490192345,0.7853981633974483]",random_3_regular,e105560704512cb74a887fdd68eb03e2e13f938e4e99e5a4837d19531ae6b0bc,2026,m2:random_3_regular:n24:p2:g2026:a2,24,2,2
"[1.1780972450961724,0.39269908169872414]",d543d573d661b22c93a598ca8b0ec3cd6b216e01f6a0c6b177c3e45acb4621cc,"[[0,1],[0,15],[0,20],[1,18],[1,19],[2,13],[2,20],[2,23],[3,7],[3,11],[3,20],[4,13],[4,18],[4,21],[5,7],[5,12],[5,14],[6,9],[6,11],[6,18],[7,19],[8,17],[8,22],[8,23],[9,10],[9,11],[10,21],[10,22],[12,14],[12,21],[13,15],[14,23],[15,16],[16,17],[16,22],[17,19]]","[0.7853981633974483,2.356194490192345]",random_3_regular,e105560704512cb74a887fdd68eb03e2e13f938e4e99e5a4837d19531ae6b0bc,2026,m2:random_3_regular:n24:p2:g2026:a3,24,2,3
"[0.0,0.0]",4d41a5ed9e97ca65fe04c7df7faee201aac487587b05b3e564bb1752a3bbaf35,"[[0,6],[0,9],[0,14],[1,3],[1,6],[1,8],[2,12],[2,19],[2,21],[3,15],[3,19],[4,13],[4,15],[4,22],[5,9],[5,13],[5,16],[6,18],[7,10],[7,14],[7,22],[8,22],[8,23],[9,15],[10,18],[10,21],[11,12],[11,13],[11,20],[12,23],[14,16],[16,19],[17,18],[17,20],[17,23],[20,21]]","[0.0,0.0]",random_3_regular,67338b9e0fedaaddf1b8cac14883bc8d4b2d438ca7ea1ad0a0738738948c181d,2027,m2:random_3_regular:n24:p2:g2027:a0,24,2,0
"[0.7853981633974483,0.7853981633974483]",9e69a6cc5beffbe2563a519c4c3812dc9f183dd6265c275aac8b2413824819b8,"[[0,6],[0,9],[0,14],[1,3],[1,6],[1,8],[2,12],[2,19],[2,21],[3,15],[3,19],[4,13],[4,15],[4,22],[5,9],[5,13],[5,16],[6,18],[7,10],[7,14],[7,22],[8,22],[8,23],[9,15],[10,18],[10,21],[11,12],[11,13],[11,20],[12,23],[14,16],[16,19],[17,18],[17,20],[17,23],[20,21]]","[1.5707963267948966,1.5707963267948966]",random_3_regular,67338b9e0fedaaddf1b8cac14883bc8d4b2d438ca7ea1ad0a0738738948c181d,2027,m2:random_3_regular:n24:p2:g2027:a1,24,2,1
"[0.39269908169872414,1.1780972450961724]",72e7ec61a498bd7f53f6196e43b63b8f17fda1e5161d21fbf5f63154b3295559,"[[0,6],[0,9],[0,14],[1,3],[1,6],[1,8],[2,12],[2,19],[2,21],[3,15],[3,19],[4,13],[4,15],[4,22],[5,9],[5,13],[5,16],[6,18],[7,10],[7,14],[7,22],[8,22],[8,23],[9,15],[10,18],[10,21],[11,12],[11,13],[11,20],[12,23],[14,16],[16,19],[17,18],[17,20],[17,23],[20,21]]","[2.356194490192345,0.7853981633974483]",random_3_regular,67338b9e0fedaaddf1b8cac14883bc8d4b2d438ca7ea1ad0a0738738948c181d,2027,m2:random_3_regular:n24:p2:g2027:a2,24,2,2
"[1.1780972450961724,0.39269908169872414]",f78d9eff862d3a40708250db1c26839c980406a7a9cad77b8e88f3a68a66dcb0,"[[0,6],[0,9],[0,14],[1,3],[1,6],[1,8],[2,12],[2,19],[2,21],[3,15],[3,19],[4,13],[4,15],[4,22],[5,9],[5,13],[5,16],[6,18],[7,10],[7,14],[7,22],[8,22],[8,23],[9,15],[10,18],[10,21],[11,12],[11,13],[11,20],[12,23],[14,16],[16,19],[17,18],[17,20],[17,23],[20,21]]","[0.7853981633974483,2.356194490192345]",random_3_regular,67338b9e0fedaaddf1b8cac14883bc8d4b2d438ca7ea1ad0a0738738948c181d,2027,m2:random_3_regular:n24:p2:g2027:a3,24,2,3
"[0.0,0.0]",1e9193207ae1d65e3bbe0edb3f7b0955ac398dca20cde766510cc2e65874a49b,"[[0,12],[0,19],[0,20],[1,7],[1,9],[1,20],[2,4],[2,14],[2,20],[3,9],[3,18],[3,23],[4,5],[4,18],[5,8],[5,19],[6,12],[6,14],[6,19],[7,8],[7,17],[8,13],[9,22],[10,12],[10,13],[10,16],[11,16],[11,17],[11,21],[13,15],[14,23],[15,16],[15,21],[17,23],[18,22],[21,22]]","[0.0,0.0]",random_3_regular,bc5e92fe14cafb7fbc5858f02813d761c9f156bc8b8a04ced54c58beae841516,2028,m2:random_3_regular:n24:p2:g2028:a0,24,2,0
"[0.7853981633974483,0.7853981633974483]",9956fa4139f5a507f71562fffaa3bc9e6d6fa1ad78a394630bfe02282a5a2097,"[[0,12],[0,19],[0,20],[1,7],[1,9],[1,20],[2,4],[2,14],[2,20],[3,9],[3,18],[3,23],[4,5],[4,18],[5,8],[5,19],[6,12],[6,14],[6,19],[7,8],[7,17],[8,13],[9,22],[10,12],[10,13],[10,16],[11,16],[11,17],[11,21],[13,15],[14,23],[15,16],[15,21],[17,23],[18,22],[21,22]]","[1.5707963267948966,1.5707963267948966]",random_3_regular,bc5e92fe14cafb7fbc5858f02813d761c9f156bc8b8a04ced54c58beae841516,2028,m2:random_3_regular:n24:p2:g2028:a1,24,2,1
"[0.39269908169872414,1.1780972450961724]",f3da1c489f6949e79da288ac774b9cd8b8546b65687e487c7afd789ff56a0cac,"[[0,12],[0,19],[0,20],[1,7],[1,9],[1,20],[2,4],[2,14],[2,20],[3,9],[3,18],[3,23],[4,5],[4,18],[5,8],[5,19],[6,12],[6,14],[6,19],[7,8],[7,17],[8,13],[9,22],[10,12],[10,13],[10,16],[11,16],[11,17],[11,21],[13,15],[14,23],[15,16],[15,21],[17,23],[18,22],[21,22]]","[2.356194490192345,0.7853981633974483]",random_3_regular,bc5e92fe14cafb7fbc5858f02813d761c9f156bc8b8a04ced54c58beae841516,2028,m2:random_3_regular:n24:p2:g2028:a2,24,2,2
"[1.1780972450961724,0.39269908169872414]",e16b2cb57cd6d5a3b17edb2519f351da1eb92bbc6d169757b174fad93a5efcae,"[[0,12],[0,19],[0,20],[1,7],[1,9],[1,20],[2,4],[2,14],[2,20],[3,9],[3,18],[3,23],[4,5],[4,18],[5,8],[5,19],[6,12],[6,14],[6,19],[7,8],[7,17],[8,13],[9,22],[10,12],[10,13],[10,16],[11,16],[11,17],[11,21],[13,15],[14,23],[15,16],[15,21],[17,23],[18,22],[21,22]]","[0.7853981633974483,2.356194490192345]",random_3_regular,bc5e92fe14cafb7fbc5858f02813d761c9f156bc8b8a04ced54c58beae841516,2028,m2:random_3_regular:n24:p2:g2028:a3,24,2,3
"[0.0,0.0,0.0]",8795d0d44c91e24e0ac8bdcc4ed38f465f1bba9fb7bdc4b531a84646d6fcac2a,"[[0,1],[0,15],[0,20],[1,18],[1,19],[2,13],[2,20],[2,23],[3,7],[3,11],[3,20],[4,13],[4,18],[4,21],[5,7],[5,12],[5,14],[6,9],[6,11],[6,18],[7,19],[8,17],[8,22],[8,23],[9,10],[9,11],[10,21],[10,22],[12,14],[12,21],[13,15],[14,23],[15,16],[16,17],[16,22],[17,19]]","[0.0,0.0,0.0]",random_3_regular,e105560704512cb74a887fdd68eb03e2e13f938e4e99e5a4837d19531ae6b0bc,2026,m2:random_3_regular:n24:p3:g2026:a0,24,3,0
"[0.7853981633974483,0.7853981633974483,0.7853981633974483]",660bf749e3941bdda96b6548e007241d45a8071d03dd622944e2addf8318c89b,"[[0,1],[0,15],[0,20],[1,18],[1,19],[2,13],[2,20],[2,23],[3,7],[3,11],[3,20],[4,13],[4,18],[4,21],[5,7],[5,12],[5,14],[6,9],[6,11],[6,18],[7,19],[8,17],[8,22],[8,23],[9,10],[9,11],[10,21],[10,22],[12,14],[12,21],[13,15],[14,23],[15,16],[16,17],[16,22],[17,19]]","[1.5707963267948966,1.5707963267948966,1.5707963267948966]",random_3_regular,e105560704512cb74a887fdd68eb03e2e13f938e4e99e5a4837d19531ae6b0bc,2026,m2:random_3_regular:n24:p3:g2026:a1,24,3,1
"[0.39269908169872414,1.1780972450961724,1.1780972450961724]",3c0c1807b9bc5bc7f2f618c7676a98aecb3def9f3e8a78ad20310384a097768c,"[[0,1],[0,15],[0,20],[1,18],[1,19],[2,13],[2,20],[2,23],[3,7],[3,11],[3,20],[4,13],[4,18],[4,21],[5,7],[5,12],[5,14],[6,9],[6,11],[6,18],[7,19],[8,17],[8,22],[8,23],[9,10],[9,11],[10,21],[10,22],[12,14],[12,21],[13,15],[14,23],[15,16],[16,17],[16,22],[17,19]]","[2.356194490192345,0.7853981633974483,0.7853981633974483]",random_3_regular,e105560704512cb74a887fdd68eb03e2e13f938e4e99e5a4837d19531ae6b0bc,2026,m2:random_3_regular:n24:p3:g2026:a2,24,3,2
"[1.1780972450961724,0.39269908169872414,0.39269908169872414]",90fedfb57003b228c2a565ef6220a48390002650a2feb53d8b49a5984f691b6a,"[[0,1],[0,15],[0,20],[1,18],[1,19],[2,13],[2,20],[2,23],[3,7],[3,11],[3,20],[4,13],[4,18],[4,21],[5,7],[5,12],[5,14],[6,9],[6,11],[6,18],[7,19],[8,17],[8,22],[8,23],[9,10],[9,11],[10,21],[10,22],[12,14],[12,21],[13,15],[14,23],[15,16],[16,17],[16,22],[17,19]]","[0.7853981633974483,2.356194490192345,2.356194490192345]",random_3_regular,e105560704512cb74a887fdd68eb03e2e13f938e4e99e5a4837d19531ae6b0bc,2026,m2:random_3_regular:n24:p3:g2026:a3,24,3,3
"[0.0,0.0,0.0]",f41498b93e4c5ed17a94adad706461e8f1907722b47640e06f34642c75937675,"[[0,6],[0,9],[0,14],[1,3],[1,6],[1,8],[2,12],[2,19],[2,21],[3,15],[3,19],[4,13],[4,15],[4,22],[5,9],[5,13],[5,16],[6,18],[7,10],[7,14],[7,22],[8,22],[8,23],[9,15],[10,18],[10,21],[11,12],[11,13],[11,20],[12,23],[14,16],[16,19],[17,18],[17,20],[17,23],[20,21]]","[0.0,0.0,0.0]",random_3_regular,67338b9e0fedaaddf1b8cac14883bc8d4b2d438ca7ea1ad0a0738738948c181d,2027,m2:random_3_regular:n24:p3:g2027:a0,24,3,0
"[0.7853981633974483,0.7853981633974483,0.7853981633974483]",52c5bd72ddf3b38ac5b087c272a3d4b98f51d2478b710c05dc56def777b4480d,"[[0,6],[0,9],[0,14],[1,3],[1,6],[1,8],[2,12],[2,19],[2,21],[3,15],[3,19],[4,13],[4,15],[4,22],[5,9],[5,13],[5,16],[6,18],[7,10],[7,14],[7,22],[8,22],[8,23],[9,15],[10,18],[10,21],[11,12],[11,13],[11,20],[12,23],[14,16],[16,19],[17,18],[17,20],[17,23],[20,21]]","[1.5707963267948966,1.5707963267948966,1.5707963267948966]",random_3_regular,67338b9e0fedaaddf1b8cac14883bc8d4b2d438ca7ea1ad0a0738738948c181d,2027,m2:random_3_regular:n24:p3:g2027:a1,24,3,1
"[0.39269908169872414,1.1780972450961724,1.1780972450961724]",ce4c78c7e21f8416b23c1d14d5b1de4ecd125aa07fe2c099e4b5ff31ba05c5b3,"[[0,6],[0,9],[0,14],[1,3],[1,6],[1,8],[2,12],[2,19],[2,21],[3,15],[3,19],[4,13],[4,15],[4,22],[5,9],[5,13],[5,16],[6,18],[7,10],[7,14],[7,22],[8,22],[8,23],[9,15],[10,18],[10,21],[11,12],[11,13],[11,20],[12,23],[14,16],[16,19],[17,18],[17,20],[17,23],[20,21]]","[2.356194490192345,0.7853981633974483,0.7853981633974483]",random_3_regular,67338b9e0fedaaddf1b8cac14883bc8d4b2d438ca7ea1ad0a0738738948c181d,2027,m2:random_3_regular:n24:p3:g2027:a2,24,3,2
"[1.1780972450961724,0.39269908169872414,0.39269908169872414]",7dcaa9966d1780ee059aa563eb47c5b4b471963e457329d749ed75863f80220d,"[[0,6],[0,9],[0,14],[1,3],[1,6],[1,8],[2,12],[2,19],[2,21],[3,15],[3,19],[4,13],[4,15],[4,22],[5,9],[5,13],[5,16],[6,18],[7,10],[7,14],[7,22],[8,22],[8,23],[9,15],[10,18],[10,21],[11,12],[11,13],[11,20],[12,23],[14,16],[16,19],[17,18],[17,20],[17,23],[20,21]]","[0.7853981633974483,2.356194490192345,2.356194490192345]",random_3_regular,67338b9e0fedaaddf1b8cac14883bc8d4b2d438ca7ea1ad0a0738738948c181d,2027,m2:random_3_regular:n24:p3:g2027:a3,24,3,3
"[0.0,0.0,0.0]",ed41113e8d342bce296dd1aad76cea19ed19f5acdb431e5771bd3aac98636d55,"[[0,12],[0,19],[0,20],[1,7],[1,9],[1,20],[2,4],[2,14],[2,20],[3,9],[3,18],[3,23],[4,5],[4,18],[5,8],[5,19],[6,12],[6,14],[6,19],[7,8],[7,17],[8,13],[9,22],[10,12],[10,13],[10,16],[11,16],[11,17],[11,21],[13,15],[14,23],[15,16],[15,21],[17,23],[18,22],[21,22]]","[0.0,0.0,0.0]",random_3_regular,bc5e92fe14cafb7fbc5858f02813d761c9f156bc8b8a04ced54c58beae841516,2028,m2:random_3_regular:n24:p3:g2028:a0,24,3,0
"[0.7853981633974483,0.7853981633974483,0.7853981633974483]",e6cd387f43c61df904626e9d6b6cec413290404e6b28d3b769ede26e3a5bf4cb,"[[0,12],[0,19],[0,20],[1,7],[1,9],[1,20],[2,4],[2,14],[2,20],[3,9],[3,18],[3,23],[4,5],[4,18],[5,8],[5,19],[6,12],[6,14],[6,19],[7,8],[7,17],[8,13],[9,22],[10,12],[10,13],[10,16],[11,16],[11,17],[11,21],[13,15],[14,23],[15,16],[15,21],[17,23],[18,22],[21,22]]","[1.5707963267948966,1.5707963267948966,1.5707963267948966]",random_3_regular,bc5e92fe14cafb7fbc5858f02813d761c9f156bc8b8a04ced54c58beae841516,2028,m2:random_3_regular:n24:p3:g2028:a1,24,3,1
"[0.39269908169872414,1.1780972450961724,1.1780972450961724]",2ac7ee4a63f385f659dbadb16fdb0dd89688a537d322cdfc668cf0b39161e9ce,"[[0,12],[0,19],[0,20],[1,7],[1,9],[1,20],[2,4],[2,14],[2,20],[3,9],[3,18],[3,23],[4,5],[4,18],[5,8],[5,19],[6,12],[6,14],[6,19],[7,8],[7,17],[8,13],[9,22],[10,12],[10,13],[10,16],[11,16],[11,17],[11,21],[13,15],[14,23],[15,16],[15,21],[17,23],[18,22],[21,22]]","[2.356194490192345,0.7853981633974483,0.7853981633974483]",random_3_regular,bc5e92fe14cafb7fbc5858f02813d761c9f156bc8b8a04ced54c58beae841516,2028,m2:random_3_regular:n24:p3:g2028:a2,24,3,2
"[1.1780972450961724,0.39269908169872414,0.39269908169872414]",f25847e451859ac85cbc1c9a90de414907395f0a8a0700fa24c0250256497e01,"[[0,12],[0,19],[0,20],[1,7],[1,9],[1,20],[2,4],[2,14],[2,20],[3,9],[3,18],[3,23],[4,5],[4,18],[5,8],[5,19],[6,12],[6,14],[6,19],[7,8],[7,17],[8,13],[9,22],[10,12],[10,13],[10,16],[11,16],[11,17],[11,21],[13,15],[14,23],[15,16],[15,21],[17,23],[18,22],[21,22]]","[0.7853981633974483,2.356194490192345,2.356194490192345]",random_3_regular,bc5e92fe14cafb7fbc5858f02813d761c9f156bc8b8a04ced54c58beae841516,2028,m2:random_3_regular:n24:p3:g2028:a3,24,3,3
[0.0],02485874a660ffeb06154e9a20e9524cb2c3442cac80f5e7c8e553843c913e03,"[[0,17],[0,19],[0,24],[1,9],[1,13],[1,16],[2,4],[2,8],[2,16],[3,4],[3,5],[3,20],[4,5],[5,17],[6,13],[6,21],[6,25],[7,12],[7,14],[7,15],[8,24],[8,25],[9,18],[9,25],[10,11],[10,21],[10,22],[11,12],[11,19],[12,16],[13,19],[14,18],[14,22],[15,22],[15,23],[17,24],[18,23],[20,21],[20,23]]",[0.0],random_3_regular,6c9088413d0558cc50299cdf4a01b300d57ce8f36119e645cc42f14a8378656a,2026,m2:random_3_regular:n26:p1:g2026:a0,26,1,0
[0.7853981633974483],012088be076a2bb45425d3cc74528f9ccbeb4c0af9cadb4563bd907257143585,"[[0,17],[0,19],[0,24],[1,9],[1,13],[1,16],[2,4],[2,8],[2,16],[3,4],[3,5],[3,20],[4,5],[5,17],[6,13],[6,21],[6,25],[7,12],[7,14],[7,15],[8,24],[8,25],[9,18],[9,25],[10,11],[10,21],[10,22],[11,12],[11,19],[12,16],[13,19],[14,18],[14,22],[15,22],[15,23],[17,24],[18,23],[20,21],[20,23]]",[1.5707963267948966],random_3_regular,6c9088413d0558cc50299cdf4a01b300d57ce8f36119e645cc42f14a8378656a,2026,m2:random_3_regular:n26:p1:g2026:a1,26,1,1
[0.39269908169872414],87193202c1f46669ce56b1cb215dec3748da0815b9fb0b7bfd333283d661546b,"[[0,17],[0,19],[0,24],[1,9],[1,13],[1,16],[2,4],[2,8],[2,16],[3,4],[3,5],[3,20],[4,5],[5,17],[6,13],[6,21],[6,25],[7,12],[7,14],[7,15],[8,24],[8,25],[9,18],[9,25],[10,11],[10,21],[10,22],[11,12],[11,19],[12,16],[13,19],[14,18],[14,22],[15,22],[15,23],[17,24],[18,23],[20,21],[20,23]]",[2.356194490192345],random_3_regular,6c9088413d0558cc50299cdf4a01b300d57ce8f36119e645cc42f14a8378656a,2026,m2:random_3_regular:n26:p1:g2026:a2,26,1,2
[1.1780972450961724],f918175cd435ea9a12561dffe88e1674eacd45c93e3ca6dcd5dc0d1ce49f7c2e,"[[0,17],[0,19],[0,24],[1,9],[1,13],[1,16],[2,4],[2,8],[2,16],[3,4],[3,5],[3,20],[4,5],[5,17],[6,13],[6,21],[6,25],[7,12],[7,14],[7,15],[8,24],[8,25],[9,18],[9,25],[10,11],[10,21],[10,22],[11,12],[11,19],[12,16],[13,19],[14,18],[14,22],[15,22],[15,23],[17,24],[18,23],[20,21],[20,23]]",[0.7853981633974483],random_3_regular,6c9088413d0558cc50299cdf4a01b300d57ce8f36119e645cc42f14a8378656a,2026,m2:random_3_regular:n26:p1:g2026:a3,26,1,3
[0.0],a078b19f6e2820e55d9cae5766108c7274ffa4e8f936f8f094ab569df24e4917,"[[0,21],[0,22],[0,23],[1,8],[1,10],[1,11],[2,7],[2,18],[2,21],[3,6],[3,12],[3,24],[4,8],[4,14],[4,16],[5,8],[5,9],[5,10],[6,14],[6,25],[7,13],[7,16],[9,10],[9,22],[11,12],[11,25],[12,14],[13,22],[13,24],[15,21],[15,24],[15,25],[16,17],[17,19],[17,20],[18,19],[18,20],[19,23],[20,23]]",[0.0],random_3_regular,7adefd0dc540d2174f43fa28438e278044139ea17ad13516baa4784674c6bcfe,2027,m2:random_3_regular:n26:p1:g2027:a0,26,1,0
[0.7853981633974483],79ab631d3ae40000e9f3f3eff662c4b3b5ecf1a46b82347da7b84d958ad06478,"[[0,21],[0,22],[0,23],[1,8],[1,10],[1,11],[2,7],[2,18],[2,21],[3,6],[3,12],[3,24],[4,8],[4,14],[4,16],[5,8],[5,9],[5,10],[6,14],[6,25],[7,13],[7,16],[9,10],[9,22],[11,12],[11,25],[12,14],[13,22],[13,24],[15,21],[15,24],[15,25],[16,17],[17,19],[17,20],[18,19],[18,20],[19,23],[20,23]]",[1.5707963267948966],random_3_regular,7adefd0dc540d2174f43fa28438e278044139ea17ad13516baa4784674c6bcfe,2027,m2:random_3_regular:n26:p1:g2027:a1,26,1,1
[0.39269908169872414],722396cd00c2a1b30f247864850824eb141b310d28db9037d958a1677949f675,"[[0,21],[0,22],[0,23],[1,8],[1,10],[1,11],[2,7],[2,18],[2,21],[3,6],[3,12],[3,24],[4,8],[4,14],[4,16],[5,8],[5,9],[5,10],[6,14],[6,25],[7,13],[7,16],[9,10],[9,22],[11,12],[11,25],[12,14],[13,22],[13,24],[15,21],[15,24],[15,25],[16,17],[17,19],[17,20],[18,19],[18,20],[19,23],[20,23]]",[2.356194490192345],random_3_regular,7adefd0dc540d2174f43fa28438e278044139ea17ad13516baa4784674c6bcfe,2027,m2:random_3_regular:n26:p1:g2027:a2,26,1,2
[1.1780972450961724],e1c0a241e09a09a247ca65ce910e18b12b089bbee9ff8b5d3861857a82281d73,"[[0,21],[0,22],[0,23],[1,8],[1,10],[1,11],[2,7],[2,18],[2,21],[3,6],[3,12],[3,24],[4,8],[4,14],[4,16],[5,8],[5,9],[5,10],[6,14],[6,25],[7,13],[7,16],[9,10],[9,22],[11,12],[11,25],[12,14],[13,22],[13,24],[15,21],[15,24],[15,25],[16,17],[17,19],[17,20],[18,19],[18,20],[19,23],[20,23]]",[0.7853981633974483],random_3_regular,7adefd0dc540d2174f43fa28438e278044139ea17ad13516baa4784674c6bcfe,2027,m2:random_3_regular:n26:p1:g2027:a3,26,1,3
[0.0],f5ff1b188e4b4ffd3c3ed40e5cd5494242e26c658e151203ffb70a4fe7fe1b0d,"[[0,14],[0,19],[0,25],[1,4],[1,9],[1,20],[2,6],[2,10],[2,25],[3,14],[3,16],[3,21],[4,5],[4,19],[5,8],[5,13],[6,10],[6,17],[7,13],[7,20],[7,25],[8,11],[8,16],[9,12],[9,15],[10,24],[11,22],[11,23],[12,15],[12,23],[13,24],[14,18],[15,17],[16,18],[17,21],[18,22],[19,22],[20,21],[23,24]]",[0.0],random_3_regular,daff51a54ecdad25ccfe29b64673a47e80c57f036de72e75dbc46777ad5e5b37,2028,m2:random_3_regular:n26:p1:g2028:a0,26,1,0
[0.7853981633974483],5ec82f0c596ac13af7a571890e632171c18e8b9515597ba2f3b6e655d444586c,"[[0,14],[0,19],[0,25],[1,4],[1,9],[1,20],[2,6],[2,10],[2,25],[3,14],[3,16],[3,21],[4,5],[4,19],[5,8],[5,13],[6,10],[6,17],[7,13],[7,20],[7,25],[8,11],[8,16],[9,12],[9,15],[10,24],[11,22],[11,23],[12,15],[12,23],[13,24],[14,18],[15,17],[16,18],[17,21],[18,22],[19,22],[20,21],[23,24]]",[1.5707963267948966],random_3_regular,daff51a54ecdad25ccfe29b64673a47e80c57f036de72e75dbc46777ad5e5b37,2028,m2:random_3_regular:n26:p1:g2028:a1,26,1,1
[0.39269908169872414],0d1cc404c04619a9d3aa7fdcb9169527176fcdea655687290da53a5023c34a15,"[[0,14],[0,19],[0,25],[1,4],[1,9],[1,20],[2,6],[2,10],[2,25],[3,14],[3,16],[3,21],[4,5],[4,19],[5,8],[5,13],[6,10],[6,17],[7,13],[7,20],[7,25],[8,11],[8,16],[9,12],[9,15],[10,24],[11,22],[11,23],[12,15],[12,23],[13,24],[14,18],[15,17],[16,18],[17,21],[18,22],[19,22],[20,21],[23,24]]",[2.356194490192345],random_3_regular,daff51a54ecdad25ccfe29b64673a47e80c57f036de72e75dbc46777ad5e5b37,2028,m2:random_3_regular:n26:p1:g2028:a2,26,1,2
[1.1780972450961724],cb278051be78716926a83c8e89b92d696cbef7c219fe47ae22461e754b39ad37,"[[0,14],[0,19],[0,25],[1,4],[1,9],[1,20],[2,6],[2,10],[2,25],[3,14],[3,16],[3,21],[4,5],[4,19],[5,8],[5,13],[6,10],[6,17],[7,13],[7,20],[7,25],[8,11],[8,16],[9,12],[9,15],[10,24],[11,22],[11,23],[12,15],[12,23],[13,24],[14,18],[15,17],[16,18],[17,21],[18,22],[19,22],[20,21],[23,24]]",[0.7853981633974483],random_3_regular,daff51a54ecdad25ccfe29b64673a47e80c57f036de72e75dbc46777ad5e5b37,2028,m2:random_3_regular:n26:p1:g2028:a3,26,1,3
"[0.0,0.0]",5d2a484b417702582e84d8e94e1db37b5148ff9861e520453cd4a4f431251a9c,"[[0,17],[0,19],[0,24],[1,9],[1,13],[1,16],[2,4],[2,8],[2,16],[3,4],[3,5],[3,20],[4,5],[5,17],[6,13],[6,21],[6,25],[7,12],[7,14],[7,15],[8,24],[8,25],[9,18],[9,25],[10,11],[10,21],[10,22],[11,12],[11,19],[12,16],[13,19],[14,18],[14,22],[15,22],[15,23],[17,24],[18,23],[20,21],[20,23]]","[0.0,0.0]",random_3_regular,6c9088413d0558cc50299cdf4a01b300d57ce8f36119e645cc42f14a8378656a,2026,m2:random_3_regular:n26:p2:g2026:a0,26,2,0
"[0.7853981633974483,0.7853981633974483]",ecab15a56d28a323c42c00d14f96fc17d672d51404699fdad3869e23dae71cb9,"[[0,17],[0,19],[0,24],[1,9],[1,13],[1,16],[2,4],[2,8],[2,16],[3,4],[3,5],[3,20],[4,5],[5,17],[6,13],[6,21],[6,25],[7,12],[7,14],[7,15],[8,24],[8,25],[9,18],[9,25],[10,11],[10,21],[10,22],[11,12],[11,19],[12,16],[13,19],[14,18],[14,22],[15,22],[15,23],[17,24],[18,23],[20,21],[20,23]]","[1.5707963267948966,1.5707963267948966]",random_3_regular,6c9088413d0558cc50299cdf4a01b300d57ce8f36119e645cc42f14a8378656a,2026,m2:random_3_regular:n26:p2:g2026:a1,26,2,1
"[0.39269908169872414,1.1780972450961724]",48da43026363b37adf68ae3be8cf9876a0834f790455e1af07fe17c3d5b4ccb9,"[[0,17],[0,19],[0,24],[1,9],[1,13],[1,16],[2,4],[2,8],[2,16],[3,4],[3,5],[3,20],[4,5],[5,17],[6,13],[6,21],[6,25],[7,12],[7,14],[7,15],[8,24],[8,25],[9,18],[9,25],[10,11],[10,21],[10,22],[11,12],[11,19],[12,16],[13,19],[14,18],[14,22],[15,22],[15,23],[17,24],[18,23],[20,21],[20,23]]","[2.356194490192345,0.7853981633974483]",random_3_regular,6c9088413d0558cc50299cdf4a01b300d57ce8f36119e645cc42f14a8378656a,2026,m2:random_3_regular:n26:p2:g2026:a2,26,2,2
"[1.1780972450961724,0.39269908169872414]",d6403712e0e3bc61bd9a720a28947261ef6e1ba2ce048ebbd19b7b19e9d66635,"[[0,17],[0,19],[0,24],[1,9],[1,13],[1,16],[2,4],[2,8],[2,16],[3,4],[3,5],[3,20],[4,5],[5,17],[6,13],[6,21],[6,25],[7,12],[7,14],[7,15],[8,24],[8,25],[9,18],[9,25],[10,11],[10,21],[10,22],[11,12],[11,19],[12,16],[13,19],[14,18],[14,22],[15,22],[15,23],[17,24],[18,23],[20,21],[20,23]]","[0.7853981633974483,2.356194490192345]",random_3_regular,6c9088413d0558cc50299cdf4a01b300d57ce8f36119e645cc42f14a8378656a,2026,m2:random_3_regular:n26:p2:g2026:a3,26,2,3
"[0.0,0.0]",77f50126a21dde0ba92f4b8336433bfb2c3e19f9215086ac7b2537165a0b1b68,"[[0,21],[0,22],[0,23],[1,8],[1,10],[1,11],[2,7],[2,18],[2,21],[3,6],[3,12],[3,24],[4,8],[4,14],[4,16],[5,8],[5,9],[5,10],[6,14],[6,25],[7,13],[7,16],[9,10],[9,22],[11,12],[11,25],[12,14],[13,22],[13,24],[15,21],[15,24],[15,25],[16,17],[17,19],[17,20],[18,19],[18,20],[19,23],[20,23]]","[0.0,0.0]",random_3_regular,7adefd0dc540d2174f43fa28438e278044139ea17ad13516baa4784674c6bcfe,2027,m2:random_3_regular:n26:p2:g2027:a0,26,2,0
"[0.7853981633974483,0.7853981633974483]",8b42a27a9c159be71050cfa2c49dcfeb88fe337eb840a1235eda74a619f63839,"[[0,21],[0,22],[0,23],[1,8],[1,10],[1,11],[2,7],[2,18],[2,21],[3,6],[3,12],[3,24],[4,8],[4,14],[4,16],[5,8],[5,9],[5,10],[6,14],[6,25],[7,13],[7,16],[9,10],[9,22],[11,12],[11,25],[12,14],[13,22],[13,24],[15,21],[15,24],[15,25],[16,17],[17,19],[17,20],[18,19],[18,20],[19,23],[20,23]]","[1.5707963267948966,1.5707963267948966]",random_3_regular,7adefd0dc540d2174f43fa28438e278044139ea17ad13516baa4784674c6bcfe,2027,m2:random_3_regular:n26:p2:g2027:a1,26,2,1
"[0.39269908169872414,1.1780972450961724]",86dec18b6c1ea4b0de733580d02fda1b610d8d2b297093037cbb14447099066c,"[[0,21],[0,22],[0,23],[1,8],[1,10],[1,11],[2,7],[2,18],[2,21],[3,6],[3,12],[3,24],[4,8],[4,14],[4,16],[5,8],[5,9],[5,10],[6,14],[6,25],[7,13],[7,16],[9,10],[9,22],[11,12],[11,25],[12,14],[13,22],[13,24],[15,21],[15,24],[15,25],[16,17],[17,19],[17,20],[18,19],[18,20],[19,23],[20,23]]","[2.356194490192345,0.7853981633974483]",random_3_regular,7adefd0dc540d2174f43fa28438e278044139ea17ad13516baa4784674c6bcfe,2027,m2:random_3_regular:n26:p2:g2027:a2,26,2,2
"[1.1780972450961724,0.39269908169872414]",411c182af2914d11e0e2081b6dce7d5db064daebe99d91b6d503d0f2531ed7e5,"[[0,21],[0,22],[0,23],[1,8],[1,10],[1,11],[2,7],[2,18],[2,21],[3,6],[3,12],[3,24],[4,8],[4,14],[4,16],[5,8],[5,9],[5,10],[6,14],[6,25],[7,13],[7,16],[9,10],[9,22],[11,12],[11,25],[12,14],[13,22],[13,24],[15,21],[15,24],[15,25],[16,17],[17,19],[17,20],[18,19],[18,20],[19,23],[20,23]]","[0.7853981633974483,2.356194490192345]",random_3_regular,7adefd0dc540d2174f43fa28438e278044139ea17ad13516baa4784674c6bcfe,2027,m2:random_3_regular:n26:p2:g2027:a3,26,2,3
"[0.0,0.0]",f5ca483c796cfeebca073dc5713c5e4a8ad10c102b268086c31ac1b502f54b43,"[[0,14],[0,19],[0,25],[1,4],[1,9],[1,20],[2,6],[2,10],[2,25],[3,14],[3,16],[3,21],[4,5],[4,19],[5,8],[5,13],[6,10],[6,17],[7,13],[7,20],[7,25],[8,11],[8,16],[9,12],[9,15],[10,24],[11,22],[11,23],[12,15],[12,23],[13,24],[14,18],[15,17],[16,18],[17,21],[18,22],[19,22],[20,21],[23,24]]","[0.0,0.0]",random_3_regular,daff51a54ecdad25ccfe29b64673a47e80c57f036de72e75dbc46777ad5e5b37,2028,m2:random_3_regular:n26:p2:g2028:a0,26,2,0
"[0.7853981633974483,0.7853981633974483]",be1adc0ed318700df9d500717568f03aaf4ac84a9671e6b8fc54442c950bffad,"[[0,14],[0,19],[0,25],[1,4],[1,9],[1,20],[2,6],[2,10],[2,25],[3,14],[3,16],[3,21],[4,5],[4,19],[5,8],[5,13],[6,10],[6,17],[7,13],[7,20],[7,25],[8,11],[8,16],[9,12],[9,15],[10,24],[11,22],[11,23],[12,15],[12,23],[13,24],[14,18],[15,17],[16,18],[17,21],[18,22],[19,22],[20,21],[23,24]]","[1.5707963267948966,1.5707963267948966]",random_3_regular,daff51a54ecdad25ccfe29b64673a47e80c57f036de72e75dbc46777ad5e5b37,2028,m2:random_3_regular:n26:p2:g2028:a1,26,2,1
"[0.39269908169872414,1.1780972450961724]",4160faf80fdb3deea37e1d2bcdccb722750f8997a16d693daaea3c9c431cb292,"[[0,14],[0,19],[0,25],[1,4],[1,9],[1,20],[2,6],[2,10],[2,25],[3,14],[3,16],[3,21],[4,5],[4,19],[5,8],[5,13],[6,10],[6,17],[7,13],[7,20],[7,25],[8,11],[8,16],[9,12],[9,15],[10,24],[11,22],[11,23],[12,15],[12,23],[13,24],[14,18],[15,17],[16,18],[17,21],[18,22],[19,22],[20,21],[23,24]]","[2.356194490192345,0.7853981633974483]",random_3_regular,daff51a54ecdad25ccfe29b64673a47e80c57f036de72e75dbc46777ad5e5b37,2028,m2:random_3_regular:n26:p2:g2028:a2,26,2,2
"[1.1780972450961724,0.39269908169872414]",1b0dc428c44ce2d5a103a6e1c29bc5a99496c05aee41008bfb3b245fa0364545,"[[0,14],[0,19],[0,25],[1,4],[1,9],[1,20],[2,6],[2,10],[2,25],[3,14],[3,16],[3,21],[4,5],[4,19],[5,8],[5,13],[6,10],[6,17],[7,13],[7,20],[7,25],[8,11],[8,16],[9,12],[9,15],[10,24],[11,22],[11,23],[12,15],[12,23],[13,24],[14,18],[15,17],[16,18],[17,21],[18,22],[19,22],[20,21],[23,24]]","[0.7853981633974483,2.356194490192345]",random_3_regular,daff51a54ecdad25ccfe29b64673a47e80c57f036de72e75dbc46777ad5e5b37,2028,m2:random_3_regular:n26:p2:g2028:a3,26,2,3
"[0.0,0.0,0.0]",cb11f8515ce03a1193447713f732754094be36c92ed741dcf59a13ba4be92ac6,"[[0,17],[0,19],[0,24],[1,9],[1,13],[1,16],[2,4],[2,8],[2,16],[3,4],[3,5],[3,20],[4,5],[5,17],[6,13],[6,21],[6,25],[7,12],[7,14],[7,15],[8,24],[8,25],[9,18],[9,25],[10,11],[10,21],[10,22],[11,12],[11,19],[12,16],[13,19],[14,18],[14,22],[15,22],[15,23],[17,24],[18,23],[20,21],[20,23]]","[0.0,0.0,0.0]",random_3_regular,6c9088413d0558cc50299cdf4a01b300d57ce8f36119e645cc42f14a8378656a,2026,m2:random_3_regular:n26:p3:g2026:a0,26,3,0
"[0.7853981633974483,0.7853981633974483,0.7853981633974483]",bd51e22a15de5de620a80efefa713a1aa040fc9ca35af4a321b5e133c085c8c9,"[[0,17],[0,19],[0,24],[1,9],[1,13],[1,16],[2,4],[2,8],[2,16],[3,4],[3,5],[3,20],[4,5],[5,17],[6,13],[6,21],[6,25],[7,12],[7,14],[7,15],[8,24],[8,25],[9,18],[9,25],[10,11],[10,21],[10,22],[11,12],[11,19],[12,16],[13,19],[14,18],[14,22],[15,22],[15,23],[17,24],[18,23],[20,21],[20,23]]","[1.5707963267948966,1.5707963267948966,1.5707963267948966]",random_3_regular,6c9088413d0558cc50299cdf4a01b300d57ce8f36119e645cc42f14a8378656a,2026,m2:random_3_regular:n26:p3:g2026:a1,26,3,1
"[0.39269908169872414,1.1780972450961724,1.1780972450961724]",2ead9aabbfec069eb451b986dee3c5067596f892a36208ae49fa4d2d34caa49a,"[[0,17],[0,19],[0,24],[1,9],[1,13],[1,16],[2,4],[2,8],[2,16],[3,4],[3,5],[3,20],[4,5],[5,17],[6,13],[6,21],[6,25],[7,12],[7,14],[7,15],[8,24],[8,25],[9,18],[9,25],[10,11],[10,21],[10,22],[11,12],[11,19],[12,16],[13,19],[14,18],[14,22],[15,22],[15,23],[17,24],[18,23],[20,21],[20,23]]","[2.356194490192345,0.7853981633974483,0.7853981633974483]",random_3_regular,6c9088413d0558cc50299cdf4a01b300d57ce8f36119e645cc42f14a8378656a,2026,m2:random_3_regular:n26:p3:g2026:a2,26,3,2
"[1.1780972450961724,0.39269908169872414,0.39269908169872414]",381ba7a921ae039b10160980b0c8e09a3cc86fc13b51fcd15599edf1f0c7b840,"[[0,17],[0,19],[0,24],[1,9],[1,13],[1,16],[2,4],[2,8],[2,16],[3,4],[3,5],[3,20],[4,5],[5,17],[6,13],[6,21],[6,25],[7,12],[7,14],[7,15],[8,24],[8,25],[9,18],[9,25],[10,11],[10,21],[10,22],[11,12],[11,19],[12,16],[13,19],[14,18],[14,22],[15,22],[15,23],[17,24],[18,23],[20,21],[20,23]]","[0.7853981633974483,2.356194490192345,2.356194490192345]",random_3_regular,6c9088413d0558cc50299cdf4a01b300d57ce8f36119e645cc42f14a8378656a,2026,m2:random_3_regular:n26:p3:g2026:a3,26,3,3
"[0.0,0.0,0.0]",4cd2ec12ebe3734ec98bb4a8c0733d1b6fb15886e1b44df1a5103662fddcf934,"[[0,21],[0,22],[0,23],[1,8],[1,10],[1,11],[2,7],[2,18],[2,21],[3,6],[3,12],[3,24],[4,8],[4,14],[4,16],[5,8],[5,9],[5,10],[6,14],[6,25],[7,13],[7,16],[9,10],[9,22],[11,12],[11,25],[12,14],[13,22],[13,24],[15,21],[15,24],[15,25],[16,17],[17,19],[17,20],[18,19],[18,20],[19,23],[20,23]]","[0.0,0.0,0.0]",random_3_regular,7adefd0dc540d2174f43fa28438e278044139ea17ad13516baa4784674c6bcfe,2027,m2:random_3_regular:n26:p3:g2027:a0,26,3,0
"[0.7853981633974483,0.7853981633974483,0.7853981633974483]",1e41b4f9fdf4ae88ffdc3ecd8cdb23ae4a11b3fc498265a10c2db351794d5b81,"[[0,21],[0,22],[0,23],[1,8],[1,10],[1,11],[2,7],[2,18],[2,21],[3,6],[3,12],[3,24],[4,8],[4,14],[4,16],[5,8],[5,9],[5,10],[6,14],[6,25],[7,13],[7,16],[9,10],[9,22],[11,12],[11,25],[12,14],[13,22],[13,24],[15,21],[15,24],[15,25],[16,17],[17,19],[17,20],[18,19],[18,20],[19,23],[20,23]]","[1.5707963267948966,1.5707963267948966,1.5707963267948966]",random_3_regular,7adefd0dc540d2174f43fa28438e278044139ea17ad13516baa4784674c6bcfe,2027,m2:random_3_regular:n26:p3:g2027:a1,26,3,1
"[0.39269908169872414,1.1780972450961724,1.1780972450961724]",fd00efbd20a9a10bd2654d64cfda1fee4bb83b8048eb0161b95d1cdbafc5b39f,"[[0,21],[0,22],[0,23],[1,8],[1,10],[1,11],[2,7],[2,18],[2,21],[3,6],[3,12],[3,24],[4,8],[4,14],[4,16],[5,8],[5,9],[5,10],[6,14],[6,25],[7,13],[7,16],[9,10],[9,22],[11,12],[11,25],[12,14],[13,22],[13,24],[15,21],[15,24],[15,25],[16,17],[17,19],[17,20],[18,19],[18,20],[19,23],[20,23]]","[2.356194490192345,0.7853981633974483,0.7853981633974483]",random_3_regular,7adefd0dc540d2174f43fa28438e278044139ea17ad13516baa4784674c6bcfe,2027,m2:random_3_regular:n26:p3:g2027:a2,26,3,2
"[1.1780972450961724,0.39269908169872414,0.39269908169872414]",14c873b8079a193af7ad537e482529b83a6c48f0f39e03a82d2b184f2ad2fb79,"[[0,21],[0,22],[0,23],[1,8],[1,10],[1,11],[2,7],[2,18],[2,21],[3,6],[3,12],[3,24],[4,8],[4,14],[4,16],[5,8],[5,9],[5,10],[6,14],[6,25],[7,13],[7,16],[9,10],[9,22],[11,12],[11,25],[12,14],[13,22],[13,24],[15,21],[15,24],[15,25],[16,17],[17,19],[17,20],[18,19],[18,20],[19,23],[20,23]]","[0.7853981633974483,2.356194490192345,2.356194490192345]",random_3_regular,7adefd0dc540d2174f43fa28438e278044139ea17ad13516baa4784674c6bcfe,2027,m2:random_3_regular:n26:p3:g2027:a3,26,3,3
"[0.0,0.0,0.0]",247a59b6bd1a5d8f8f1a6efe84cd967af1f82a0a940f6f35af0d291a10c7d9ed,"[[0,14],[0,19],[0,25],[1,4],[1,9],[1,20],[2,6],[2,10],[2,25],[3,14],[3,16],[3,21],[4,5],[4,19],[5,8],[5,13],[6,10],[6,17],[7,13],[7,20],[7,25],[8,11],[8,16],[9,12],[9,15],[10,24],[11,22],[11,23],[12,15],[12,23],[13,24],[14,18],[15,17],[16,18],[17,21],[18,22],[19,22],[20,21],[23,24]]","[0.0,0.0,0.0]",random_3_regular,daff51a54ecdad25ccfe29b64673a47e80c57f036de72e75dbc46777ad5e5b37,2028,m2:random_3_regular:n26:p3:g2028:a0,26,3,0
"[0.7853981633974483,0.7853981633974483,0.7853981633974483]",c8de3a6d3af36fb5e1e838753784e89e01e6a8d3905381414ec4e49a1448f7bf,"[[0,14],[0,19],[0,25],[1,4],[1,9],[1,20],[2,6],[2,10],[2,25],[3,14],[3,16],[3,21],[4,5],[4,19],[5,8],[5,13],[6,10],[6,17],[7,13],[7,20],[7,25],[8,11],[8,16],[9,12],[9,15],[10,24],[11,22],[11,23],[12,15],[12,23],[13,24],[14,18],[15,17],[16,18],[17,21],[18,22],[19,22],[20,21],[23,24]]","[1.5707963267948966,1.5707963267948966,1.5707963267948966]",random_3_regular,daff51a54ecdad25ccfe29b64673a47e80c57f036de72e75dbc46777ad5e5b37,2028,m2:random_3_regular:n26:p3:g2028:a1,26,3,1
"[0.39269908169872414,1.1780972450961724,1.1780972450961724]",e16f19a0477017098213b5b3c2dbefc26ebbf0ffe8d77ec4d406be22c0b140ab,"[[0,14],[0,19],[0,25],[1,4],[1,9],[1,20],[2,6],[2,10],[2,25],[3,14],[3,16],[3,21],[4,5],[4,19],[5,8],[5,13],[6,10],[6,17],[7,13],[7,20],[7,25],[8,11],[8,16],[9,12],[9,15],[10,24],[11,22],[11,23],[12,15],[12,23],[13,24],[14,18],[15,17],[16,18],[17,21],[18,22],[19,22],[20,21],[23,24]]","[2.356194490192345,0.7853981633974483,0.7853981633974483]",random_3_regular,daff51a54ecdad25ccfe29b64673a47e80c57f036de72e75dbc46777ad5e5b37,2028,m2:random_3_regular:n26:p3:g2028:a2,26,3,2
"[1.1780972450961724,0.39269908169872414,0.39269908169872414]",e18fd81fd82715348d9ec3bb533f841045c33b70e3888c1e3eae61b044a4125a,"[[0,14],[0,19],[0,25],[1,4],[1,9],[1,20],[2,6],[2,10],[2,25],[3,14],[3,16],[3,21],[4,5],[4,19],[5,8],[5,13],[6,10],[6,17],[7,13],[7,20],[7,25],[8,11],[8,16],[9,12],[9,15],[10,24],[11,22],[11,23],[12,15],[12,23],[13,24],[14,18],[15,17],[16,18],[17,21],[18,22],[19,22],[20,21],[23,24]]","[0.7853981633974483,2.356194490192345,2.356194490192345]",random_3_regular,daff51a54ecdad25ccfe29b64673a47e80c57f036de72e75dbc46777ad5e5b37,2028,m2:random_3_regular:n26:p3:g2028:a3,26,3,3
[0.0],6dd9bd19709571483f9dc778664e2c8b4fd70b24b338b32f423a66c09e955f2e,"[[0,2],[0,10],[0,13],[1,9],[1,12],[1,24],[2,12],[2,27],[3,4],[3,6],[3,27],[4,19],[4,26],[5,8],[5,21],[5,26],[6,7],[6,14],[7,18],[7,23],[8,9],[8,14],[9,27],[10,13],[10,19],[11,14],[11,16],[11,17],[12,15],[13,18],[15,20],[15,25],[16,20],[16,25],[17,21],[17,25],[18,22],[19,22],[20,23],[21,26],[22,24],[23,24]]",[0.0],random_3_regular,e5325c8ec5cc4b4c7fee4c78b46a4ad919cd090065bce2aaebc086f340f1767b,2026,m2:random_3_regular:n28:p1:g2026:a0,28,1,0
[0.7853981633974483],40c28bebcb11e38aaa05e79655beea2bb59e0403748b710271e769fdb7140e4e,"[[0,2],[0,10],[0,13],[1,9],[1,12],[1,24],[2,12],[2,27],[3,4],[3,6],[3,27],[4,19],[4,26],[5,8],[5,21],[5,26],[6,7],[6,14],[7,18],[7,23],[8,9],[8,14],[9,27],[10,13],[10,19],[11,14],[11,16],[11,17],[12,15],[13,18],[15,20],[15,25],[16,20],[16,25],[17,21],[17,25],[18,22],[19,22],[20,23],[21,26],[22,24],[23,24]]",[1.5707963267948966],random_3_regular,e5325c8ec5cc4b4c7fee4c78b46a4ad919cd090065bce2aaebc086f340f1767b,2026,m2:random_3_regular:n28:p1:g2026:a1,28,1,1
[0.39269908169872414],9c11a58611ad4c75e3ed7ae356ade4bed5154fda8b553116975ef79b492e4c53,"[[0,2],[0,10],[0,13],[1,9],[1,12],[1,24],[2,12],[2,27],[3,4],[3,6],[3,27],[4,19],[4,26],[5,8],[5,21],[5,26],[6,7],[6,14],[7,18],[7,23],[8,9],[8,14],[9,27],[10,13],[10,19],[11,14],[11,16],[11,17],[12,15],[13,18],[15,20],[15,25],[16,20],[16,25],[17,21],[17,25],[18,22],[19,22],[20,23],[21,26],[22,24],[23,24]]",[2.356194490192345],random_3_regular,e5325c8ec5cc4b4c7fee4c78b46a4ad919cd090065bce2aaebc086f340f1767b,2026,m2:random_3_regular:n28:p1:g2026:a2,28,1,2
[1.1780972450961724],2b2680d1420049038c3f1f536171419cbc83366c50ec3e3425351fcc957dc5ea,"[[0,2],[0,10],[0,13],[1,9],[1,12],[1,24],[2,12],[2,27],[3,4],[3,6],[3,27],[4,19],[4,26],[5,8],[5,21],[5,26],[6,7],[6,14],[7,18],[7,23],[8,9],[8,14],[9,27],[10,13],[10,19],[11,14],[11,16],[11,17],[12,15],[13,18],[15,20],[15,25],[16,20],[16,25],[17,21],[17,25],[18,22],[19,22],[20,23],[21,26],[22,24],[23,24]]",[0.7853981633974483],random_3_regular,e5325c8ec5cc4b4c7fee4c78b46a4ad919cd090065bce2aaebc086f340f1767b,2026,m2:random_3_regular:n28:p1:g2026:a3,28,1,3
[0.0],6acf853447b3422f95a7f0d845278024048766cd44928cf8e93974816a8f17a2,"[[0,3],[0,14],[0,18],[1,10],[1,11],[1,25],[2,4],[2,5],[2,16],[3,13],[3,20],[4,8],[4,20],[5,6],[5,15],[6,24],[6,27],[7,12],[7,22],[7,25],[8,9],[8,22],[9,11],[9,19],[10,15],[10,26],[11,20],[12,17],[12,27],[13,23],[13,24],[14,17],[14,27],[15,23],[16,19],[16,21],[17,26],[18,24],[18,26],[19,21],[21,25],[22,23]]",[0.0],random_3_regular,e27f807f7c1ac920d9cad91af0a55765f512368386a6b0d47c098648cbddc5cd,2027,m2:random_3_regular:n28:p1:g2027:a0,28,1,0
[0.7853981633974483],49b6e0ad3d3a1b247f87c38964c82a6ef14373f46d14cae262fd16b2682b6ce7,"[[0,3],[0,14],[0,18],[1,10],[1,11],[1,25],[2,4],[2,5],[2,16],[3,13],[3,20],[4,8],[4,20],[5,6],[5,15],[6,24],[6,27],[7,12],[7,22],[7,25],[8,9],[8,22],[9,11],[9,19],[10,15],[10,26],[11,20],[12,17],[12,27],[13,23],[13,24],[14,17],[14,27],[15,23],[16,19],[16,21],[17,26],[18,24],[18,26],[19,21],[21,25],[22,23]]",[1.5707963267948966],random_3_regular,e27f807f7c1ac920d9cad91af0a55765f512368386a6b0d47c098648cbddc5cd,2027,m2:random_3_regular:n28:p1:g2027:a1,28,1,1
[0.39269908169872414],7e846c58b70bfa004acdf08d61f60e8010394ac5fe387d4e050c6db29a8b8351,"[[0,3],[0,14],[0,18],[1,10],[1,11],[1,25],[2,4],[2,5],[2,16],[3,13],[3,20],[4,8],[4,20],[5,6],[5,15],[6,24],[6,27],[7,12],[7,22],[7,25],[8,9],[8,22],[9,11],[9,19],[10,15],[10,26],[11,20],[12,17],[12,27],[13,23],[13,24],[14,17],[14,27],[15,23],[16,19],[16,21],[17,26],[18,24],[18,26],[19,21],[21,25],[22,23]]",[2.356194490192345],random_3_regular,e27f807f7c1ac920d9cad91af0a55765f512368386a6b0d47c098648cbddc5cd,2027,m2:random_3_regular:n28:p1:g2027:a2,28,1,2
[1.1780972450961724],9fe1459a3fd6aecd19fa36e29080cce29e0bb4823fa60617e8fed19223394949,"[[0,3],[0,14],[0,18],[1,10],[1,11],[1,25],[2,4],[2,5],[2,16],[3,13],[3,20],[4,8],[4,20],[5,6],[5,15],[6,24],[6,27],[7,12],[7,22],[7,25],[8,9],[8,22],[9,11],[9,19],[10,15],[10,26],[11,20],[12,17],[12,27],[13,23],[13,24],[14,17],[14,27],[15,23],[16,19],[16,21],[17,26],[18,24],[18,26],[19,21],[21,25],[22,23]]",[0.7853981633974483],random_3_regular,e27f807f7c1ac920d9cad91af0a55765f512368386a6b0d47c098648cbddc5cd,2027,m2:random_3_regular:n28:p1:g2027:a3,28,1,3
[0.0],71ffc4128a36923bf463a5cf87da45b722cc7ed01c12cf0b5366fc83b609a88a,"[[0,4],[0,7],[0,14],[1,9],[1,10],[1,11],[2,5],[2,17],[2,26],[3,8],[3,17],[3,22],[4,11],[4,16],[5,24],[5,26],[6,19],[6,23],[6,25],[7,22],[7,27],[8,12],[8,14],[9,16],[9,20],[10,18],[10,23],[11,21],[12,13],[12,24],[13,20],[13,21],[14,19],[15,18],[15,23],[15,25],[16,25],[17,21],[18,24],[19,27],[20,22],[26,27]]",[0.0],random_3_regular,b157582166594fc17528d3556722e6467291dea6a3da01ddfaf5d49a24623a00,2028,m2:random_3_regular:n28:p1:g2028:a0,28,1,0
[0.7853981633974483],ff6e3240fb0e202d6d19dcb8208016dec9f64658ea13bf4a53f7cc2b0513b310,"[[0,4],[0,7],[0,14],[1,9],[1,10],[1,11],[2,5],[2,17],[2,26],[3,8],[3,17],[3,22],[4,11],[4,16],[5,24],[5,26],[6,19],[6,23],[6,25],[7,22],[7,27],[8,12],[8,14],[9,16],[9,20],[10,18],[10,23],[11,21],[12,13],[12,24],[13,20],[13,21],[14,19],[15,18],[15,23],[15,25],[16,25],[17,21],[18,24],[19,27],[20,22],[26,27]]",[1.5707963267948966],random_3_regular,b157582166594fc17528d3556722e6467291dea6a3da01ddfaf5d49a24623a00,2028,m2:random_3_regular:n28:p1:g2028:a1,28,1,1
[0.39269908169872414],0b1a7f13a2375b3ce293ee6069fb11080d153970b0b78fc468134a5587c6c84d,"[[0,4],[0,7],[0,14],[1,9],[1,10],[1,11],[2,5],[2,17],[2,26],[3,8],[3,17],[3,22],[4,11],[4,16],[5,24],[5,26],[6,19],[6,23],[6,25],[7,22],[7,27],[8,12],[8,14],[9,16],[9,20],[10,18],[10,23],[11,21],[12,13],[12,24],[13,20],[13,21],[14,19],[15,18],[15,23],[15,25],[16,25],[17,21],[18,24],[19,27],[20,22],[26,27]]",[2.356194490192345],random_3_regular,b157582166594fc17528d3556722e6467291dea6a3da01ddfaf5d49a24623a00,2028,m2:random_3_regular:n28:p1:g2028:a2,28,1,2
[1.1780972450961724],bea2a9db1deded1698348c76f75feabd4dd9a1f01398806ff9744c55289414b5,"[[0,4],[0,7],[0,14],[1,9],[1,10],[1,11],[2,5],[2,17],[2,26],[3,8],[3,17],[3,22],[4,11],[4,16],[5,24],[5,26],[6,19],[6,23],[6,25],[7,22],[7,27],[8,12],[8,14],[9,16],[9,20],[10,18],[10,23],[11,21],[12,13],[12,24],[13,20],[13,21],[14,19],[15,18],[15,23],[15,25],[16,25],[17,21],[18,24],[19,27],[20,22],[26,27]]",[0.7853981633974483],random_3_regular,b157582166594fc17528d3556722e6467291dea6a3da01ddfaf5d49a24623a00,2028,m2:random_3_regular:n28:p1:g2028:a3,28,1,3
"[0.0,0.0]",26024b57330fbb48cf53aedc63c57457a24ee5bb293a588520ede87e584417d3,"[[0,2],[0,10],[0,13],[1,9],[1,12],[1,24],[2,12],[2,27],[3,4],[3,6],[3,27],[4,19],[4,26],[5,8],[5,21],[5,26],[6,7],[6,14],[7,18],[7,23],[8,9],[8,14],[9,27],[10,13],[10,19],[11,14],[11,16],[11,17],[12,15],[13,18],[15,20],[15,25],[16,20],[16,25],[17,21],[17,25],[18,22],[19,22],[20,23],[21,26],[22,24],[23,24]]","[0.0,0.0]",random_3_regular,e5325c8ec5cc4b4c7fee4c78b46a4ad919cd090065bce2aaebc086f340f1767b,2026,m2:random_3_regular:n28:p2:g2026:a0,28,2,0
"[0.7853981633974483,0.7853981633974483]",a15fdb254ebac97790db52f37c7faae9cee265560183e814eb713d6d41beeeaa,"[[0,2],[0,10],[0,13],[1,9],[1,12],[1,24],[2,12],[2,27],[3,4],[3,6],[3,27],[4,19],[4,26],[5,8],[5,21],[5,26],[6,7],[6,14],[7,18],[7,23],[8,9],[8,14],[9,27],[10,13],[10,19],[11,14],[11,16],[11,17],[12,15],[13,18],[15,20],[15,25],[16,20],[16,25],[17,21],[17,25],[18,22],[19,22],[20,23],[21,26],[22,24],[23,24]]","[1.5707963267948966,1.5707963267948966]",random_3_regular,e5325c8ec5cc4b4c7fee4c78b46a4ad919cd090065bce2aaebc086f340f1767b,2026,m2:random_3_regular:n28:p2:g2026:a1,28,2,1
"[0.39269908169872414,1.1780972450961724]",95bb1ec3f06b8a6ff10d9fcb37e9f45f7359ec4a73b471a3f39a0ac1c4b3473a,"[[0,2],[0,10],[0,13],[1,9],[1,12],[1,24],[2,12],[2,27],[3,4],[3,6],[3,27],[4,19],[4,26],[5,8],[5,21],[5,26],[6,7],[6,14],[7,18],[7,23],[8,9],[8,14],[9,27],[10,13],[10,19],[11,14],[11,16],[11,17],[12,15],[13,18],[15,20],[15,25],[16,20],[16,25],[17,21],[17,25],[18,22],[19,22],[20,23],[21,26],[22,24],[23,24]]","[2.356194490192345,0.7853981633974483]",random_3_regular,e5325c8ec5cc4b4c7fee4c78b46a4ad919cd090065bce2aaebc086f340f1767b,2026,m2:random_3_regular:n28:p2:g2026:a2,28,2,2
"[1.1780972450961724,0.39269908169872414]",510bdcd5aeaf18dd76e188e0eff6702fa8b267879b31ae1922fb5f54dc632409,"[[0,2],[0,10],[0,13],[1,9],[1,12],[1,24],[2,12],[2,27],[3,4],[3,6],[3,27],[4,19],[4,26],[5,8],[5,21],[5,26],[6,7],[6,14],[7,18],[7,23],[8,9],[8,14],[9,27],[10,13],[10,19],[11,14],[11,16],[11,17],[12,15],[13,18],[15,20],[15,25],[16,20],[16,25],[17,21],[17,25],[18,22],[19,22],[20,23],[21,26],[22,24],[23,24]]","[0.7853981633974483,2.356194490192345]",random_3_regular,e5325c8ec5cc4b4c7fee4c78b46a4ad919cd090065bce2aaebc086f340f1767b,2026,m2:random_3_regular:n28:p2:g2026:a3,28,2,3
"[0.0,0.0]",d261276448b5b38f359b4b39483d6d23316c272e6c7cc8370c9cc312d59355a2,"[[0,3],[0,14],[0,18],[1,10],[1,11],[1,25],[2,4],[2,5],[2,16],[3,13],[3,20],[4,8],[4,20],[5,6],[5,15],[6,24],[6,27],[7,12],[7,22],[7,25],[8,9],[8,22],[9,11],[9,19],[10,15],[10,26],[11,20],[12,17],[12,27],[13,23],[13,24],[14,17],[14,27],[15,23],[16,19],[16,21],[17,26],[18,24],[18,26],[19,21],[21,25],[22,23]]","[0.0,0.0]",random_3_regular,e27f807f7c1ac920d9cad91af0a55765f512368386a6b0d47c098648cbddc5cd,2027,m2:random_3_regular:n28:p2:g2027:a0,28,2,0
"[0.7853981633974483,0.7853981633974483]",8109406323014bb10bf76b06d68518242b759e76e5dcc5d119e094f647043f49,"[[0,3],[0,14],[0,18],[1,10],[1,11],[1,25],[2,4],[2,5],[2,16],[3,13],[3,20],[4,8],[4,20],[5,6],[5,15],[6,24],[6,27],[7,12],[7,22],[7,25],[8,9],[8,22],[9,11],[9,19],[10,15],[10,26],[11,20],[12,17],[12,27],[13,23],[13,24],[14,17],[14,27],[15,23],[16,19],[16,21],[17,26],[18,24],[18,26],[19,21],[21,25],[22,23]]","[1.5707963267948966,1.5707963267948966]",random_3_regular,e27f807f7c1ac920d9cad91af0a55765f512368386a6b0d47c098648cbddc5cd,2027,m2:random_3_regular:n28:p2:g2027:a1,28,2,1
"[0.39269908169872414,1.1780972450961724]",1ee275826d2b2e4a6f9717d72da2dc8584becde7888f7daed0e3c9f3eb93683b,"[[0,3],[0,14],[0,18],[1,10],[1,11],[1,25],[2,4],[2,5],[2,16],[3,13],[3,20],[4,8],[4,20],[5,6],[5,15],[6,24],[6,27],[7,12],[7,22],[7,25],[8,9],[8,22],[9,11],[9,19],[10,15],[10,26],[11,20],[12,17],[12,27],[13,23],[13,24],[14,17],[14,27],[15,23],[16,19],[16,21],[17,26],[18,24],[18,26],[19,21],[21,25],[22,23]]","[2.356194490192345,0.7853981633974483]",random_3_regular,e27f807f7c1ac920d9cad91af0a55765f512368386a6b0d47c098648cbddc5cd,2027,m2:random_3_regular:n28:p2:g2027:a2,28,2,2
"[1.1780972450961724,0.39269908169872414]",6824c1b293f636b74f1ab8c1125fe72e2f67f5c880213d006988f83be4454f3f,"[[0,3],[0,14],[0,18],[1,10],[1,11],[1,25],[2,4],[2,5],[2,16],[3,13],[3,20],[4,8],[4,20],[5,6],[5,15],[6,24],[6,27],[7,12],[7,22],[7,25],[8,9],[8,22],[9,11],[9,19],[10,15],[10,26],[11,20],[12,17],[12,27],[13,23],[13,24],[14,17],[14,27],[15,23],[16,19],[16,21],[17,26],[18,24],[18,26],[19,21],[21,25],[22,23]]","[0.7853981633974483,2.356194490192345]",random_3_regular,e27f807f7c1ac920d9cad91af0a55765f512368386a6b0d47c098648cbddc5cd,2027,m2:random_3_regular:n28:p2:g2027:a3,28,2,3
"[0.0,0.0]",0181646bcad17031db490779070f845a886940edfba523bc8027b847c2d36552,"[[0,4],[0,7],[0,14],[1,9],[1,10],[1,11],[2,5],[2,17],[2,26],[3,8],[3,17],[3,22],[4,11],[4,16],[5,24],[5,26],[6,19],[6,23],[6,25],[7,22],[7,27],[8,12],[8,14],[9,16],[9,20],[10,18],[10,23],[11,21],[12,13],[12,24],[13,20],[13,21],[14,19],[15,18],[15,23],[15,25],[16,25],[17,21],[18,24],[19,27],[20,22],[26,27]]","[0.0,0.0]",random_3_regular,b157582166594fc17528d3556722e6467291dea6a3da01ddfaf5d49a24623a00,2028,m2:random_3_regular:n28:p2:g2028:a0,28,2,0
"[0.7853981633974483,0.7853981633974483]",bcff73729d7c354644edd0087c8b6178f1aa553aad7dc3587225f2174b9e1bde,"[[0,4],[0,7],[0,14],[1,9],[1,10],[1,11],[2,5],[2,17],[2,26],[3,8],[3,17],[3,22],[4,11],[4,16],[5,24],[5,26],[6,19],[6,23],[6,25],[7,22],[7,27],[8,12],[8,14],[9,16],[9,20],[10,18],[10,23],[11,21],[12,13],[12,24],[13,20],[13,21],[14,19],[15,18],[15,23],[15,25],[16,25],[17,21],[18,24],[19,27],[20,22],[26,27]]","[1.5707963267948966,1.5707963267948966]",random_3_regular,b157582166594fc17528d3556722e6467291dea6a3da01ddfaf5d49a24623a00,2028,m2:random_3_regular:n28:p2:g2028:a1,28,2,1
"[0.39269908169872414,1.1780972450961724]",190c567146cbc83ccd9561026a0b2c24f4c088745e1231989ad2f9fe701316cd,"[[0,4],[0,7],[0,14],[1,9],[1,10],[1,11],[2,5],[2,17],[2,26],[3,8],[3,17],[3,22],[4,11],[4,16],[5,24],[5,26],[6,19],[6,23],[6,25],[7,22],[7,27],[8,12],[8,14],[9,16],[9,20],[10,18],[10,23],[11,21],[12,13],[12,24],[13,20],[13,21],[14,19],[15,18],[15,23],[15,25],[16,25],[17,21],[18,24],[19,27],[20,22],[26,27]]","[2.356194490192345,0.7853981633974483]",random_3_regular,b157582166594fc17528d3556722e6467291dea6a3da01ddfaf5d49a24623a00,2028,m2:random_3_regular:n28:p2:g2028:a2,28,2,2
"[1.1780972450961724,0.39269908169872414]",917472f9cc2435a0ff12b6d81e24c838a592eb6128705c7fa50a983e676b5067,"[[0,4],[0,7],[0,14],[1,9],[1,10],[1,11],[2,5],[2,17],[2,26],[3,8],[3,17],[3,22],[4,11],[4,16],[5,24],[5,26],[6,19],[6,23],[6,25],[7,22],[7,27],[8,12],[8,14],[9,16],[9,20],[10,18],[10,23],[11,21],[12,13],[12,24],[13,20],[13,21],[14,19],[15,18],[15,23],[15,25],[16,25],[17,21],[18,24],[19,27],[20,22],[26,27]]","[0.7853981633974483,2.356194490192345]",random_3_regular,b157582166594fc17528d3556722e6467291dea6a3da01ddfaf5d49a24623a00,2028,m2:random_3_regular:n28:p2:g2028:a3,28,2,3
"[0.0,0.0,0.0]",fcc6db2ceebcec2d1dd4c8a973e13f045f09b791cfd6551f64d4eb325282328e,"[[0,2],[0,10],[0,13],[1,9],[1,12],[1,24],[2,12],[2,27],[3,4],[3,6],[3,27],[4,19],[4,26],[5,8],[5,21],[5,26],[6,7],[6,14],[7,18],[7,23],[8,9],[8,14],[9,27],[10,13],[10,19],[11,14],[11,16],[11,17],[12,15],[13,18],[15,20],[15,25],[16,20],[16,25],[17,21],[17,25],[18,22],[19,22],[20,23],[21,26],[22,24],[23,24]]","[0.0,0.0,0.0]",random_3_regular,e5325c8ec5cc4b4c7fee4c78b46a4ad919cd090065bce2aaebc086f340f1767b,2026,m2:random_3_regular:n28:p3:g2026:a0,28,3,0
"[0.7853981633974483,0.7853981633974483,0.7853981633974483]",290454170b543449a0919c81fe4d44d35db3f41ff4bf2fddcbe9baf73042c9b6,"[[0,2],[0,10],[0,13],[1,9],[1,12],[1,24],[2,12],[2,27],[3,4],[3,6],[3,27],[4,19],[4,26],[5,8],[5,21],[5,26],[6,7],[6,14],[7,18],[7,23],[8,9],[8,14],[9,27],[10,13],[10,19],[11,14],[11,16],[11,17],[12,15],[13,18],[15,20],[15,25],[16,20],[16,25],[17,21],[17,25],[18,22],[19,22],[20,23],[21,26],[22,24],[23,24]]","[1.5707963267948966,1.5707963267948966,1.5707963267948966]",random_3_regular,e5325c8ec5cc4b4c7fee4c78b46a4ad919cd090065bce2aaebc086f340f1767b,2026,m2:random_3_regular:n28:p3:g2026:a1,28,3,1
"[0.39269908169872414,1.1780972450961724,1.1780972450961724]",94876900f241603162a04739b30db7621a1509619ef7168448e8d35c895cf082,"[[0,2],[0,10],[0,13],[1,9],[1,12],[1,24],[2,12],[2,27],[3,4],[3,6],[3,27],[4,19],[4,26],[5,8],[5,21],[5,26],[6,7],[6,14],[7,18],[7,23],[8,9],[8,14],[9,27],[10,13],[10,19],[11,14],[11,16],[11,17],[12,15],[13,18],[15,20],[15,25],[16,20],[16,25],[17,21],[17,25],[18,22],[19,22],[20,23],[21,26],[22,24],[23,24]]","[2.356194490192345,0.7853981633974483,0.7853981633974483]",random_3_regular,e5325c8ec5cc4b4c7fee4c78b46a4ad919cd090065bce2aaebc086f340f1767b,2026,m2:random_3_regular:n28:p3:g2026:a2,28,3,2
"[1.1780972450961724,0.39269908169872414,0.39269908169872414]",c0560bf18d27467ae4d5e400c5eeb9d92320fabe33ee4cea74ff25ff77592465,"[[0,2],[0,10],[0,13],[1,9],[1,12],[1,24],[2,12],[2,27],[3,4],[3,6],[3,27],[4,19],[4,26],[5,8],[5,21],[5,26],[6,7],[6,14],[7,18],[7,23],[8,9],[8,14],[9,27],[10,13],[10,19],[11,14],[11,16],[11,17],[12,15],[13,18],[15,20],[15,25],[16,20],[16,25],[17,21],[17,25],[18,22],[19,22],[20,23],[21,26],[22,24],[23,24]]","[0.7853981633974483,2.356194490192345,2.356194490192345]",random_3_regular,e5325c8ec5cc4b4c7fee4c78b46a4ad919cd090065bce2aaebc086f340f1767b,2026,m2:random_3_regular:n28:p3:g2026:a3,28,3,3
"[0.0,0.0,0.0]",bac0329ab9edcd91bb310320cb7e2732f5249f088f6086a73a62b3a47ceb2eed,"[[0,3],[0,14],[0,18],[1,10],[1,11],[1,25],[2,4],[2,5],[2,16],[3,13],[3,20],[4,8],[4,20],[5,6],[5,15],[6,24],[6,27],[7,12],[7,22],[7,25],[8,9],[8,22],[9,11],[9,19],[10,15],[10,26],[11,20],[12,17],[12,27],[13,23],[13,24],[14,17],[14,27],[15,23],[16,19],[16,21],[17,26],[18,24],[18,26],[19,21],[21,25],[22,23]]","[0.0,0.0,0.0]",random_3_regular,e27f807f7c1ac920d9cad91af0a55765f512368386a6b0d47c098648cbddc5cd,2027,m2:random_3_regular:n28:p3:g2027:a0,28,3,0
"[0.7853981633974483,0.7853981633974483,0.7853981633974483]",a9af29958eb6b71b4369da34717211ee27a65c6ae4e7050d4bd6dc129b7e548f,"[[0,3],[0,14],[0,18],[1,10],[1,11],[1,25],[2,4],[2,5],[2,16],[3,13],[3,20],[4,8],[4,20],[5,6],[5,15],[6,24],[6,27],[7,12],[7,22],[7,25],[8,9],[8,22],[9,11],[9,19],[10,15],[10,26],[11,20],[12,17],[12,27],[13,23],[13,24],[14,17],[14,27],[15,23],[16,19],[16,21],[17,26],[18,24],[18,26],[19,21],[21,25],[22,23]]","[1.5707963267948966,1.5707963267948966,1.5707963267948966]",random_3_regular,e27f807f7c1ac920d9cad91af0a55765f512368386a6b0d47c098648cbddc5cd,2027,m2:random_3_regular:n28:p3:g2027:a1,28,3,1
"[0.39269908169872414,1.1780972450961724,1.1780972450961724]",5c3a17d1b4bacb8dd7a718488eeb5f546b8db408688cac7134c283b47d8ed49e,"[[0,3],[0,14],[0,18],[1,10],[1,11],[1,25],[2,4],[2,5],[2,16],[3,13],[3,20],[4,8],[4,20],[5,6],[5,15],[6,24],[6,27],[7,12],[7,22],[7,25],[8,9],[8,22],[9,11],[9,19],[10,15],[10,26],[11,20],[12,17],[12,27],[13,23],[13,24],[14,17],[14,27],[15,23],[16,19],[16,21],[17,26],[18,24],[18,26],[19,21],[21,25],[22,23]]","[2.356194490192345,0.7853981633974483,0.7853981633974483]",random_3_regular,e27f807f7c1ac920d9cad91af0a55765f512368386a6b0d47c098648cbddc5cd,2027,m2:random_3_regular:n28:p3:g2027:a2,28,3,2
"[1.1780972450961724,0.39269908169872414,0.39269908169872414]",5417a0a1c61c6357b475b433fc661e7edabbe58bfaec3828bd064fb1320ad4cc,"[[0,3],[0,14],[0,18],[1,10],[1,11],[1,25],[2,4],[2,5],[2,16],[3,13],[3,20],[4,8],[4,20],[5,6],[5,15],[6,24],[6,27],[7,12],[7,22],[7,25],[8,9],[8,22],[9,11],[9,19],[10,15],[10,26],[11,20],[12,17],[12,27],[13,23],[13,24],[14,17],[14,27],[15,23],[16,19],[16,21],[17,26],[18,24],[18,26],[19,21],[21,25],[22,23]]","[0.7853981633974483,2.356194490192345,2.356194490192345]",random_3_regular,e27f807f7c1ac920d9cad91af0a55765f512368386a6b0d47c098648cbddc5cd,2027,m2:random_3_regular:n28:p3:g2027:a3,28,3,3
"[0.0,0.0,0.0]",1dc6d9995a54807107b702ba28ab1936127edf324640838535ccb6f49f9a7deb,"[[0,4],[0,7],[0,14],[1,9],[1,10],[1,11],[2,5],[2,17],[2,26],[3,8],[3,17],[3,22],[4,11],[4,16],[5,24],[5,26],[6,19],[6,23],[6,25],[7,22],[7,27],[8,12],[8,14],[9,16],[9,20],[10,18],[10,23],[11,21],[12,13],[12,24],[13,20],[13,21],[14,19],[15,18],[15,23],[15,25],[16,25],[17,21],[18,24],[19,27],[20,22],[26,27]]","[0.0,0.0,0.0]",random_3_regular,b157582166594fc17528d3556722e6467291dea6a3da01ddfaf5d49a24623a00,2028,m2:random_3_regular:n28:p3:g2028:a0,28,3,0
"[0.7853981633974483,0.7853981633974483,0.7853981633974483]",fe669c8de79c123eb82c359498d741ffe3d9bb3243f4345e3b03e5c5185203bc,"[[0,4],[0,7],[0,14],[1,9],[1,10],[1,11],[2,5],[2,17],[2,26],[3,8],[3,17],[3,22],[4,11],[4,16],[5,24],[5,26],[6,19],[6,23],[6,25],[7,22],[7,27],[8,12],[8,14],[9,16],[9,20],[10,18],[10,23],[11,21],[12,13],[12,24],[13,20],[13,21],[14,19],[15,18],[15,23],[15,25],[16,25],[17,21],[18,24],[19,27],[20,22],[26,27]]","[1.5707963267948966,1.5707963267948966,1.5707963267948966]",random_3_regular,b157582166594fc17528d3556722e6467291dea6a3da01ddfaf5d49a24623a00,2028,m2:random_3_regular:n28:p3:g2028:a1,28,3,1
"[0.39269908169872414,1.1780972450961724,1.1780972450961724]",8feab680baedb459b3351f708d7f80b2588423c1933a83aefb65adc085300bfd,"[[0,4],[0,7],[0,14],[1,9],[1,10],[1,11],[2,5],[2,17],[2,26],[3,8],[3,17],[3,22],[4,11],[4,16],[5,24],[5,26],[6,19],[6,23],[6,25],[7,22],[7,27],[8,12],[8,14],[9,16],[9,20],[10,18],[10,23],[11,21],[12,13],[12,24],[13,20],[13,21],[14,19],[15,18],[15,23],[15,25],[16,25],[17,21],[18,24],[19,27],[20,22],[26,27]]","[2.356194490192345,0.7853981633974483,0.7853981633974483]",random_3_regular,b157582166594fc17528d3556722e6467291dea6a3da01ddfaf5d49a24623a00,2028,m2:random_3_regular:n28:p3:g2028:a2,28,3,2
"[1.1780972450961724,0.39269908169872414,0.39269908169872414]",5e21538cf29f7b1a99b2b0fed38530fcbc534624aa0e54835fd3d7be3022abec,"[[0,4],[0,7],[0,14],[1,9],[1,10],[1,11],[2,5],[2,17],[2,26],[3,8],[3,17],[3,22],[4,11],[4,16],[5,24],[5,26],[6,19],[6,23],[6,25],[7,22],[7,27],[8,12],[8,14],[9,16],[9,20],[10,18],[10,23],[11,21],[12,13],[12,24],[13,20],[13,21],[14,19],[15,18],[15,23],[15,25],[16,25],[17,21],[18,24],[19,27],[20,22],[26,27]]","[0.7853981633974483,2.356194490192345,2.356194490192345]",random_3_regular,b157582166594fc17528d3556722e6467291dea6a3da01ddfaf5d49a24623a00,2028,m2:random_3_regular:n28:p3:g2028:a3,28,3,3
[0.0],93a9b93a21d658bd2fdb9d2ba88e4397c7a6fccc663078cf1c813377a88ffb08,"[[0,3],[0,4],[0,14],[1,9],[1,19],[1,23],[2,8],[2,28],[2,29],[3,20],[3,24],[4,15],[4,29],[5,10],[5,16],[5,22],[6,10],[6,15],[6,22],[7,13],[7,18],[7,26],[8,13],[8,25],[9,11],[9,20],[10,29],[11,12],[11,25],[12,16],[12,26],[13,20],[14,21],[14,23],[15,23],[16,28],[17,24],[17,26],[17,27],[18,22],[18,24],[19,21],[19,27],[21,25],[27,28]]",[0.0],random_3_regular,5208da8fcbd40a5ec3e8a1f65874f1b196787a203b5b42c8ffb885bd4abbdd34,2026,m2:random_3_regular:n30:p1:g2026:a0,30,1,0
[0.7853981633974483],e98e975bc32fed63f0113bdddabfd91195e3b359b3973e78a15673119efe2799,"[[0,3],[0,4],[0,14],[1,9],[1,19],[1,23],[2,8],[2,28],[2,29],[3,20],[3,24],[4,15],[4,29],[5,10],[5,16],[5,22],[6,10],[6,15],[6,22],[7,13],[7,18],[7,26],[8,13],[8,25],[9,11],[9,20],[10,29],[11,12],[11,25],[12,16],[12,26],[13,20],[14,21],[14,23],[15,23],[16,28],[17,24],[17,26],[17,27],[18,22],[18,24],[19,21],[19,27],[21,25],[27,28]]",[1.5707963267948966],random_3_regular,5208da8fcbd40a5ec3e8a1f65874f1b196787a203b5b42c8ffb885bd4abbdd34,2026,m2:random_3_regular:n30:p1:g2026:a1,30,1,1
[0.39269908169872414],09e47b75c482137d5843d02ed6091a11ae0d4504f85ebe56f0b8cd9c4765538c,"[[0,3],[0,4],[0,14],[1,9],[1,19],[1,23],[2,8],[2,28],[2,29],[3,20],[3,24],[4,15],[4,29],[5,10],[5,16],[5,22],[6,10],[6,15],[6,22],[7,13],[7,18],[7,26],[8,13],[8,25],[9,11],[9,20],[10,29],[11,12],[11,25],[12,16],[12,26],[13,20],[14,21],[14,23],[15,23],[16,28],[17,24],[17,26],[17,27],[18,22],[18,24],[19,21],[19,27],[21,25],[27,28]]",[2.356194490192345],random_3_regular,5208da8fcbd40a5ec3e8a1f65874f1b196787a203b5b42c8ffb885bd4abbdd34,2026,m2:random_3_regular:n30:p1:g2026:a2,30,1,2
[1.1780972450961724],eb0455e6ab852d01d26e106d5513b7d860578ea1c0df8e08174140fd6d9fdbfa,"[[0,3],[0,4],[0,14],[1,9],[1,19],[1,23],[2,8],[2,28],[2,29],[3,20],[3,24],[4,15],[4,29],[5,10],[5,16],[5,22],[6,10],[6,15],[6,22],[7,13],[7,18],[7,26],[8,13],[8,25],[9,11],[9,20],[10,29],[11,12],[11,25],[12,16],[12,26],[13,20],[14,21],[14,23],[15,23],[16,28],[17,24],[17,26],[17,27],[18,22],[18,24],[19,21],[19,27],[21,25],[27,28]]",[0.7853981633974483],random_3_regular,5208da8fcbd40a5ec3e8a1f65874f1b196787a203b5b42c8ffb885bd4abbdd34,2026,m2:random_3_regular:n30:p1:g2026:a3,30,1,3
[0.0],685d8753a9ef10c0ca61e62fa6eec72554610f1e7177f5a530fd34ef9aa40ec8,"[[0,11],[0,14],[0,24],[1,3],[1,20],[1,23],[2,14],[2,16],[2,25],[3,4],[3,8],[4,19],[4,26],[5,7],[5,13],[5,29],[6,9],[6,17],[6,22],[7,11],[7,12],[8,13],[8,19],[9,10],[9,21],[10,18],[10,23],[11,28],[12,21],[12,26],[13,15],[14,21],[15,16],[15,27],[16,27],[17,20],[17,28],[18,23],[18,24],[19,25],[20,29],[22,28],[22,29],[24,27],[25,26]]",[0.0],random_3_regular,b6648a1e8cb67d1fb9e44dc0f3942a5b09a68de7b8b29108703e6356b0f16b9b,2027,m2:random_3_regular:n30:p1:g2027:a0,30,1,0
[0.7853981633974483],9a8c9a5bc1ca98ae04b243739aa04c219c0f8b3a0bcb5fa7f45b0518459b634a,"[[0,11],[0,14],[0,24],[1,3],[1,20],[1,23],[2,14],[2,16],[2,25],[3,4],[3,8],[4,19],[4,26],[5,7],[5,13],[5,29],[6,9],[6,17],[6,22],[7,11],[7,12],[8,13],[8,19],[9,10],[9,21],[10,18],[10,23],[11,28],[12,21],[12,26],[13,15],[14,21],[15,16],[15,27],[16,27],[17,20],[17,28],[18,23],[18,24],[19,25],[20,29],[22,28],[22,29],[24,27],[25,26]]",[1.5707963267948966],random_3_regular,b6648a1e8cb67d1fb9e44dc0f3942a5b09a68de7b8b29108703e6356b0f16b9b,2027,m2:random_3_regular:n30:p1:g2027:a1,30,1,1
[0.39269908169872414],b4fc017ff666ffa27b0fe4bb5ec491ae575e69a14baf1d41d62996ab9658b5da,"[[0,11],[0,14],[0,24],[1,3],[1,20],[1,23],[2,14],[2,16],[2,25],[3,4],[3,8],[4,19],[4,26],[5,7],[5,13],[5,29],[6,9],[6,17],[6,22],[7,11],[7,12],[8,13],[8,19],[9,10],[9,21],[10,18],[10,23],[11,28],[12,21],[12,26],[13,15],[14,21],[15,16],[15,27],[16,27],[17,20],[17,28],[18,23],[18,24],[19,25],[20,29],[22,28],[22,29],[24,27],[25,26]]",[2.356194490192345],random_3_regular,b6648a1e8cb67d1fb9e44dc0f3942a5b09a68de7b8b29108703e6356b0f16b9b,2027,m2:random_3_regular:n30:p1:g2027:a2,30,1,2
[1.1780972450961724],dd6da8d5e6e8972951118d5c9e9be4074f999833465d7da3591184553eabcaad,"[[0,11],[0,14],[0,24],[1,3],[1,20],[1,23],[2,14],[2,16],[2,25],[3,4],[3,8],[4,19],[4,26],[5,7],[5,13],[5,29],[6,9],[6,17],[6,22],[7,11],[7,12],[8,13],[8,19],[9,10],[9,21],[10,18],[10,23],[11,28],[12,21],[12,26],[13,15],[14,21],[15,16],[15,27],[16,27],[17,20],[17,28],[18,23],[18,24],[19,25],[20,29],[22,28],[22,29],[24,27],[25,26]]",[0.7853981633974483],random_3_regular,b6648a1e8cb67d1fb9e44dc0f3942a5b09a68de7b8b29108703e6356b0f16b9b,2027,m2:random_3_regular:n30:p1:g2027:a3,30,1,3
[0.0],e844c241275e13e1adc885095b696b53f722d19d96a0f69d2931224cb3654e38,"[[0,8],[0,12],[0,18],[1,10],[1,17],[1,20],[2,4],[2,13],[2,29],[3,5],[3,16],[3,17],[4,27],[4,28],[5,12],[5,16],[6,10],[6,22],[6,28],[7,16],[7,25],[7,29],[8,13],[8,21],[9,11],[9,23],[9,24],[10,14],[11,22],[11,23],[12,24],[13,26],[14,24],[14,26],[15,17],[15,21],[15,22],[18,19],[18,25],[19,20],[19,27],[20,27],[21,28],[23,26],[25,29]]",[0.0],random_3_regular,4d6d348f1b15beb5d81334672416d05746ca8244d47831716826de0a6b36f57f,2028,m2:random_3_regular:n30:p1:g2028:a0,30,1,0
[0.7853981633974483],344ae169512b72964cd4d4f675b7a94aef4ebf58653a389b0d000d49c9bc7027,"[[0,8],[0,12],[0,18],[1,10],[1,17],[1,20],[2,4],[2,13],[2,29],[3,5],[3,16],[3,17],[4,27],[4,28],[5,12],[5,16],[6,10],[6,22],[6,28],[7,16],[7,25],[7,29],[8,13],[8,21],[9,11],[9,23],[9,24],[10,14],[11,22],[11,23],[12,24],[13,26],[14,24],[14,26],[15,17],[15,21],[15,22],[18,19],[18,25],[19,20],[19,27],[20,27],[21,28],[23,26],[25,29]]",[1.5707963267948966],random_3_regular,4d6d348f1b15beb5d81334672416d05746ca8244d47831716826de0a6b36f57f,2028,m2:random_3_regular:n30:p1:g2028:a1,30,1,1
[0.39269908169872414],5925dc6a4df13ed00553c7462e771a17c14e023cf02c4056401bb0ebcafa7916,"[[0,8],[0,12],[0,18],[1,10],[1,17],[1,20],[2,4],[2,13],[2,29],[3,5],[3,16],[3,17],[4,27],[4,28],[5,12],[5,16],[6,10],[6,22],[6,28],[7,16],[7,25],[7,29],[8,13],[8,21],[9,11],[9,23],[9,24],[10,14],[11,22],[11,23],[12,24],[13,26],[14,24],[14,26],[15,17],[15,21],[15,22],[18,19],[18,25],[19,20],[19,27],[20,27],[21,28],[23,26],[25,29]]",[2.356194490192345],random_3_regular,4d6d348f1b15beb5d81334672416d05746ca8244d47831716826de0a6b36f57f,2028,m2:random_3_regular:n30:p1:g2028:a2,30,1,2
[1.1780972450961724],f242561d3dd0ae7e770e243c0d656ddeb2ce36b9755c18c671c174a02061a2c4,"[[0,8],[0,12],[0,18],[1,10],[1,17],[1,20],[2,4],[2,13],[2,29],[3,5],[3,16],[3,17],[4,27],[4,28],[5,12],[5,16],[6,10],[6,22],[6,28],[7,16],[7,25],[7,29],[8,13],[8,21],[9,11],[9,23],[9,24],[10,14],[11,22],[11,23],[12,24],[13,26],[14,24],[14,26],[15,17],[15,21],[15,22],[18,19],[18,25],[19,20],[19,27],[20,27],[21,28],[23,26],[25,29]]",[0.7853981633974483],random_3_regular,4d6d348f1b15beb5d81334672416d05746ca8244d47831716826de0a6b36f57f,2028,m2:random_3_regular:n30:p1:g2028:a3,30,1,3
"[0.0,0.0]",4b7c361ede36cdca97b6a8bbb5a56bdf8701021424d813c815eb7ef03e39c087,"[[0,3],[0,4],[0,14],[1,9],[1,19],[1,23],[2,8],[2,28],[2,29],[3,20],[3,24],[4,15],[4,29],[5,10],[5,16],[5,22],[6,10],[6,15],[6,22],[7,13],[7,18],[7,26],[8,13],[8,25],[9,11],[9,20],[10,29],[11,12],[11,25],[12,16],[12,26],[13,20],[14,21],[14,23],[15,23],[16,28],[17,24],[17,26],[17,27],[18,22],[18,24],[19,21],[19,27],[21,25],[27,28]]","[0.0,0.0]",random_3_regular,5208da8fcbd40a5ec3e8a1f65874f1b196787a203b5b42c8ffb885bd4abbdd34,2026,m2:random_3_regular:n30:p2:g2026:a0,30,2,0
"[0.7853981633974483,0.7853981633974483]",2fb6300291a11c88e17affb42555a099e9bbb60172e11ef4c629762faa7abfc3,"[[0,3],[0,4],[0,14],[1,9],[1,19],[1,23],[2,8],[2,28],[2,29],[3,20],[3,24],[4,15],[4,29],[5,10],[5,16],[5,22],[6,10],[6,15],[6,22],[7,13],[7,18],[7,26],[8,13],[8,25],[9,11],[9,20],[10,29],[11,12],[11,25],[12,16],[12,26],[13,20],[14,21],[14,23],[15,23],[16,28],[17,24],[17,26],[17,27],[18,22],[18,24],[19,21],[19,27],[21,25],[27,28]]","[1.5707963267948966,1.5707963267948966]",random_3_regular,5208da8fcbd40a5ec3e8a1f65874f1b196787a203b5b42c8ffb885bd4abbdd34,2026,m2:random_3_regular:n30:p2:g2026:a1,30,2,1
"[0.39269908169872414,1.1780972450961724]",422325ba2265ee94787b7e1054ee5e339da135708124e126550a15db71dc7871,"[[0,3],[0,4],[0,14],[1,9],[1,19],[1,23],[2,8],[2,28],[2,29],[3,20],[3,24],[4,15],[4,29],[5,10],[5,16],[5,22],[6,10],[6,15],[6,22],[7,13],[7,18],[7,26],[8,13],[8,25],[9,11],[9,20],[10,29],[11,12],[11,25],[12,16],[12,26],[13,20],[14,21],[14,23],[15,23],[16,28],[17,24],[17,26],[17,27],[18,22],[18,24],[19,21],[19,27],[21,25],[27,28]]","[2.356194490192345,0.7853981633974483]",random_3_regular,5208da8fcbd40a5ec3e8a1f65874f1b196787a203b5b42c8ffb885bd4abbdd34,2026,m2:random_3_regular:n30:p2:g2026:a2,30,2,2
"[1.1780972450961724,0.39269908169872414]",bd96386113ecfc96e8f948910ff7613a22e035322c0be9283a9ebfe62a793a09,"[[0,3],[0,4],[0,14],[1,9],[1,19],[1,23],[2,8],[2,28],[2,29],[3,20],[3,24],[4,15],[4,29],[5,10],[5,16],[5,22],[6,10],[6,15],[6,22],[7,13],[7,18],[7,26],[8,13],[8,25],[9,11],[9,20],[10,29],[11,12],[11,25],[12,16],[12,26],[13,20],[14,21],[14,23],[15,23],[16,28],[17,24],[17,26],[17,27],[18,22],[18,24],[19,21],[19,27],[21,25],[27,28]]","[0.7853981633974483,2.356194490192345]",random_3_regular,5208da8fcbd40a5ec3e8a1f65874f1b196787a203b5b42c8ffb885bd4abbdd34,2026,m2:random_3_regular:n30:p2:g2026:a3,30,2,3
"[0.0,0.0]",1f56916617cae5180b6d69bcb36ccba0178402ee83a9b6c30f76cb0e5996d40b,"[[0,11],[0,14],[0,24],[1,3],[1,20],[1,23],[2,14],[2,16],[2,25],[3,4],[3,8],[4,19],[4,26],[5,7],[5,13],[5,29],[6,9],[6,17],[6,22],[7,11],[7,12],[8,13],[8,19],[9,10],[9,21],[10,18],[10,23],[11,28],[12,21],[12,26],[13,15],[14,21],[15,16],[15,27],[16,27],[17,20],[17,28],[18,23],[18,24],[19,25],[20,29],[22,28],[22,29],[24,27],[25,26]]","[0.0,0.0]",random_3_regular,b6648a1e8cb67d1fb9e44dc0f3942a5b09a68de7b8b29108703e6356b0f16b9b,2027,m2:random_3_regular:n30:p2:g2027:a0,30,2,0
"[0.7853981633974483,0.7853981633974483]",330f67b2597c4d63614c23123f099f730d2ec4ba37680f2adeb0909165f2e3ac,"[[0,11],[0,14],[0,24],[1,3],[1,20],[1,23],[2,14],[2,16],[2,25],[3,4],[3,8],[4,19],[4,26],[5,7],[5,13],[5,29],[6,9],[6,17],[6,22],[7,11],[7,12],[8,13],[8,19],[9,10],[9,21],[10,18],[10,23],[11,28],[12,21],[12,26],[13,15],[14,21],[15,16],[15,27],[16,27],[17,20],[17,28],[18,23],[18,24],[19,25],[20,29],[22,28],[22,29],[24,27],[25,26]]","[1.5707963267948966,1.5707963267948966]",random_3_regular,b6648a1e8cb67d1fb9e44dc0f3942a5b09a68de7b8b29108703e6356b0f16b9b,2027,m2:random_3_regular:n30:p2:g2027:a1,30,2,1
"[0.39269908169872414,1.1780972450961724]",ac372285f80201749f8ff3edac9f30f0aca7420ca953fd14567ca6cb9d288cb6,"[[0,11],[0,14],[0,24],[1,3],[1,20],[1,23],[2,14],[2,16],[2,25],[3,4],[3,8],[4,19],[4,26],[5,7],[5,13],[5,29],[6,9],[6,17],[6,22],[7,11],[7,12],[8,13],[8,19],[9,10],[9,21],[10,18],[10,23],[11,28],[12,21],[12,26],[13,15],[14,21],[15,16],[15,27],[16,27],[17,20],[17,28],[18,23],[18,24],[19,25],[20,29],[22,28],[22,29],[24,27],[25,26]]","[2.356194490192345,0.7853981633974483]",random_3_regular,b6648a1e8cb67d1fb9e44dc0f3942a5b09a68de7b8b29108703e6356b0f16b9b,2027,m2:random_3_regular:n30:p2:g2027:a2,30,2,2
"[1.1780972450961724,0.39269908169872414]",39db7dc35dc30febdc3ae3a5ae1caa68074632b963c7534a4357ab2f389d9c69,"[[0,11],[0,14],[0,24],[1,3],[1,20],[1,23],[2,14],[2,16],[2,25],[3,4],[3,8],[4,19],[4,26],[5,7],[5,13],[5,29],[6,9],[6,17],[6,22],[7,11],[7,12],[8,13],[8,19],[9,10],[9,21],[10,18],[10,23],[11,28],[12,21],[12,26],[13,15],[14,21],[15,16],[15,27],[16,27],[17,20],[17,28],[18,23],[18,24],[19,25],[20,29],[22,28],[22,29],[24,27],[25,26]]","[0.7853981633974483,2.356194490192345]",random_3_regular,b6648a1e8cb67d1fb9e44dc0f3942a5b09a68de7b8b29108703e6356b0f16b9b,2027,m2:random_3_regular:n30:p2:g2027:a3,30,2,3
"[0.0,0.0]",c0d7ae542823d29b960f499539eae33bf260e9c74950ef3995259b076c64bcc7,"[[0,8],[0,12],[0,18],[1,10],[1,17],[1,20],[2,4],[2,13],[2,29],[3,5],[3,16],[3,17],[4,27],[4,28],[5,12],[5,16],[6,10],[6,22],[6,28],[7,16],[7,25],[7,29],[8,13],[8,21],[9,11],[9,23],[9,24],[10,14],[11,22],[11,23],[12,24],[13,26],[14,24],[14,26],[15,17],[15,21],[15,22],[18,19],[18,25],[19,20],[19,27],[20,27],[21,28],[23,26],[25,29]]","[0.0,0.0]",random_3_regular,4d6d348f1b15beb5d81334672416d05746ca8244d47831716826de0a6b36f57f,2028,m2:random_3_regular:n30:p2:g2028:a0,30,2,0
"[0.7853981633974483,0.7853981633974483]",5fe0baa2bd5bbb551324f75bfbe906ac24dbebdac047dd9f3f0959c2606ecc77,"[[0,8],[0,12],[0,18],[1,10],[1,17],[1,20],[2,4],[2,13],[2,29],[3,5],[3,16],[3,17],[4,27],[4,28],[5,12],[5,16],[6,10],[6,22],[6,28],[7,16],[7,25],[7,29],[8,13],[8,21],[9,11],[9,23],[9,24],[10,14],[11,22],[11,23],[12,24],[13,26],[14,24],[14,26],[15,17],[15,21],[15,22],[18,19],[18,25],[19,20],[19,27],[20,27],[21,28],[23,26],[25,29]]","[1.5707963267948966,1.5707963267948966]",random_3_regular,4d6d348f1b15beb5d81334672416d05746ca8244d47831716826de0a6b36f57f,2028,m2:random_3_regular:n30:p2:g2028:a1,30,2,1
"[0.39269908169872414,1.1780972450961724]",c5775f5e94e715c977a81aa45680159076c830fc4b2241e81454ea0df3c90bc0,"[[0,8],[0,12],[0,18],[1,10],[1,17],[1,20],[2,4],[2,13],[2,29],[3,5],[3,16],[3,17],[4,27],[4,28],[5,12],[5,16],[6,10],[6,22],[6,28],[7,16],[7,25],[7,29],[8,13],[8,21],[9,11],[9,23],[9,24],[10,14],[11,22],[11,23],[12,24],[13,26],[14,24],[14,26],[15,17],[15,21],[15,22],[18,19],[18,25],[19,20],[19,27],[20,27],[21,28],[23,26],[25,29]]","[2.356194490192345,0.7853981633974483]",random_3_regular,4d6d348f1b15beb5d81334672416d05746ca8244d47831716826de0a6b36f57f,2028,m2:random_3_regular:n30:p2:g2028:a2,30,2,2
"[1.1780972450961724,0.39269908169872414]",8a7daba3cecc52082cf5ca07c763fa0031f2cdbb5f50542b44e1e574e1a7377f,"[[0,8],[0,12],[0,18],[1,10],[1,17],[1,20],[2,4],[2,13],[2,29],[3,5],[3,16],[3,17],[4,27],[4,28],[5,12],[5,16],[6,10],[6,22],[6,28],[7,16],[7,25],[7,29],[8,13],[8,21],[9,11],[9,23],[9,24],[10,14],[11,22],[11,23],[12,24],[13,26],[14,24],[14,26],[15,17],[15,21],[15,22],[18,19],[18,25],[19,20],[19,27],[20,27],[21,28],[23,26],[25,29]]","[0.7853981633974483,2.356194490192345]",random_3_regular,4d6d348f1b15beb5d81334672416d05746ca8244d47831716826de0a6b36f57f,2028,m2:random_3_regular:n30:p2:g2028:a3,30,2,3
"[0.0,0.0,0.0]",c8fe6be29225eb6d107d6589f579139a4df71dcca221abe4f040cf4b6a76772e,"[[0,3],[0,4],[0,14],[1,9],[1,19],[1,23],[2,8],[2,28],[2,29],[3,20],[3,24],[4,15],[4,29],[5,10],[5,16],[5,22],[6,10],[6,15],[6,22],[7,13],[7,18],[7,26],[8,13],[8,25],[9,11],[9,20],[10,29],[11,12],[11,25],[12,16],[12,26],[13,20],[14,21],[14,23],[15,23],[16,28],[17,24],[17,26],[17,27],[18,22],[18,24],[19,21],[19,27],[21,25],[27,28]]","[0.0,0.0,0.0]",random_3_regular,5208da8fcbd40a5ec3e8a1f65874f1b196787a203b5b42c8ffb885bd4abbdd34,2026,m2:random_3_regular:n30:p3:g2026:a0,30,3,0
"[0.7853981633974483,0.7853981633974483,0.7853981633974483]",31b9b8805aa91a340ca20bc34da7aa13d9fad48a7d7c33a671124f09556cfe3a,"[[0,3],[0,4],[0,14],[1,9],[1,19],[1,23],[2,8],[2,28],[2,29],[3,20],[3,24],[4,15],[4,29],[5,10],[5,16],[5,22],[6,10],[6,15],[6,22],[7,13],[7,18],[7,26],[8,13],[8,25],[9,11],[9,20],[10,29],[11,12],[11,25],[12,16],[12,26],[13,20],[14,21],[14,23],[15,23],[16,28],[17,24],[17,26],[17,27],[18,22],[18,24],[19,21],[19,27],[21,25],[27,28]]","[1.5707963267948966,1.5707963267948966,1.5707963267948966]",random_3_regular,5208da8fcbd40a5ec3e8a1f65874f1b196787a203b5b42c8ffb885bd4abbdd34,2026,m2:random_3_regular:n30:p3:g2026:a1,30,3,1
"[0.39269908169872414,1.1780972450961724,1.1780972450961724]",8bd907aa3b650acc538c0c19aea4682ba3fc9ce4d13d960a16fe53d637903f75,"[[0,3],[0,4],[0,14],[1,9],[1,19],[1,23],[2,8],[2,28],[2,29],[3,20],[3,24],[4,15],[4,29],[5,10],[5,16],[5,22],[6,10],[6,15],[6,22],[7,13],[7,18],[7,26],[8,13],[8,25],[9,11],[9,20],[10,29],[11,12],[11,25],[12,16],[12,26],[13,20],[14,21],[14,23],[15,23],[16,28],[17,24],[17,26],[17,27],[18,22],[18,24],[19,21],[19,27],[21,25],[27,28]]","[2.356194490192345,0.7853981633974483,0.7853981633974483]",random_3_regular,5208da8fcbd40a5ec3e8a1f65874f1b196787a203b5b42c8ffb885bd4abbdd34,2026,m2:random_3_regular:n30:p3:g2026:a2,30,3,2
"[1.1780972450961724,0.39269908169872414,0.39269908169872414]",9bc294cae9c2aeaba4c42806c93133dd06055c327f138e6eaf24eb5c919aa87a,"[[0,3],[0,4],[0,14],[1,9],[1,19],[1,23],[2,8],[2,28],[2,29],[3,20],[3,24],[4,15],[4,29],[5,10],[5,16],[5,22],[6,10],[6,15],[6,22],[7,13],[7,18],[7,26],[8,13],[8,25],[9,11],[9,20],[10,29],[11,12],[11,25],[12,16],[12,26],[13,20],[14,21],[14,23],[15,23],[16,28],[17,24],[17,26],[17,27],[18,22],[18,24],[19,21],[19,27],[21,25],[27,28]]","[0.7853981633974483,2.356194490192345,2.356194490192345]",random_3_regular,5208da8fcbd40a5ec3e8a1f65874f1b196787a203b5b42c8ffb885bd4abbdd34,2026,m2:random_3_regular:n30:p3:g2026:a3,30,3,3
"[0.0,0.0,0.0]",3b21b4e728ed9b08965139abe96506f47abef782cdd1f632f29e3e06ec10874e,"[[0,11],[0,14],[0,24],[1,3],[1,20],[1,23],[2,14],[2,16],[2,25],[3,4],[3,8],[4,19],[4,26],[5,7],[5,13],[5,29],[6,9],[6,17],[6,22],[7,11],[7,12],[8,13],[8,19],[9,10],[9,21],[10,18],[10,23],[11,28],[12,21],[12,26],[13,15],[14,21],[15,16],[15,27],[16,27],[17,20],[17,28],[18,23],[18,24],[19,25],[20,29],[22,28],[22,29],[24,27],[25,26]]","[0.0,0.0,0.0]",random_3_regular,b6648a1e8cb67d1fb9e44dc0f3942a5b09a68de7b8b29108703e6356b0f16b9b,2027,m2:random_3_regular:n30:p3:g2027:a0,30,3,0
"[0.7853981633974483,0.7853981633974483,0.7853981633974483]",198ffb0c4e9976c1541d4e7c6415545f2b402b3fcc277510cdb0d7f56fd12d42,"[[0,11],[0,14],[0,24],[1,3],[1,20],[1,23],[2,14],[2,16],[2,25],[3,4],[3,8],[4,19],[4,26],[5,7],[5,13],[5,29],[6,9],[6,17],[6,22],[7,11],[7,12],[8,13],[8,19],[9,10],[9,21],[10,18],[10,23],[11,28],[12,21],[12,26],[13,15],[14,21],[15,16],[15,27],[16,27],[17,20],[17,28],[18,23],[18,24],[19,25],[20,29],[22,28],[22,29],[24,27],[25,26]]","[1.5707963267948966,1.5707963267948966,1.5707963267948966]",random_3_regular,b6648a1e8cb67d1fb9e44dc0f3942a5b09a68de7b8b29108703e6356b0f16b9b,2027,m2:random_3_regular:n30:p3:g2027:a1,30,3,1
"[0.39269908169872414,1.1780972450961724,1.1780972450961724]",f7371cf57359f5f61e3a31c145e286e0c7cdfca45eeffdcc86a783626a13b22f,"[[0,11],[0,14],[0,24],[1,3],[1,20],[1,23],[2,14],[2,16],[2,25],[3,4],[3,8],[4,19],[4,26],[5,7],[5,13],[5,29],[6,9],[6,17],[6,22],[7,11],[7,12],[8,13],[8,19],[9,10],[9,21],[10,18],[10,23],[11,28],[12,21],[12,26],[13,15],[14,21],[15,16],[15,27],[16,27],[17,20],[17,28],[18,23],[18,24],[19,25],[20,29],[22,28],[22,29],[24,27],[25,26]]","[2.356194490192345,0.7853981633974483,0.7853981633974483]",random_3_regular,b6648a1e8cb67d1fb9e44dc0f3942a5b09a68de7b8b29108703e6356b0f16b9b,2027,m2:random_3_regular:n30:p3:g2027:a2,30,3,2
"[1.1780972450961724,0.39269908169872414,0.39269908169872414]",05277e693ffb84a211983aa863bf98d8b8e8a41c75402f39a67133a603cb7d46,"[[0,11],[0,14],[0,24],[1,3],[1,20],[1,23],[2,14],[2,16],[2,25],[3,4],[3,8],[4,19],[4,26],[5,7],[5,13],[5,29],[6,9],[6,17],[6,22],[7,11],[7,12],[8,13],[8,19],[9,10],[9,21],[10,18],[10,23],[11,28],[12,21],[12,26],[13,15],[14,21],[15,16],[15,27],[16,27],[17,20],[17,28],[18,23],[18,24],[19,25],[20,29],[22,28],[22,29],[24,27],[25,26]]","[0.7853981633974483,2.356194490192345,2.356194490192345]",random_3_regular,b6648a1e8cb67d1fb9e44dc0f3942a5b09a68de7b8b29108703e6356b0f16b9b,2027,m2:random_3_regular:n30:p3:g2027:a3,30,3,3
"[0.0,0.0,0.0]",7f1deb5fbf3adb2d215cd631f537f0d02288eb6db4e980e9ee7dc6916860d299,"[[0,8],[0,12],[0,18],[1,10],[1,17],[1,20],[2,4],[2,13],[2,29],[3,5],[3,16],[3,17],[4,27],[4,28],[5,12],[5,16],[6,10],[6,22],[6,28],[7,16],[7,25],[7,29],[8,13],[8,21],[9,11],[9,23],[9,24],[10,14],[11,22],[11,23],[12,24],[13,26],[14,24],[14,26],[15,17],[15,21],[15,22],[18,19],[18,25],[19,20],[19,27],[20,27],[21,28],[23,26],[25,29]]","[0.0,0.0,0.0]",random_3_regular,4d6d348f1b15beb5d81334672416d05746ca8244d47831716826de0a6b36f57f,2028,m2:random_3_regular:n30:p3:g2028:a0,30,3,0
"[0.7853981633974483,0.7853981633974483,0.7853981633974483]",3197434916b5c2371d7d1f5eb8d66b7b1de2822fda862762a4e414117c0222c9,"[[0,8],[0,12],[0,18],[1,10],[1,17],[1,20],[2,4],[2,13],[2,29],[3,5],[3,16],[3,17],[4,27],[4,28],[5,12],[5,16],[6,10],[6,22],[6,28],[7,16],[7,25],[7,29],[8,13],[8,21],[9,11],[9,23],[9,24],[10,14],[11,22],[11,23],[12,24],[13,26],[14,24],[14,26],[15,17],[15,21],[15,22],[18,19],[18,25],[19,20],[19,27],[20,27],[21,28],[23,26],[25,29]]","[1.5707963267948966,1.5707963267948966,1.5707963267948966]",random_3_regular,4d6d348f1b15beb5d81334672416d05746ca8244d47831716826de0a6b36f57f,2028,m2:random_3_regular:n30:p3:g2028:a1,30,3,1
"[0.39269908169872414,1.1780972450961724,1.1780972450961724]",b82f7b4534c95b892b2eb6851e2494dbe3aba7dc160fb6b1fcd196236acc6511,"[[0,8],[0,12],[0,18],[1,10],[1,17],[1,20],[2,4],[2,13],[2,29],[3,5],[3,16],[3,17],[4,27],[4,28],[5,12],[5,16],[6,10],[6,22],[6,28],[7,16],[7,25],[7,29],[8,13],[8,21],[9,11],[9,23],[9,24],[10,14],[11,22],[11,23],[12,24],[13,26],[14,24],[14,26],[15,17],[15,21],[15,22],[18,19],[18,25],[19,20],[19,27],[20,27],[21,28],[23,26],[25,29]]","[2.356194490192345,0.7853981633974483,0.7853981633974483]",random_3_regular,4d6d348f1b15beb5d81334672416d05746ca8244d47831716826de0a6b36f57f,2028,m2:random_3_regular:n30:p3:g2028:a2,30,3,2
"[1.1780972450961724,0.39269908169872414,0.39269908169872414]",9bc68b7af47e814f9f585f50dd60600e0b224faba73bd23474ced41fce2ec71f,"[[0,8],[0,12],[0,18],[1,10],[1,17],[1,20],[2,4],[2,13],[2,29],[3,5],[3,16],[3,17],[4,27],[4,28],[5,12],[5,16],[6,10],[6,22],[6,28],[7,16],[7,25],[7,29],[8,13],[8,21],[9,11],[9,23],[9,24],[10,14],[11,22],[11,23],[12,24],[13,26],[14,24],[14,26],[15,17],[15,21],[15,22],[18,19],[18,25],[19,20],[19,27],[20,27],[21,28],[23,26],[25,29]]","[0.7853981633974483,2.356194490192345,2.356194490192345]",random_3_regular,4d6d348f1b15beb5d81334672416d05746ca8244d47831716826de0a6b36f57f,2028,m2:random_3_regular:n30:p3:g2028:a3,30,3,3
[0.0],ea132f0c2aa4a5c0916fcb6a92228cf78ff67468d4b76b1ec382a4b0cd208984,"[[0,1],[0,12],[0,30],[1,14],[1,25],[2,3],[2,17],[2,31],[3,6],[3,26],[4,7],[4,12],[4,29],[5,16],[5,21],[5,25],[6,24],[6,30],[7,11],[7,15],[8,11],[8,15],[8,19],[9,14],[9,21],[9,28],[10,14],[10,19],[10,23],[11,24],[12,28],[13,16],[13,18],[13,24],[15,20],[16,21],[17,20],[17,22],[18,20],[18,26],[19,23],[22,23],[22,29],[25,26],[27,28],[27,30],[27,31],[29,31]]",[0.0],random_3_regular,88a80edc7a8d7bea193ab2428190602dbcf07831ccb502d77791d3fc86c503f5,2026,m2:random_3_regular:n32:p1:g2026:a0,32,1,0
[0.7853981633974483],610cd984c7fd0b782cfa9aadec945fa97fab7959a88456c40251a910381d823d,"[[0,1],[0,12],[0,30],[1,14],[1,25],[2,3],[2,17],[2,31],[3,6],[3,26],[4,7],[4,12],[4,29],[5,16],[5,21],[5,25],[6,24],[6,30],[7,11],[7,15],[8,11],[8,15],[8,19],[9,14],[9,21],[9,28],[10,14],[10,19],[10,23],[11,24],[12,28],[13,16],[13,18],[13,24],[15,20],[16,21],[17,20],[17,22],[18,20],[18,26],[19,23],[22,23],[22,29],[25,26],[27,28],[27,30],[27,31],[29,31]]",[1.5707963267948966],random_3_regular,88a80edc7a8d7bea193ab2428190602dbcf07831ccb502d77791d3fc86c503f5,2026,m2:random_3_regular:n32:p1:g2026:a1,32,1,1
[0.39269908169872414],9674c3702f057e64ab001d26bf6b1bbc46d871d98434766f77ce2a1098d83f3f,"[[0,1],[0,12],[0,30],[1,14],[1,25],[2,3],[2,17],[2,31],[3,6],[3,26],[4,7],[4,12],[4,29],[5,16],[5,21],[5,25],[6,24],[6,30],[7,11],[7,15],[8,11],[8,15],[8,19],[9,14],[9,21],[9,28],[10,14],[10,19],[10,23],[11,24],[12,28],[13,16],[13,18],[13,24],[15,20],[16,21],[17,20],[17,22],[18,20],[18,26],[19,23],[22,23],[22,29],[25,26],[27,28],[27,30],[27,31],[29,31]]",[2.356194490192345],random_3_regular,88a80edc7a8d7bea193ab2428190602dbcf07831ccb502d77791d3fc86c503f5,2026,m2:random_3_regular:n32:p1:g2026:a2,32,1,2
[1.1780972450961724],326bdd8ae54ddccb1fd014f588e1e771120aa7f87a99ff8ea7448364bcf0c869,"[[0,1],[0,12],[0,30],[1,14],[1,25],[2,3],[2,17],[2,31],[3,6],[3,26],[4,7],[4,12],[4,29],[5,16],[5,21],[5,25],[6,24],[6,30],[7,11],[7,15],[8,11],[8,15],[8,19],[9,14],[9,21],[9,28],[10,14],[10,19],[10,23],[11,24],[12,28],[13,16],[13,18],[13,24],[15,20],[16,21],[17,20],[17,22],[18,20],[18,26],[19,23],[22,23],[22,29],[25,26],[27,28],[27,30],[27,31],[29,31]]",[0.7853981633974483],random_3_regular,88a80edc7a8d7bea193ab2428190602dbcf07831ccb502d77791d3fc86c503f5,2026,m2:random_3_regular:n32:p1:g2026:a3,32,1,3
[0.0],530bad67de5963379075b41051c124d09592a198fe817787b1716bf27a96807b,"[[0,8],[0,29],[0,30],[1,10],[1,16],[1,23],[2,14],[2,21],[2,25],[3,4],[3,22],[3,31],[4,20],[4,27],[5,7],[5,24],[5,31],[6,11],[6,17],[6,21],[7,8],[7,21],[8,30],[9,14],[9,19],[9,26],[10,11],[10,22],[11,19],[12,17],[12,22],[12,23],[13,20],[13,25],[13,27],[14,18],[15,17],[15,18],[15,28],[16,19],[16,29],[18,26],[20,28],[23,25],[24,26],[24,27],[28,31],[29,30]]",[0.0],random_3_regular,1bbd02bc6b9a6f0a263d091f9d7367d8e0628eb09841430acdee98f2591ce954,2027,m2:random_3_regular:n32:p1:g2027:a0,32,1,0
[0.7853981633974483],1588f8015e719dcd24da427293fa4b5067b87d4995999a312e039764f44ca140,"[[0,8],[0,29],[0,30],[1,10],[1,16],[1,23],[2,14],[2,21],[2,25],[3,4],[3,22],[3,31],[4,20],[4,27],[5,7],[5,24],[5,31],[6,11],[6,17],[6,21],[7,8],[7,21],[8,30],[9,14],[9,19],[9,26],[10,11],[10,22],[11,19],[12,17],[12,22],[12,23],[13,20],[13,25],[13,27],[14,18],[15,17],[15,18],[15,28],[16,19],[16,29],[18,26],[20,28],[23,25],[24,26],[24,27],[28,31],[29,30]]",[1.5707963267948966],random_3_regular,1bbd02bc6b9a6f0a263d091f9d7367d8e0628eb09841430acdee98f2591ce954,2027,m2:random_3_regular:n32:p1:g2027:a1,32,1,1
[0.39269908169872414],7f86f6581823beeb8bb37ad5b426c7ba6a588f23857a415ad002af23cef1aa17,"[[0,8],[0,29],[0,30],[1,10],[1,16],[1,23],[2,14],[2,21],[2,25],[3,4],[3,22],[3,31],[4,20],[4,27],[5,7],[5,24],[5,31],[6,11],[6,17],[6,21],[7,8],[7,21],[8,30],[9,14],[9,19],[9,26],[10,11],[10,22],[11,19],[12,17],[12,22],[12,23],[13,20],[13,25],[13,27],[14,18],[15,17],[15,18],[15,28],[16,19],[16,29],[18,26],[20,28],[23,25],[24,26],[24,27],[28,31],[29,30]]",[2.356194490192345],random_3_regular,1bbd02bc6b9a6f0a263d091f9d7367d8e0628eb09841430acdee98f2591ce954,2027,m2:random_3_regular:n32:p1:g2027:a2,32,1,2
[1.1780972450961724],48d9d70b45fd581bb97c224094ecdc8a731a7d211f6ceef488314e3fa0e7eadc,"[[0,8],[0,29],[0,30],[1,10],[1,16],[1,23],[2,14],[2,21],[2,25],[3,4],[3,22],[3,31],[4,20],[4,27],[5,7],[5,24],[5,31],[6,11],[6,17],[6,21],[7,8],[7,21],[8,30],[9,14],[9,19],[9,26],[10,11],[10,22],[11,19],[12,17],[12,22],[12,23],[13,20],[13,25],[13,27],[14,18],[15,17],[15,18],[15,28],[16,19],[16,29],[18,26],[20,28],[23,25],[24,26],[24,27],[28,31],[29,30]]",[0.7853981633974483],random_3_regular,1bbd02bc6b9a6f0a263d091f9d7367d8e0628eb09841430acdee98f2591ce954,2027,m2:random_3_regular:n32:p1:g2027:a3,32,1,3
[0.0],3072a5a2f35b22ce61733cc7067a87bcf9f665255387947b6f720177fd40f99b,"[[0,8],[0,23],[0,27],[1,9],[1,20],[1,22],[2,5],[2,6],[2,20],[3,12],[3,26],[3,31],[4,7],[4,10],[4,30],[5,11],[5,16],[6,23],[6,28],[7,24],[7,25],[8,14],[8,18],[9,17],[9,30],[10,15],[10,16],[11,25],[11,30],[12,18],[12,25],[13,14],[13,22],[13,27],[14,15],[15,17],[16,20],[17,21],[18,29],[19,22],[19,26],[19,28],[21,26],[21,29],[23,31],[24,27],[24,31],[28,29]]",[0.0],random_3_regular,a6c358fabb8b03ad2da204445e603127947bfcb1d10524acb539242947c53120,2028,m2:random_3_regular:n32:p1:g2028:a0,32,1,0
[0.7853981633974483],cbe8601e37b967c0e655954a9b4658a7ce005097b4b3a42f93d5d8defc971308,"[[0,8],[0,23],[0,27],[1,9],[1,20],[1,22],[2,5],[2,6],[2,20],[3,12],[3,26],[3,31],[4,7],[4,10],[4,30],[5,11],[5,16],[6,23],[6,28],[7,24],[7,25],[8,14],[8,18],[9,17],[9,30],[10,15],[10,16],[11,25],[11,30],[12,18],[12,25],[13,14],[13,22],[13,27],[14,15],[15,17],[16,20],[17,21],[18,29],[19,22],[19,26],[19,28],[21,26],[21,29],[23,31],[24,27],[24,31],[28,29]]",[1.5707963267948966],random_3_regular,a6c358fabb8b03ad2da204445e603127947bfcb1d10524acb539242947c53120,2028,m2:random_3_regular:n32:p1:g2028:a1,32,1,1
[0.39269908169872414],ab6f82c89ef159af7dfac441d5de088eb4475f7832cdb691c12c90582f079303,"[[0,8],[0,23],[0,27],[1,9],[1,20],[1,22],[2,5],[2,6],[2,20],[3,12],[3,26],[3,31],[4,7],[4,10],[4,30],[5,11],[5,16],[6,23],[6,28],[7,24],[7,25],[8,14],[8,18],[9,17],[9,30],[10,15],[10,16],[11,25],[11,30],[12,18],[12,25],[13,14],[13,22],[13,27],[14,15],[15,17],[16,20],[17,21],[18,29],[19,22],[19,26],[19,28],[21,26],[21,29],[23,31],[24,27],[24,31],[28,29]]",[2.356194490192345],random_3_regular,a6c358fabb8b03ad2da204445e603127947bfcb1d10524acb539242947c53120,2028,m2:random_3_regular:n32:p1:g2028:a2,32,1,2
[1.1780972450961724],f533e4e6c5d1df1ef18529492a9ae549f98ca72609d24aca31a80f52b68c7601,"[[0,8],[0,23],[0,27],[1,9],[1,20],[1,22],[2,5],[2,6],[2,20],[3,12],[3,26],[3,31],[4,7],[4,10],[4,30],[5,11],[5,16],[6,23],[6,28],[7,24],[7,25],[8,14],[8,18],[9,17],[9,30],[10,15],[10,16],[11,25],[11,30],[12,18],[12,25],[13,14],[13,22],[13,27],[14,15],[15,17],[16,20],[17,21],[18,29],[19,22],[19,26],[19,28],[21,26],[21,29],[23,31],[24,27],[24,31],[28,29]]",[0.7853981633974483],random_3_regular,a6c358fabb8b03ad2da204445e603127947bfcb1d10524acb539242947c53120,2028,m2:random_3_regular:n32:p1:g2028:a3,32,1,3
"[0.0,0.0]",ce420e3cc3460515130d04f05842828fea5381e528045b0ee644dfecc3565748,"[[0,1],[0,12],[0,30],[1,14],[1,25],[2,3],[2,17],[2,31],[3,6],[3,26],[4,7],[4,12],[4,29],[5,16],[5,21],[5,25],[6,24],[6,30],[7,11],[7,15],[8,11],[8,15],[8,19],[9,14],[9,21],[9,28],[10,14],[10,19],[10,23],[11,24],[12,28],[13,16],[13,18],[13,24],[15,20],[16,21],[17,20],[17,22],[18,20],[18,26],[19,23],[22,23],[22,29],[25,26],[27,28],[27,30],[27,31],[29,31]]","[0.0,0.0]",random_3_regular,88a80edc7a8d7bea193ab2428190602dbcf07831ccb502d77791d3fc86c503f5,2026,m2:random_3_regular:n32:p2:g2026:a0,32,2,0
"[0.7853981633974483,0.7853981633974483]",6d7c9a6cc1a78cd7e5f49cdadaf148ce4b58863528559f86d8581f1d7713a2fb,"[[0,1],[0,12],[0,30],[1,14],[1,25],[2,3],[2,17],[2,31],[3,6],[3,26],[4,7],[4,12],[4,29],[5,16],[5,21],[5,25],[6,24],[6,30],[7,11],[7,15],[8,11],[8,15],[8,19],[9,14],[9,21],[9,28],[10,14],[10,19],[10,23],[11,24],[12,28],[13,16],[13,18],[13,24],[15,20],[16,21],[17,20],[17,22],[18,20],[18,26],[19,23],[22,23],[22,29],[25,26],[27,28],[27,30],[27,31],[29,31]]","[1.5707963267948966,1.5707963267948966]",random_3_regular,88a80edc7a8d7bea193ab2428190602dbcf07831ccb502d77791d3fc86c503f5,2026,m2:random_3_regular:n32:p2:g2026:a1,32,2,1
"[0.39269908169872414,1.1780972450961724]",8d8a16dec8a772fdf9d6083ee9cd171417a95702d179328254324b440f9ad34b,"[[0,1],[0,12],[0,30],[1,14],[1,25],[2,3],[2,17],[2,31],[3,6],[3,26],[4,7],[4,12],[4,29],[5,16],[5,21],[5,25],[6,24],[6,30],[7,11],[7,15],[8,11],[8,15],[8,19],[9,14],[9,21],[9,28],[10,14],[10,19],[10,23],[11,24],[12,28],[13,16],[13,18],[13,24],[15,20],[16,21],[17,20],[17,22],[18,20],[18,26],[19,23],[22,23],[22,29],[25,26],[27,28],[27,30],[27,31],[29,31]]","[2.356194490192345,0.7853981633974483]",random_3_regular,88a80edc7a8d7bea193ab2428190602dbcf07831ccb502d77791d3fc86c503f5,2026,m2:random_3_regular:n32:p2:g2026:a2,32,2,2
"[1.1780972450961724,0.39269908169872414]",445445fde0bbee88f43aea5214062704773a9e735cecdab9c75fc81e9fdcc518,"[[0,1],[0,12],[0,30],[1,14],[1,25],[2,3],[2,17],[2,31],[3,6],[3,26],[4,7],[4,12],[4,29],[5,16],[5,21],[5,25],[6,24],[6,30],[7,11],[7,15],[8,11],[8,15],[8,19],[9,14],[9,21],[9,28],[10,14],[10,19],[10,23],[11,24],[12,28],[13,16],[13,18],[13,24],[15,20],[16,21],[17,20],[17,22],[18,20],[18,26],[19,23],[22,23],[22,29],[25,26],[27,28],[27,30],[27,31],[29,31]]","[0.7853981633974483,2.356194490192345]",random_3_regular,88a80edc7a8d7bea193ab2428190602dbcf07831ccb502d77791d3fc86c503f5,2026,m2:random_3_regular:n32:p2:g2026:a3,32,2,3
"[0.0,0.0]",4386a5f48d68185859291de34f0a52fe018dc4e10f82994c7ed58ae5039fc851,"[[0,8],[0,29],[0,30],[1,10],[1,16],[1,23],[2,14],[2,21],[2,25],[3,4],[3,22],[3,31],[4,20],[4,27],[5,7],[5,24],[5,31],[6,11],[6,17],[6,21],[7,8],[7,21],[8,30],[9,14],[9,19],[9,26],[10,11],[10,22],[11,19],[12,17],[12,22],[12,23],[13,20],[13,25],[13,27],[14,18],[15,17],[15,18],[15,28],[16,19],[16,29],[18,26],[20,28],[23,25],[24,26],[24,27],[28,31],[29,30]]","[0.0,0.0]",random_3_regular,1bbd02bc6b9a6f0a263d091f9d7367d8e0628eb09841430acdee98f2591ce954,2027,m2:random_3_regular:n32:p2:g2027:a0,32,2,0
"[0.7853981633974483,0.7853981633974483]",3b58c8a40597764a5cec76fb3b24aab791946cb7d37767a03084c250e4c4a900,"[[0,8],[0,29],[0,30],[1,10],[1,16],[1,23],[2,14],[2,21],[2,25],[3,4],[3,22],[3,31],[4,20],[4,27],[5,7],[5,24],[5,31],[6,11],[6,17],[6,21],[7,8],[7,21],[8,30],[9,14],[9,19],[9,26],[10,11],[10,22],[11,19],[12,17],[12,22],[12,23],[13,20],[13,25],[13,27],[14,18],[15,17],[15,18],[15,28],[16,19],[16,29],[18,26],[20,28],[23,25],[24,26],[24,27],[28,31],[29,30]]","[1.5707963267948966,1.5707963267948966]",random_3_regular,1bbd02bc6b9a6f0a263d091f9d7367d8e0628eb09841430acdee98f2591ce954,2027,m2:random_3_regular:n32:p2:g2027:a1,32,2,1
"[0.39269908169872414,1.1780972450961724]",a8e92093e9cd09d5defd37a5c6ad2be6d326d06a4de3ae5ca621dc95968aa068,"[[0,8],[0,29],[0,30],[1,10],[1,16],[1,23],[2,14],[2,21],[2,25],[3,4],[3,22],[3,31],[4,20],[4,27],[5,7],[5,24],[5,31],[6,11],[6,17],[6,21],[7,8],[7,21],[8,30],[9,14],[9,19],[9,26],[10,11],[10,22],[11,19],[12,17],[12,22],[12,23],[13,20],[13,25],[13,27],[14,18],[15,17],[15,18],[15,28],[16,19],[16,29],[18,26],[20,28],[23,25],[24,26],[24,27],[28,31],[29,30]]","[2.356194490192345,0.7853981633974483]",random_3_regular,1bbd02bc6b9a6f0a263d091f9d7367d8e0628eb09841430acdee98f2591ce954,2027,m2:random_3_regular:n32:p2:g2027:a2,32,2,2
"[1.1780972450961724,0.39269908169872414]",e29cc79fa696283f419260ee838ca23cd88be4e13398b1b0da0a916c0716cfec,"[[0,8],[0,29],[0,30],[1,10],[1,16],[1,23],[2,14],[2,21],[2,25],[3,4],[3,22],[3,31],[4,20],[4,27],[5,7],[5,24],[5,31],[6,11],[6,17],[6,21],[7,8],[7,21],[8,30],[9,14],[9,19],[9,26],[10,11],[10,22],[11,19],[12,17],[12,22],[12,23],[13,20],[13,25],[13,27],[14,18],[15,17],[15,18],[15,28],[16,19],[16,29],[18,26],[20,28],[23,25],[24,26],[24,27],[28,31],[29,30]]","[0.7853981633974483,2.356194490192345]",random_3_regular,1bbd02bc6b9a6f0a263d091f9d7367d8e0628eb09841430acdee98f2591ce954,2027,m2:random_3_regular:n32:p2:g2027:a3,32,2,3
"[0.0,0.0]",23e8116651200bd3cba343bb0ee9cc228ced37d70216dfffabc6632032cb3193,"[[0,8],[0,23],[0,27],[1,9],[1,20],[1,22],[2,5],[2,6],[2,20],[3,12],[3,26],[3,31],[4,7],[4,10],[4,30],[5,11],[5,16],[6,23],[6,28],[7,24],[7,25],[8,14],[8,18],[9,17],[9,30],[10,15],[10,16],[11,25],[11,30],[12,18],[12,25],[13,14],[13,22],[13,27],[14,15],[15,17],[16,20],[17,21],[18,29],[19,22],[19,26],[19,28],[21,26],[21,29],[23,31],[24,27],[24,31],[28,29]]","[0.0,0.0]",random_3_regular,a6c358fabb8b03ad2da204445e603127947bfcb1d10524acb539242947c53120,2028,m2:random_3_regular:n32:p2:g2028:a0,32,2,0
"[0.7853981633974483,0.7853981633974483]",5cdce66162b6ffb2c4b35395898dca28123dcb4e96e5c040c4bcf3344c7010c1,"[[0,8],[0,23],[0,27],[1,9],[1,20],[1,22],[2,5],[2,6],[2,20],[3,12],[3,26],[3,31],[4,7],[4,10],[4,30],[5,11],[5,16],[6,23],[6,28],[7,24],[7,25],[8,14],[8,18],[9,17],[9,30],[10,15],[10,16],[11,25],[11,30],[12,18],[12,25],[13,14],[13,22],[13,27],[14,15],[15,17],[16,20],[17,21],[18,29],[19,22],[19,26],[19,28],[21,26],[21,29],[23,31],[24,27],[24,31],[28,29]]","[1.5707963267948966,1.5707963267948966]",random_3_regular,a6c358fabb8b03ad2da204445e603127947bfcb1d10524acb539242947c53120,2028,m2:random_3_regular:n32:p2:g2028:a1,32,2,1
"[0.39269908169872414,1.1780972450961724]",e7039f1ebac5ceaa35b985a0c1ac57e2ef08d7d139955b9ace98ff321593f1de,"[[0,8],[0,23],[0,27],[1,9],[1,20],[1,22],[2,5],[2,6],[2,20],[3,12],[3,26],[3,31],[4,7],[4,10],[4,30],[5,11],[5,16],[6,23],[6,28],[7,24],[7,25],[8,14],[8,18],[9,17],[9,30],[10,15],[10,16],[11,25],[11,30],[12,18],[12,25],[13,14],[13,22],[13,27],[14,15],[15,17],[16,20],[17,21],[18,29],[19,22],[19,26],[19,28],[21,26],[21,29],[23,31],[24,27],[24,31],[28,29]]","[2.356194490192345,0.7853981633974483]",random_3_regular,a6c358fabb8b03ad2da204445e603127947bfcb1d10524acb539242947c53120,2028,m2:random_3_regular:n32:p2:g2028:a2,32,2,2
"[1.1780972450961724,0.39269908169872414]",d71592709db26dae9d3827945fdcd7cc70f2e4c2e676a18c62bb89b62b94cbab,"[[0,8],[0,23],[0,27],[1,9],[1,20],[1,22],[2,5],[2,6],[2,20],[3,12],[3,26],[3,31],[4,7],[4,10],[4,30],[5,11],[5,16],[6,23],[6,28],[7,24],[7,25],[8,14],[8,18],[9,17],[9,30],[10,15],[10,16],[11,25],[11,30],[12,18],[12,25],[13,14],[13,22],[13,27],[14,15],[15,17],[16,20],[17,21],[18,29],[19,22],[19,26],[19,28],[21,26],[21,29],[23,31],[24,27],[24,31],[28,29]]","[0.7853981633974483,2.356194490192345]",random_3_regular,a6c358fabb8b03ad2da204445e603127947bfcb1d10524acb539242947c53120,2028,m2:random_3_regular:n32:p2:g2028:a3,32,2,3
"[0.0,0.0,0.0]",ec1b6abca76928b1b0fc0567f0d08386eaface5508fbde9efdadadd42f934ec5,"[[0,1],[0,12],[0,30],[1,14],[1,25],[2,3],[2,17],[2,31],[3,6],[3,26],[4,7],[4,12],[4,29],[5,16],[5,21],[5,25],[6,24],[6,30],[7,11],[7,15],[8,11],[8,15],[8,19],[9,14],[9,21],[9,28],[10,14],[10,19],[10,23],[11,24],[12,28],[13,16],[13,18],[13,24],[15,20],[16,21],[17,20],[17,22],[18,20],[18,26],[19,23],[22,23],[22,29],[25,26],[27,28],[27,30],[27,31],[29,31]]","[0.0,0.0,0.0]",random_3_regular,88a80edc7a8d7bea193ab2428190602dbcf07831ccb502d77791d3fc86c503f5,2026,m2:random_3_regular:n32:p3:g2026:a0,32,3,0
"[0.7853981633974483,0.7853981633974483,0.7853981633974483]",3598c0eaba03a0d4bd1128ba192b740fad36e4ab09b4595af2f4ba6c179d58a9,"[[0,1],[0,12],[0,30],[1,14],[1,25],[2,3],[2,17],[2,31],[3,6],[3,26],[4,7],[4,12],[4,29],[5,16],[5,21],[5,25],[6,24],[6,30],[7,11],[7,15],[8,11],[8,15],[8,19],[9,14],[9,21],[9,28],[10,14],[10,19],[10,23],[11,24],[12,28],[13,16],[13,18],[13,24],[15,20],[16,21],[17,20],[17,22],[18,20],[18,26],[19,23],[22,23],[22,29],[25,26],[27,28],[27,30],[27,31],[29,31]]","[1.5707963267948966,1.5707963267948966,1.5707963267948966]",random_3_regular,88a80edc7a8d7bea193ab2428190602dbcf07831ccb502d77791d3fc86c503f5,2026,m2:random_3_regular:n32:p3:g2026:a1,32,3,1
"[0.39269908169872414,1.1780972450961724,1.1780972450961724]",4de8befe2bdca7f1adbaee1dae6923467e5cfbd649e4f9a2f7027318b998d187,"[[0,1],[0,12],[0,30],[1,14],[1,25],[2,3],[2,17],[2,31],[3,6],[3,26],[4,7],[4,12],[4,29],[5,16],[5,21],[5,25],[6,24],[6,30],[7,11],[7,15],[8,11],[8,15],[8,19],[9,14],[9,21],[9,28],[10,14],[10,19],[10,23],[11,24],[12,28],[13,16],[13,18],[13,24],[15,20],[16,21],[17,20],[17,22],[18,20],[18,26],[19,23],[22,23],[22,29],[25,26],[27,28],[27,30],[27,31],[29,31]]","[2.356194490192345,0.7853981633974483,0.7853981633974483]",random_3_regular,88a80edc7a8d7bea193ab2428190602dbcf07831ccb502d77791d3fc86c503f5,2026,m2:random_3_regular:n32:p3:g2026:a2,32,3,2
"[1.1780972450961724,0.39269908169872414,0.39269908169872414]",8dff246c6e325f957e5693e53e7595b04f3b030279b0cc776748e8d961047234,"[[0,1],[0,12],[0,30],[1,14],[1,25],[2,3],[2,17],[2,31],[3,6],[3,26],[4,7],[4,12],[4,29],[5,16],[5,21],[5,25],[6,24],[6,30],[7,11],[7,15],[8,11],[8,15],[8,19],[9,14],[9,21],[9,28],[10,14],[10,19],[10,23],[11,24],[12,28],[13,16],[13,18],[13,24],[15,20],[16,21],[17,20],[17,22],[18,20],[18,26],[19,23],[22,23],[22,29],[25,26],[27,28],[27,30],[27,31],[29,31]]","[0.7853981633974483,2.356194490192345,2.356194490192345]",random_3_regular,88a80edc7a8d7bea193ab2428190602dbcf07831ccb502d77791d3fc86c503f5,2026,m2:random_3_regular:n32:p3:g2026:a3,32,3,3
"[0.0,0.0,0.0]",6d3371da12f49274084f83a1c271d66c230f84e8c3f30579bb46149ac59bcd9d,"[[0,8],[0,29],[0,30],[1,10],[1,16],[1,23],[2,14],[2,21],[2,25],[3,4],[3,22],[3,31],[4,20],[4,27],[5,7],[5,24],[5,31],[6,11],[6,17],[6,21],[7,8],[7,21],[8,30],[9,14],[9,19],[9,26],[10,11],[10,22],[11,19],[12,17],[12,22],[12,23],[13,20],[13,25],[13,27],[14,18],[15,17],[15,18],[15,28],[16,19],[16,29],[18,26],[20,28],[23,25],[24,26],[24,27],[28,31],[29,30]]","[0.0,0.0,0.0]",random_3_regular,1bbd02bc6b9a6f0a263d091f9d7367d8e0628eb09841430acdee98f2591ce954,2027,m2:random_3_regular:n32:p3:g2027:a0,32,3,0
"[0.7853981633974483,0.7853981633974483,0.7853981633974483]",3cdc8abb1d37f630b01b55216c0f5c33f71c1e0b29346cb3666fdc015f6fe90d,"[[0,8],[0,29],[0,30],[1,10],[1,16],[1,23],[2,14],[2,21],[2,25],[3,4],[3,22],[3,31],[4,20],[4,27],[5,7],[5,24],[5,31],[6,11],[6,17],[6,21],[7,8],[7,21],[8,30],[9,14],[9,19],[9,26],[10,11],[10,22],[11,19],[12,17],[12,22],[12,23],[13,20],[13,25],[13,27],[14,18],[15,17],[15,18],[15,28],[16,19],[16,29],[18,26],[20,28],[23,25],[24,26],[24,27],[28,31],[29,30]]","[1.5707963267948966,1.5707963267948966,1.5707963267948966]",random_3_regular,1bbd02bc6b9a6f0a263d091f9d7367d8e0628eb09841430acdee98f2591ce954,2027,m2:random_3_regular:n32:p3:g2027:a1,32,3,1
"[0.39269908169872414,1.1780972450961724,1.1780972450961724]",96aa01e69f211e28fac97212edef4ce22fc6adf587af92e918ab4b7638cc2270,"[[0,8],[0,29],[0,30],[1,10],[1,16],[1,23],[2,14],[2,21],[2,25],[3,4],[3,22],[3,31],[4,20],[4,27],[5,7],[5,24],[5,31],[6,11],[6,17],[6,21],[7,8],[7,21],[8,30],[9,14],[9,19],[9,26],[10,11],[10,22],[11,19],[12,17],[12,22],[12,23],[13,20],[13,25],[13,27],[14,18],[15,17],[15,18],[15,28],[16,19],[16,29],[18,26],[20,28],[23,25],[24,26],[24,27],[28,31],[29,30]]","[2.356194490192345,0.7853981633974483,0.7853981633974483]",random_3_regular,1bbd02bc6b9a6f0a263d091f9d7367d8e0628eb09841430acdee98f2591ce954,2027,m2:random_3_regular:n32:p3:g2027:a2,32,3,2
"[1.1780972450961724,0.39269908169872414,0.39269908169872414]",ad5668005fb0ae10e880754a2f8ab2939d72e3bbae2c8dc96912a8141f6664ed,"[[0,8],[0,29],[0,30],[1,10],[1,16],[1,23],[2,14],[2,21],[2,25],[3,4],[3,22],[3,31],[4,20],[4,27],[5,7],[5,24],[5,31],[6,11],[6,17],[6,21],[7,8],[7,21],[8,30],[9,14],[9,19],[9,26],[10,11],[10,22],[11,19],[12,17],[12,22],[12,23],[13,20],[13,25],[13,27],[14,18],[15,17],[15,18],[15,28],[16,19],[16,29],[18,26],[20,28],[23,25],[24,26],[24,27],[28,31],[29,30]]","[0.7853981633974483,2.356194490192345,2.356194490192345]",random_3_regular,1bbd02bc6b9a6f0a263d091f9d7367d8e0628eb09841430acdee98f2591ce954,2027,m2:random_3_regular:n32:p3:g2027:a3,32,3,3
"[0.0,0.0,0.0]",f128b5a744456e0f60748f68b17f68a0f9d50f14955ff53ab64fade71bab4f5c,"[[0,8],[0,23],[0,27],[1,9],[1,20],[1,22],[2,5],[2,6],[2,20],[3,12],[3,26],[3,31],[4,7],[4,10],[4,30],[5,11],[5,16],[6,23],[6,28],[7,24],[7,25],[8,14],[8,18],[9,17],[9,30],[10,15],[10,16],[11,25],[11,30],[12,18],[12,25],[13,14],[13,22],[13,27],[14,15],[15,17],[16,20],[17,21],[18,29],[19,22],[19,26],[19,28],[21,26],[21,29],[23,31],[24,27],[24,31],[28,29]]","[0.0,0.0,0.0]",random_3_regular,a6c358fabb8b03ad2da204445e603127947bfcb1d10524acb539242947c53120,2028,m2:random_3_regular:n32:p3:g2028:a0,32,3,0
"[0.7853981633974483,0.7853981633974483,0.7853981633974483]",49995c8b88d15498f65d5d10354fc089fec8fa274801c4afd85f73796a436e78,"[[0,8],[0,23],[0,27],[1,9],[1,20],[1,22],[2,5],[2,6],[2,20],[3,12],[3,26],[3,31],[4,7],[4,10],[4,30],[5,11],[5,16],[6,23],[6,28],[7,24],[7,25],[8,14],[8,18],[9,17],[9,30],[10,15],[10,16],[11,25],[11,30],[12,18],[12,25],[13,14],[13,22],[13,27],[14,15],[15,17],[16,20],[17,21],[18,29],[19,22],[19,26],[19,28],[21,26],[21,29],[23,31],[24,27],[24,31],[28,29]]","[1.5707963267948966,1.5707963267948966,1.5707963267948966]",random_3_regular,a6c358fabb8b03ad2da204445e603127947bfcb1d10524acb539242947c53120,2028,m2:random_3_regular:n32:p3:g2028:a1,32,3,1
"[0.39269908169872414,1.1780972450961724,1.1780972450961724]",d6d3c4eb58c5b36eb8b523697f4655a945519b113aadb86ea63f0a25b10a5dcd,"[[0,8],[0,23],[0,27],[1,9],[1,20],[1,22],[2,5],[2,6],[2,20],[3,12],[3,26],[3,31],[4,7],[4,10],[4,30],[5,11],[5,16],[6,23],[6,28],[7,24],[7,25],[8,14],[8,18],[9,17],[9,30],[10,15],[10,16],[11,25],[11,30],[12,18],[12,25],[13,14],[13,22],[13,27],[14,15],[15,17],[16,20],[17,21],[18,29],[19,22],[19,26],[19,28],[21,26],[21,29],[23,31],[24,27],[24,31],[28,29]]","[2.356194490192345,0.7853981633974483,0.7853981633974483]",random_3_regular,a6c358fabb8b03ad2da204445e603127947bfcb1d10524acb539242947c53120,2028,m2:random_3_regular:n32:p3:g2028:a2,32,3,2
"[1.1780972450961724,0.39269908169872414,0.39269908169872414]",4325cbcd9004923036eb917d0e2da7254f59d46541d8684df45405a66e54cd19,"[[0,8],[0,23],[0,27],[1,9],[1,20],[1,22],[2,5],[2,6],[2,20],[3,12],[3,26],[3,31],[4,7],[4,10],[4,30],[5,11],[5,16],[6,23],[6,28],[7,24],[7,25],[8,14],[8,18],[9,17],[9,30],[10,15],[10,16],[11,25],[11,30],[12,18],[12,25],[13,14],[13,22],[13,27],[14,15],[15,17],[16,20],[17,21],[18,29],[19,22],[19,26],[19,28],[21,26],[21,29],[23,31],[24,27],[24,31],[28,29]]","[0.7853981633974483,2.356194490192345,2.356194490192345]",random_3_regular,a6c358fabb8b03ad2da204445e603127947bfcb1d10524acb539242947c53120,2028,m2:random_3_regular:n32:p3:g2028:a3,32,3,3
