best_classical_backend,graph_family,memory_lower_than_classical,n_qubits,neural_latency_budget_ms,neural_peak_memory_budget_mib,p,shots,speedup,speedup_ge_10x,speedup_ge_2x,speedup_ge_5x
statevector,cycle,True,6,10,256,1,4096,2.1356334,False,True,False
statevector,cycle,False,6,10,512,1,4096,2.1356334,False,True,False
statevector,cycle,False,6,10,1024,1,4096,2.1356334,False,True,False
statevector,cycle,False,6,10,2048,1,4096,2.1356334,False,True,False
statevector,cycle,False,6,10,4096,1,4096,2.1356334,False,True,False
statevector,cycle,True,6,25,256,1,4096,0.85425336,False,False,False
statevector,cycle,False,6,25,512,1,4096,0.85425336,False,False,False
statevector,cycle,False,6,25,1024,1,4096,0.85425336,False,False,False
statevector,cycle,False,6,25,2048,1,4096,0.85425336,False,False,False
statevector,cycle,False,6,25,4096,1,4096,0.85425336,False,False,False
statevector,cycle,True,6,50,256,1,4096,0.42712668,False,False,False
statevector,cycle,False,6,50,512,1,4096,0.42712668,False,False,False
statevector,cycle,False,6,50,1024,1,4096,0.42712668,False,False,False
statevector,cycle,False,6,50,2048,1,4096,0.42712668,False,False,False
statevector,cycle,False,6,50,4096,1,4096,0.42712668,False,False,False
statevector,cycle,True,6,100,256,1,4096,0.21356334,False,False,False
statevector,cycle,False,6,100,512,1,4096,0.21356334,False,False,False
statevector,cycle,False,6,100,1024,1,4096,0.21356334,False,False,False
statevector,cycle,False,6,100,2048,1,4096,0.21356334,False,False,False
statevector,cycle,False,6,100,4096,1,4096,0.21356334,False,False,False
statevector,cycle,True,6,250,256,1,4096,0.085425336,False,False,False
statevector,cycle,False,6,250,512,1,4096,0.085425336,False,False,False
statevector,cycle,False,6,250,1024,1,4096,0.085425336,False,False,False
statevector,cycle,False,6,250,2048,1,4096,0.085425336,False,False,False
statevector,cycle,False,6,250,4096,1,4096,0.085425336,False,False,False
statevector,cycle,True,6,500,256,1,4096,0.042712668,False,False,False
statevector,cycle,False,6,500,512,1,4096,0.042712668,False,False,False
statevector,cycle,False,6,500,1024,1,4096,0.042712668,False,False,False
statevector,cycle,False,6,500,2048,1,4096,0.042712668,False,False,False
statevector,cycle,False,6,500,4096,1,4096,0.042712668,False,False,False
statevector,cycle,True,6,10,256,2,4096,2.17844995,False,True,False
statevector,cycle,False,6,10,512,2,4096,2.17844995,False,True,False
statevector,cycle,False,6,10,1024,2,4096,2.17844995,False,True,False
statevector,cycle,False,6,10,2048,2,4096,2.17844995,False,True,False
statevector,cycle,False,6,10,4096,2,4096,2.17844995,False,True,False
statevector,cycle,True,6,25,256,2,4096,0.87137998,False,False,False
statevector,cycle,False,6,25,512,2,4096,0.87137998,False,False,False
statevector,cycle,False,6,25,1024,2,4096,0.87137998,False,False,False
statevector,cycle,False,6,25,2048,2,4096,0.87137998,False,False,False
statevector,cycle,False,6,25,4096,2,4096,0.87137998,False,False,False
statevector,cycle,True,6,50,256,2,4096,0.43568999,False,False,False
statevector,cycle,False,6,50,512,2,4096,0.43568999,False,False,False
statevector,cycle,False,6,50,1024,2,4096,0.43568999,False,False,False
statevector,cycle,False,6,50,2048,2,4096,0.43568999,False,False,False
statevector,cycle,False,6,50,4096,2,4096,0.43568999,False,False,False
statevector,cycle,True,6,100,256,2,4096,0.217844995,False,False,False
statevector,cycle,False,6,100,512,2,4096,0.217844995,False,False,False
statevector,cycle,False,6,100,1024,2,4096,0.217844995,False,False,False
statevector,cycle,False,6,100,2048,2,4096,0.217844995,False,False,False
statevector,cycle,False,6,100,4096,2,4096,0.217844995,False,False,False
statevector,cycle,True,6,250,256,2,4096,0.08713799800000001,False,False,False
statevector,cycle,False,6,250,512,2,4096,0.08713799800000001,False,False,False
statevector,cycle,False,6,250,1024,2,4096,0.08713799800000001,False,False,False
statevector,cycle,False,6,250,2048,2,4096,0.08713799800000001,False,False,False
statevector,cycle,False,6,250,4096,2,4096,0.08713799800000001,False,False,False
statevector,cycle,True,6,500,256,2,4096,0.043568999000000004,False,False,False
statevector,cycle,False,6,500,512,2,4096,0.043568999000000004,False,False,False
statevector,cycle,False,6,500,1024,2,4096,0.043568999000000004,False,False,False
statevector,cycle,False,6,500,2048,2,4096,0.043568999000000004,False,False,False
statevector,cycle,False,6,500,4096,2,4096,0.043568999000000004,False,False,False
matrix_product_state,cycle,True,6,10,256,3,4096,1.9086875499999998,False,False,False
matrix_product_state,cycle,False,6,10,512,3,4096,1.9086875499999998,False,False,False
matrix_product_state,cycle,False,6,10,1024,3,4096,1.9086875499999998,False,False,False
matrix_product_state,cycle,False,6,10,2048,3,4096,1.9086875499999998,False,False,False
matrix_product_state,cycle,False,6,10,4096,3,4096,1.9086875499999998,False,False,False
matrix_product_state,cycle,True,6,25,256,3,4096,0.7634750199999999,False,False,False
matrix_product_state,cycle,False,6,25,512,3,4096,0.7634750199999999,False,False,False
matrix_product_state,cycle,False,6,25,1024,3,4096,0.7634750199999999,False,False,False
matrix_product_state,cycle,False,6,25,2048,3,4096,0.7634750199999999,False,False,False
matrix_product_state,cycle,False,6,25,4096,3,4096,0.7634750199999999,False,False,False
matrix_product_state,cycle,True,6,50,256,3,4096,0.38173750999999995,False,False,False
matrix_product_state,cycle,False,6,50,512,3,4096,0.38173750999999995,False,False,False
matrix_product_state,cycle,False,6,50,1024,3,4096,0.38173750999999995,False,False,False
matrix_product_state,cycle,False,6,50,2048,3,4096,0.38173750999999995,False,False,False
matrix_product_state,cycle,False,6,50,4096,3,4096,0.38173750999999995,False,False,False
matrix_product_state,cycle,True,6,100,256,3,4096,0.19086875499999997,False,False,False
matrix_product_state,cycle,False,6,100,512,3,4096,0.19086875499999997,False,False,False
matrix_product_state,cycle,False,6,100,1024,3,4096,0.19086875499999997,False,False,False
matrix_product_state,cycle,False,6,100,2048,3,4096,0.19086875499999997,False,False,False
matrix_product_state,cycle,False,6,100,4096,3,4096,0.19086875499999997,False,False,False
matrix_product_state,cycle,True,6,250,256,3,4096,0.076347502,False,False,False
matrix_product_state,cycle,False,6,250,512,3,4096,0.076347502,False,False,False
matrix_product_state,cycle,False,6,250,1024,3,4096,0.076347502,False,False,False
matrix_product_state,cycle,False,6,250,2048,3,4096,0.076347502,False,False,False
matrix_product_state,cycle,False,6,250,4096,3,4096,0.076347502,False,False,False
matrix_product_state,cycle,True,6,500,256,3,4096,0.038173751,False,False,False
matrix_product_state,cycle,False,6,500,512,3,4096,0.038173751,False,False,False
matrix_product_state,cycle,False,6,500,1024,3,4096,0.038173751,False,False,False
matrix_product_state,cycle,False,6,500,2048,3,4096,0.038173751,False,False,False
matrix_product_state,cycle,False,6,500,4096,3,4096,0.038173751,False,False,False
statevector,cycle,True,8,10,256,1,4096,2.1616457500000004,False,True,False
statevector,cycle,False,8,10,512,1,4096,2.1616457500000004,False,True,False
statevector,cycle,False,8,10,1024,1,4096,2.1616457500000004,False,True,False
statevector,cycle,False,8,10,2048,1,4096,2.1616457500000004,False,True,False
statevector,cycle,False,8,10,4096,1,4096,2.1616457500000004,False,True,False
statevector,cycle,True,8,25,256,1,4096,0.8646583000000001,False,False,False
statevector,cycle,False,8,25,512,1,4096,0.8646583000000001,False,False,False
statevector,cycle,False,8,25,1024,1,4096,0.8646583000000001,False,False,False
statevector,cycle,False,8,25,2048,1,4096,0.8646583000000001,False,False,False
statevector,cycle,False,8,25,4096,1,4096,0.8646583000000001,False,False,False
statevector,cycle,True,8,50,256,1,4096,0.43232915000000005,False,False,False
statevector,cycle,False,8,50,512,1,4096,0.43232915000000005,False,False,False
statevector,cycle,False,8,50,1024,1,4096,0.43232915000000005,False,False,False
statevector,cycle,False,8,50,2048,1,4096,0.43232915000000005,False,False,False
statevector,cycle,False,8,50,4096,1,4096,0.43232915000000005,False,False,False
statevector,cycle,True,8,100,256,1,4096,0.21616457500000003,False,False,False
statevector,cycle,False,8,100,512,1,4096,0.21616457500000003,False,False,False
statevector,cycle,False,8,100,1024,1,4096,0.21616457500000003,False,False,False
statevector,cycle,False,8,100,2048,1,4096,0.21616457500000003,False,False,False
statevector,cycle,False,8,100,4096,1,4096,0.21616457500000003,False,False,False
statevector,cycle,True,8,250,256,1,4096,0.08646583000000001,False,False,False
statevector,cycle,False,8,250,512,1,4096,0.08646583000000001,False,False,False
statevector,cycle,False,8,250,1024,1,4096,0.08646583000000001,False,False,False
statevector,cycle,False,8,250,2048,1,4096,0.08646583000000001,False,False,False
statevector,cycle,False,8,250,4096,1,4096,0.08646583000000001,False,False,False
statevector,cycle,True,8,500,256,1,4096,0.043232915000000004,False,False,False
statevector,cycle,False,8,500,512,1,4096,0.043232915000000004,False,False,False
statevector,cycle,False,8,500,1024,1,4096,0.043232915000000004,False,False,False
statevector,cycle,False,8,500,2048,1,4096,0.043232915000000004,False,False,False
statevector,cycle,False,8,500,4096,1,4096,0.043232915000000004,False,False,False
statevector,cycle,True,8,10,256,2,4096,2.22029375,False,True,False
statevector,cycle,False,8,10,512,2,4096,2.22029375,False,True,False
statevector,cycle,False,8,10,1024,2,4096,2.22029375,False,True,False
statevector,cycle,False,8,10,2048,2,4096,2.22029375,False,True,False
statevector,cycle,False,8,10,4096,2,4096,2.22029375,False,True,False
statevector,cycle,True,8,25,256,2,4096,0.8881175,False,False,False
statevector,cycle,False,8,25,512,2,4096,0.8881175,False,False,False
statevector,cycle,False,8,25,1024,2,4096,0.8881175,False,False,False
statevector,cycle,False,8,25,2048,2,4096,0.8881175,False,False,False
statevector,cycle,False,8,25,4096,2,4096,0.8881175,False,False,False
statevector,cycle,True,8,50,256,2,4096,0.44405875,False,False,False
statevector,cycle,False,8,50,512,2,4096,0.44405875,False,False,False
statevector,cycle,False,8,50,1024,2,4096,0.44405875,False,False,False
statevector,cycle,False,8,50,2048,2,4096,0.44405875,False,False,False
statevector,cycle,False,8,50,4096,2,4096,0.44405875,False,False,False
statevector,cycle,True,8,100,256,2,4096,0.222029375,False,False,False
statevector,cycle,False,8,100,512,2,4096,0.222029375,False,False,False
statevector,cycle,False,8,100,1024,2,4096,0.222029375,False,False,False
statevector,cycle,False,8,100,2048,2,4096,0.222029375,False,False,False
statevector,cycle,False,8,100,4096,2,4096,0.222029375,False,False,False
statevector,cycle,True,8,250,256,2,4096,0.08881175000000001,False,False,False
statevector,cycle,False,8,250,512,2,4096,0.08881175000000001,False,False,False
statevector,cycle,False,8,250,1024,2,4096,0.08881175000000001,False,False,False
statevector,cycle,False,8,250,2048,2,4096,0.08881175000000001,False,False,False
statevector,cycle,False,8,250,4096,2,4096,0.08881175000000001,False,False,False
statevector,cycle,True,8,500,256,2,4096,0.044405875000000004,False,False,False
statevector,cycle,False,8,500,512,2,4096,0.044405875000000004,False,False,False
statevector,cycle,False,8,500,1024,2,4096,0.044405875000000004,False,False,False
statevector,cycle,False,8,500,2048,2,4096,0.044405875000000004,False,False,False
statevector,cycle,False,8,500,4096,2,4096,0.044405875000000004,False,False,False
statevector,cycle,True,8,10,256,3,4096,2.26573125,False,True,False
statevector,cycle,False,8,10,512,3,4096,2.26573125,False,True,False
statevector,cycle,False,8,10,1024,3,4096,2.26573125,False,True,False
statevector,cycle,False,8,10,2048,3,4096,2.26573125,False,True,False
statevector,cycle,False,8,10,4096,3,4096,2.26573125,False,True,False
statevector,cycle,True,8,25,256,3,4096,0.9062925,False,False,False
statevector,cycle,False,8,25,512,3,4096,0.9062925,False,False,False
statevector,cycle,False,8,25,1024,3,4096,0.9062925,False,False,False
statevector,cycle,False,8,25,2048,3,4096,0.9062925,False,False,False
statevector,cycle,False,8,25,4096,3,4096,0.9062925,False,False,False
statevector,cycle,True,8,50,256,3,4096,0.45314625,False,False,False
statevector,cycle,False,8,50,512,3,4096,0.45314625,False,False,False
statevector,cycle,False,8,50,1024,3,4096,0.45314625,False,False,False
statevector,cycle,False,8,50,2048,3,4096,0.45314625,False,False,False
statevector,cycle,False,8,50,4096,3,4096,0.45314625,False,False,False
statevector,cycle,True,8,100,256,3,4096,0.226573125,False,False,False
statevector,cycle,False,8,100,512,3,4096,0.226573125,False,False,False
statevector,cycle,False,8,100,1024,3,4096,0.226573125,False,False,False
statevector,cycle,False,8,100,2048,3,4096,0.226573125,False,False,False
statevector,cycle,False,8,100,4096,3,4096,0.226573125,False,False,False
statevector,cycle,True,8,250,256,3,4096,0.09062925,False,False,False
statevector,cycle,False,8,250,512,3,4096,0.09062925,False,False,False
statevector,cycle,False,8,250,1024,3,4096,0.09062925,False,False,False
statevector,cycle,False,8,250,2048,3,4096,0.09062925,False,False,False
statevector,cycle,False,8,250,4096,3,4096,0.09062925,False,False,False
statevector,cycle,True,8,500,256,3,4096,0.045314625,False,False,False
statevector,cycle,False,8,500,512,3,4096,0.045314625,False,False,False
statevector,cycle,False,8,500,1024,3,4096,0.045314625,False,False,False
statevector,cycle,False,8,500,2048,3,4096,0.045314625,False,False,False
statevector,cycle,False,8,500,4096,3,4096,0.045314625,False,False,False
statevector,cycle,True,10,10,256,1,4096,2.4473728,False,True,False
statevector,cycle,False,10,10,512,1,4096,2.4473728,False,True,False
statevector,cycle,False,10,10,1024,1,4096,2.4473728,False,True,False
statevector,cycle,False,10,10,2048,1,4096,2.4473728,False,True,False
statevector,cycle,False,10,10,4096,1,4096,2.4473728,False,True,False
statevector,cycle,True,10,25,256,1,4096,0.97894912,False,False,False
statevector,cycle,False,10,25,512,1,4096,0.97894912,False,False,False
statevector,cycle,False,10,25,1024,1,4096,0.97894912,False,False,False
statevector,cycle,False,10,25,2048,1,4096,0.97894912,False,False,False
statevector,cycle,False,10,25,4096,1,4096,0.97894912,False,False,False
statevector,cycle,True,10,50,256,1,4096,0.48947456,False,False,False
statevector,cycle,False,10,50,512,1,4096,0.48947456,False,False,False
statevector,cycle,False,10,50,1024,1,4096,0.48947456,False,False,False
statevector,cycle,False,10,50,2048,1,4096,0.48947456,False,False,False
statevector,cycle,False,10,50,4096,1,4096,0.48947456,False,False,False
statevector,cycle,True,10,100,256,1,4096,0.24473728,False,False,False
statevector,cycle,False,10,100,512,1,4096,0.24473728,False,False,False
statevector,cycle,False,10,100,1024,1,4096,0.24473728,False,False,False
statevector,cycle,False,10,100,2048,1,4096,0.24473728,False,False,False
statevector,cycle,False,10,100,4096,1,4096,0.24473728,False,False,False
statevector,cycle,True,10,250,256,1,4096,0.097894912,False,False,False
statevector,cycle,False,10,250,512,1,4096,0.097894912,False,False,False
statevector,cycle,False,10,250,1024,1,4096,0.097894912,False,False,False
statevector,cycle,False,10,250,2048,1,4096,0.097894912,False,False,False
statevector,cycle,False,10,250,4096,1,4096,0.097894912,False,False,False
statevector,cycle,True,10,500,256,1,4096,0.048947456,False,False,False
statevector,cycle,False,10,500,512,1,4096,0.048947456,False,False,False
statevector,cycle,False,10,500,1024,1,4096,0.048947456,False,False,False
statevector,cycle,False,10,500,2048,1,4096,0.048947456,False,False,False
statevector,cycle,False,10,500,4096,1,4096,0.048947456,False,False,False
statevector,cycle,True,10,10,256,2,4096,2.5316312499999998,False,True,False
statevector,cycle,False,10,10,512,2,4096,2.5316312499999998,False,True,False
statevector,cycle,False,10,10,1024,2,4096,2.5316312499999998,False,True,False
statevector,cycle,False,10,10,2048,2,4096,2.5316312499999998,False,True,False
statevector,cycle,False,10,10,4096,2,4096,2.5316312499999998,False,True,False
statevector,cycle,True,10,25,256,2,4096,1.0126525,False,False,False
statevector,cycle,False,10,25,512,2,4096,1.0126525,False,False,False
statevector,cycle,False,10,25,1024,2,4096,1.0126525,False,False,False
statevector,cycle,False,10,25,2048,2,4096,1.0126525,False,False,False
statevector,cycle,False,10,25,4096,2,4096,1.0126525,False,False,False
statevector,cycle,True,10,50,256,2,4096,0.50632625,False,False,False
statevector,cycle,False,10,50,512,2,4096,0.50632625,False,False,False
statevector,cycle,False,10,50,1024,2,4096,0.50632625,False,False,False
statevector,cycle,False,10,50,2048,2,4096,0.50632625,False,False,False
statevector,cycle,False,10,50,4096,2,4096,0.50632625,False,False,False
statevector,cycle,True,10,100,256,2,4096,0.253163125,False,False,False
statevector,cycle,False,10,100,512,2,4096,0.253163125,False,False,False
statevector,cycle,False,10,100,1024,2,4096,0.253163125,False,False,False
statevector,cycle,False,10,100,2048,2,4096,0.253163125,False,False,False
statevector,cycle,False,10,100,4096,2,4096,0.253163125,False,False,False
statevector,cycle,True,10,250,256,2,4096,0.10126525,False,False,False
statevector,cycle,False,10,250,512,2,4096,0.10126525,False,False,False
statevector,cycle,False,10,250,1024,2,4096,0.10126525,False,False,False
statevector,cycle,False,10,250,2048,2,4096,0.10126525,False,False,False
statevector,cycle,False,10,250,4096,2,4096,0.10126525,False,False,False
statevector,cycle,True,10,500,256,2,4096,0.050632625,False,False,False
statevector,cycle,False,10,500,512,2,4096,0.050632625,False,False,False
statevector,cycle,False,10,500,1024,2,4096,0.050632625,False,False,False
statevector,cycle,False,10,500,2048,2,4096,0.050632625,False,False,False
statevector,cycle,False,10,500,4096,2,4096,0.050632625,False,False,False
statevector,cycle,True,10,10,256,3,4096,2.5375229,False,True,False
statevector,cycle,False,10,10,512,3,4096,2.5375229,False,True,False
statevector,cycle,False,10,10,1024,3,4096,2.5375229,False,True,False
statevector,cycle,False,10,10,2048,3,4096,2.5375229,False,True,False
statevector,cycle,False,10,10,4096,3,4096,2.5375229,False,True,False
statevector,cycle,True,10,25,256,3,4096,1.01500916,False,False,False
statevector,cycle,False,10,25,512,3,4096,1.01500916,False,False,False
statevector,cycle,False,10,25,1024,3,4096,1.01500916,False,False,False
statevector,cycle,False,10,25,2048,3,4096,1.01500916,False,False,False
statevector,cycle,False,10,25,4096,3,4096,1.01500916,False,False,False
statevector,cycle,True,10,50,256,3,4096,0.50750458,False,False,False
statevector,cycle,False,10,50,512,3,4096,0.50750458,False,False,False
statevector,cycle,False,10,50,1024,3,4096,0.50750458,False,False,False
statevector,cycle,False,10,50,2048,3,4096,0.50750458,False,False,False
statevector,cycle,False,10,50,4096,3,4096,0.50750458,False,False,False
statevector,cycle,True,10,100,256,3,4096,0.25375229,False,False,False
statevector,cycle,False,10,100,512,3,4096,0.25375229,False,False,False
statevector,cycle,False,10,100,1024,3,4096,0.25375229,False,False,False
statevector,cycle,False,10,100,2048,3,4096,0.25375229,False,False,False
statevector,cycle,False,10,100,4096,3,4096,0.25375229,False,False,False
statevector,cycle,True,10,250,256,3,4096,0.10150091600000001,False,False,False
statevector,cycle,False,10,250,512,3,4096,0.10150091600000001,False,False,False
statevector,cycle,False,10,250,1024,3,4096,0.10150091600000001,False,False,False
statevector,cycle,False,10,250,2048,3,4096,0.10150091600000001,False,False,False
statevector,cycle,False,10,250,4096,3,4096,0.10150091600000001,False,False,False
statevector,cycle,True,10,500,256,3,4096,0.050750458000000005,False,False,False
statevector,cycle,False,10,500,512,3,4096,0.050750458000000005,False,False,False
statevector,cycle,False,10,500,1024,3,4096,0.050750458000000005,False,False,False
statevector,cycle,False,10,500,2048,3,4096,0.050750458000000005,False,False,False
statevector,cycle,False,10,500,4096,3,4096,0.050750458000000005,False,False,False
statevector,cycle,True,12,10,256,1,4096,2.5186978,False,True,False
statevector,cycle,False,12,10,512,1,4096,2.5186978,False,True,False
statevector,cycle,False,12,10,1024,1,4096,2.5186978,False,True,False
statevector,cycle,False,12,10,2048,1,4096,2.5186978,False,True,False
statevector,cycle,False,12,10,4096,1,4096,2.5186978,False,True,False
statevector,cycle,True,12,25,256,1,4096,1.00747912,False,False,False
statevector,cycle,False,12,25,512,1,4096,1.00747912,False,False,False
statevector,cycle,False,12,25,1024,1,4096,1.00747912,False,False,False
statevector,cycle,False,12,25,2048,1,4096,1.00747912,False,False,False
statevector,cycle,False,12,25,4096,1,4096,1.00747912,False,False,False
statevector,cycle,True,12,50,256,1,4096,0.50373956,False,False,False
statevector,cycle,False,12,50,512,1,4096,0.50373956,False,False,False
statevector,cycle,False,12,50,1024,1,4096,0.50373956,False,False,False
statevector,cycle,False,12,50,2048,1,4096,0.50373956,False,False,False
statevector,cycle,False,12,50,4096,1,4096,0.50373956,False,False,False
statevector,cycle,True,12,100,256,1,4096,0.25186978,False,False,False
statevector,cycle,False,12,100,512,1,4096,0.25186978,False,False,False
statevector,cycle,False,12,100,1024,1,4096,0.25186978,False,False,False
statevector,cycle,False,12,100,2048,1,4096,0.25186978,False,False,False
statevector,cycle,False,12,100,4096,1,4096,0.25186978,False,False,False
statevector,cycle,True,12,250,256,1,4096,0.100747912,False,False,False
statevector,cycle,False,12,250,512,1,4096,0.100747912,False,False,False
statevector,cycle,False,12,250,1024,1,4096,0.100747912,False,False,False
statevector,cycle,False,12,250,2048,1,4096,0.100747912,False,False,False
statevector,cycle,False,12,250,4096,1,4096,0.100747912,False,False,False
statevector,cycle,True,12,500,256,1,4096,0.050373956,False,False,False
statevector,cycle,False,12,500,512,1,4096,0.050373956,False,False,False
statevector,cycle,False,12,500,1024,1,4096,0.050373956,False,False,False
statevector,cycle,False,12,500,2048,1,4096,0.050373956,False,False,False
statevector,cycle,False,12,500,4096,1,4096,0.050373956,False,False,False
statevector,cycle,True,12,10,256,2,4096,2.63513545,False,True,False
statevector,cycle,False,12,10,512,2,4096,2.63513545,False,True,False
statevector,cycle,False,12,10,1024,2,4096,2.63513545,False,True,False
statevector,cycle,False,12,10,2048,2,4096,2.63513545,False,True,False
statevector,cycle,False,12,10,4096,2,4096,2.63513545,False,True,False
statevector,cycle,True,12,25,256,2,4096,1.05405418,False,False,False
statevector,cycle,False,12,25,512,2,4096,1.05405418,False,False,False
statevector,cycle,False,12,25,1024,2,4096,1.05405418,False,False,False
statevector,cycle,False,12,25,2048,2,4096,1.05405418,False,False,False
statevector,cycle,False,12,25,4096,2,4096,1.05405418,False,False,False
statevector,cycle,True,12,50,256,2,4096,0.52702709,False,False,False
statevector,cycle,False,12,50,512,2,4096,0.52702709,False,False,False
statevector,cycle,False,12,50,1024,2,4096,0.52702709,False,False,False
statevector,cycle,False,12,50,2048,2,4096,0.52702709,False,False,False
statevector,cycle,False,12,50,4096,2,4096,0.52702709,False,False,False
statevector,cycle,True,12,100,256,2,4096,0.263513545,False,False,False
statevector,cycle,False,12,100,512,2,4096,0.263513545,False,False,False
statevector,cycle,False,12,100,1024,2,4096,0.263513545,False,False,False
statevector,cycle,False,12,100,2048,2,4096,0.263513545,False,False,False
statevector,cycle,False,12,100,4096,2,4096,0.263513545,False,False,False
statevector,cycle,True,12,250,256,2,4096,0.105405418,False,False,False
statevector,cycle,False,12,250,512,2,4096,0.105405418,False,False,False
statevector,cycle,False,12,250,1024,2,4096,0.105405418,False,False,False
statevector,cycle,False,12,250,2048,2,4096,0.105405418,False,False,False
statevector,cycle,False,12,250,4096,2,4096,0.105405418,False,False,False
statevector,cycle,True,12,500,256,2,4096,0.052702709,False,False,False
statevector,cycle,False,12,500,512,2,4096,0.052702709,False,False,False
statevector,cycle,False,12,500,1024,2,4096,0.052702709,False,False,False
statevector,cycle,False,12,500,2048,2,4096,0.052702709,False,False,False
statevector,cycle,False,12,500,4096,2,4096,0.052702709,False,False,False
statevector,cycle,True,12,10,256,3,4096,2.7306542,False,True,False
statevector,cycle,False,12,10,512,3,4096,2.7306542,False,True,False
statevector,cycle,False,12,10,1024,3,4096,2.7306542,False,True,False
statevector,cycle,False,12,10,2048,3,4096,2.7306542,False,True,False
statevector,cycle,False,12,10,4096,3,4096,2.7306542,False,True,False
statevector,cycle,True,12,25,256,3,4096,1.09226168,False,False,False
statevector,cycle,False,12,25,512,3,4096,1.09226168,False,False,False
statevector,cycle,False,12,25,1024,3,4096,1.09226168,False,False,False
statevector,cycle,False,12,25,2048,3,4096,1.09226168,False,False,False
statevector,cycle,False,12,25,4096,3,4096,1.09226168,False,False,False
statevector,cycle,True,12,50,256,3,4096,0.54613084,False,False,False
statevector,cycle,False,12,50,512,3,4096,0.54613084,False,False,False
statevector,cycle,False,12,50,1024,3,4096,0.54613084,False,False,False
statevector,cycle,False,12,50,2048,3,4096,0.54613084,False,False,False
statevector,cycle,False,12,50,4096,3,4096,0.54613084,False,False,False
statevector,cycle,True,12,100,256,3,4096,0.27306542,False,False,False
statevector,cycle,False,12,100,512,3,4096,0.27306542,False,False,False
statevector,cycle,False,12,100,1024,3,4096,0.27306542,False,False,False
statevector,cycle,False,12,100,2048,3,4096,0.27306542,False,False,False
statevector,cycle,False,12,100,4096,3,4096,0.27306542,False,False,False
statevector,cycle,True,12,250,256,3,4096,0.109226168,False,False,False
statevector,cycle,False,12,250,512,3,4096,0.109226168,False,False,False
statevector,cycle,False,12,250,1024,3,4096,0.109226168,False,False,False
statevector,cycle,False,12,250,2048,3,4096,0.109226168,False,False,False
statevector,cycle,False,12,250,4096,3,4096,0.109226168,False,False,False
statevector,cycle,True,12,500,256,3,4096,0.054613084,False,False,False
statevector,cycle,False,12,500,512,3,4096,0.054613084,False,False,False
statevector,cycle,False,12,500,1024,3,4096,0.054613084,False,False,False
statevector,cycle,False,12,500,2048,3,4096,0.054613084,False,False,False
statevector,cycle,False,12,500,4096,3,4096,0.054613084,False,False,False
statevector,cycle,True,14,10,256,1,4096,2.72632285,False,True,False
statevector,cycle,False,14,10,512,1,4096,2.72632285,False,True,False
statevector,cycle,False,14,10,1024,1,4096,2.72632285,False,True,False
statevector,cycle,False,14,10,2048,1,4096,2.72632285,False,True,False
statevector,cycle,False,14,10,4096,1,4096,2.72632285,False,True,False
statevector,cycle,True,14,25,256,1,4096,1.0905291400000001,False,False,False
statevector,cycle,False,14,25,512,1,4096,1.0905291400000001,False,False,False
statevector,cycle,False,14,25,1024,1,4096,1.0905291400000001,False,False,False
statevector,cycle,False,14,25,2048,1,4096,1.0905291400000001,False,False,False
statevector,cycle,False,14,25,4096,1,4096,1.0905291400000001,False,False,False
statevector,cycle,True,14,50,256,1,4096,0.5452645700000001,False,False,False
statevector,cycle,False,14,50,512,1,4096,0.5452645700000001,False,False,False
statevector,cycle,False,14,50,1024,1,4096,0.5452645700000001,False,False,False
statevector,cycle,False,14,50,2048,1,4096,0.5452645700000001,False,False,False
statevector,cycle,False,14,50,4096,1,4096,0.5452645700000001,False,False,False
statevector,cycle,True,14,100,256,1,4096,0.27263228500000003,False,False,False
statevector,cycle,False,14,100,512,1,4096,0.27263228500000003,False,False,False
statevector,cycle,False,14,100,1024,1,4096,0.27263228500000003,False,False,False
statevector,cycle,False,14,100,2048,1,4096,0.27263228500000003,False,False,False
statevector,cycle,False,14,100,4096,1,4096,0.27263228500000003,False,False,False
statevector,cycle,True,14,250,256,1,4096,0.109052914,False,False,False
statevector,cycle,False,14,250,512,1,4096,0.109052914,False,False,False
statevector,cycle,False,14,250,1024,1,4096,0.109052914,False,False,False
statevector,cycle,False,14,250,2048,1,4096,0.109052914,False,False,False
statevector,cycle,False,14,250,4096,1,4096,0.109052914,False,False,False
statevector,cycle,True,14,500,256,1,4096,0.054526457,False,False,False
statevector,cycle,False,14,500,512,1,4096,0.054526457,False,False,False
statevector,cycle,False,14,500,1024,1,4096,0.054526457,False,False,False
statevector,cycle,False,14,500,2048,1,4096,0.054526457,False,False,False
statevector,cycle,False,14,500,4096,1,4096,0.054526457,False,False,False
statevector,cycle,True,14,10,256,2,4096,2.8840458,False,True,False
statevector,cycle,False,14,10,512,2,4096,2.8840458,False,True,False
statevector,cycle,False,14,10,1024,2,4096,2.8840458,False,True,False
statevector,cycle,False,14,10,2048,2,4096,2.8840458,False,True,False
statevector,cycle,False,14,10,4096,2,4096,2.8840458,False,True,False
statevector,cycle,True,14,25,256,2,4096,1.1536183199999999,False,False,False
statevector,cycle,False,14,25,512,2,4096,1.1536183199999999,False,False,False
statevector,cycle,False,14,25,1024,2,4096,1.1536183199999999,False,False,False
statevector,cycle,False,14,25,2048,2,4096,1.1536183199999999,False,False,False
statevector,cycle,False,14,25,4096,2,4096,1.1536183199999999,False,False,False
statevector,cycle,True,14,50,256,2,4096,0.5768091599999999,False,False,False
statevector,cycle,False,14,50,512,2,4096,0.5768091599999999,False,False,False
statevector,cycle,False,14,50,1024,2,4096,0.5768091599999999,False,False,False
statevector,cycle,False,14,50,2048,2,4096,0.5768091599999999,False,False,False
statevector,cycle,False,14,50,4096,2,4096,0.5768091599999999,False,False,False
statevector,cycle,True,14,100,256,2,4096,0.28840457999999997,False,False,False
statevector,cycle,False,14,100,512,2,4096,0.28840457999999997,False,False,False
statevector,cycle,False,14,100,1024,2,4096,0.28840457999999997,False,False,False
statevector,cycle,False,14,100,2048,2,4096,0.28840457999999997,False,False,False
statevector,cycle,False,14,100,4096,2,4096,0.28840457999999997,False,False,False
statevector,cycle,True,14,250,256,2,4096,0.115361832,False,False,False
statevector,cycle,False,14,250,512,2,4096,0.115361832,False,False,False
statevector,cycle,False,14,250,1024,2,4096,0.115361832,False,False,False
statevector,cycle,False,14,250,2048,2,4096,0.115361832,False,False,False
statevector,cycle,False,14,250,4096,2,4096,0.115361832,False,False,False
statevector,cycle,True,14,500,256,2,4096,0.057680916,False,False,False
statevector,cycle,False,14,500,512,2,4096,0.057680916,False,False,False
statevector,cycle,False,14,500,1024,2,4096,0.057680916,False,False,False
statevector,cycle,False,14,500,2048,2,4096,0.057680916,False,False,False
statevector,cycle,False,14,500,4096,2,4096,0.057680916,False,False,False
statevector,cycle,True,14,10,256,3,4096,2.92065205,False,True,False
statevector,cycle,False,14,10,512,3,4096,2.92065205,False,True,False
statevector,cycle,False,14,10,1024,3,4096,2.92065205,False,True,False
statevector,cycle,False,14,10,2048,3,4096,2.92065205,False,True,False
statevector,cycle,False,14,10,4096,3,4096,2.92065205,False,True,False
statevector,cycle,True,14,25,256,3,4096,1.16826082,False,False,False
statevector,cycle,False,14,25,512,3,4096,1.16826082,False,False,False
statevector,cycle,False,14,25,1024,3,4096,1.16826082,False,False,False
statevector,cycle,False,14,25,2048,3,4096,1.16826082,False,False,False
statevector,cycle,False,14,25,4096,3,4096,1.16826082,False,False,False
statevector,cycle,True,14,50,256,3,4096,0.58413041,False,False,False
statevector,cycle,False,14,50,512,3,4096,0.58413041,False,False,False
statevector,cycle,False,14,50,1024,3,4096,0.58413041,False,False,False
statevector,cycle,False,14,50,2048,3,4096,0.58413041,False,False,False
statevector,cycle,False,14,50,4096,3,4096,0.58413041,False,False,False
statevector,cycle,True,14,100,256,3,4096,0.292065205,False,False,False
statevector,cycle,False,14,100,512,3,4096,0.292065205,False,False,False
statevector,cycle,False,14,100,1024,3,4096,0.292065205,False,False,False
statevector,cycle,False,14,100,2048,3,4096,0.292065205,False,False,False
statevector,cycle,False,14,100,4096,3,4096,0.292065205,False,False,False
statevector,cycle,True,14,250,256,3,4096,0.116826082,False,False,False
statevector,cycle,False,14,250,512,3,4096,0.116826082,False,False,False
statevector,cycle,False,14,250,1024,3,4096,0.116826082,False,False,False
statevector,cycle,False,14,250,2048,3,4096,0.116826082,False,False,False
statevector,cycle,False,14,250,4096,3,4096,0.116826082,False,False,False
statevector,cycle,True,14,500,256,3,4096,0.058413041,False,False,False
statevector,cycle,False,14,500,512,3,4096,0.058413041,False,False,False
statevector,cycle,False,14,500,1024,3,4096,0.058413041,False,False,False
statevector,cycle,False,14,500,2048,3,4096,0.058413041,False,False,False
statevector,cycle,False,14,500,4096,3,4096,0.058413041,False,False,False
statevector,cycle,True,16,10,256,1,4096,3.07331245,False,True,False
statevector,cycle,False,16,10,512,1,4096,3.07331245,False,True,False
statevector,cycle,False,16,10,1024,1,4096,3.07331245,False,True,False
statevector,cycle,False,16,10,2048,1,4096,3.07331245,False,True,False
statevector,cycle,False,16,10,4096,1,4096,3.07331245,False,True,False
statevector,cycle,True,16,25,256,1,4096,1.22932498,False,False,False
statevector,cycle,False,16,25,512,1,4096,1.22932498,False,False,False
statevector,cycle,False,16,25,1024,1,4096,1.22932498,False,False,False
statevector,cycle,False,16,25,2048,1,4096,1.22932498,False,False,False
statevector,cycle,False,16,25,4096,1,4096,1.22932498,False,False,False
statevector,cycle,True,16,50,256,1,4096,0.61466249,False,False,False
statevector,cycle,False,16,50,512,1,4096,0.61466249,False,False,False
statevector,cycle,False,16,50,1024,1,4096,0.61466249,False,False,False
statevector,cycle,False,16,50,2048,1,4096,0.61466249,False,False,False
statevector,cycle,False,16,50,4096,1,4096,0.61466249,False,False,False
statevector,cycle,True,16,100,256,1,4096,0.307331245,False,False,False
statevector,cycle,False,16,100,512,1,4096,0.307331245,False,False,False
statevector,cycle,False,16,100,1024,1,4096,0.307331245,False,False,False
statevector,cycle,False,16,100,2048,1,4096,0.307331245,False,False,False
statevector,cycle,False,16,100,4096,1,4096,0.307331245,False,False,False
statevector,cycle,True,16,250,256,1,4096,0.122932498,False,False,False
statevector,cycle,False,16,250,512,1,4096,0.122932498,False,False,False
statevector,cycle,False,16,250,1024,1,4096,0.122932498,False,False,False
statevector,cycle,False,16,250,2048,1,4096,0.122932498,False,False,False
statevector,cycle,False,16,250,4096,1,4096,0.122932498,False,False,False
statevector,cycle,True,16,500,256,1,4096,0.061466249,False,False,False
statevector,cycle,False,16,500,512,1,4096,0.061466249,False,False,False
statevector,cycle,False,16,500,1024,1,4096,0.061466249,False,False,False
statevector,cycle,False,16,500,2048,1,4096,0.061466249,False,False,False
statevector,cycle,False,16,500,4096,1,4096,0.061466249,False,False,False
statevector,cycle,True,16,10,256,2,4096,3.36786045,False,True,False
statevector,cycle,False,16,10,512,2,4096,3.36786045,False,True,False
statevector,cycle,False,16,10,1024,2,4096,3.36786045,False,True,False
statevector,cycle,False,16,10,2048,2,4096,3.36786045,False,True,False
statevector,cycle,False,16,10,4096,2,4096,3.36786045,False,True,False
statevector,cycle,True,16,25,256,2,4096,1.34714418,False,False,False
statevector,cycle,False,16,25,512,2,4096,1.34714418,False,False,False
statevector,cycle,False,16,25,1024,2,4096,1.34714418,False,False,False
statevector,cycle,False,16,25,2048,2,4096,1.34714418,False,False,False
statevector,cycle,False,16,25,4096,2,4096,1.34714418,False,False,False
statevector,cycle,True,16,50,256,2,4096,0.67357209,False,False,False
statevector,cycle,False,16,50,512,2,4096,0.67357209,False,False,False
statevector,cycle,False,16,50,1024,2,4096,0.67357209,False,False,False
statevector,cycle,False,16,50,2048,2,4096,0.67357209,False,False,False
statevector,cycle,False,16,50,4096,2,4096,0.67357209,False,False,False
statevector,cycle,True,16,100,256,2,4096,0.336786045,False,False,False
statevector,cycle,False,16,100,512,2,4096,0.336786045,False,False,False
statevector,cycle,False,16,100,1024,2,4096,0.336786045,False,False,False
statevector,cycle,False,16,100,2048,2,4096,0.336786045,False,False,False
statevector,cycle,False,16,100,4096,2,4096,0.336786045,False,False,False
statevector,cycle,True,16,250,256,2,4096,0.134714418,False,False,False
statevector,cycle,False,16,250,512,2,4096,0.134714418,False,False,False
statevector,cycle,False,16,250,1024,2,4096,0.134714418,False,False,False
statevector,cycle,False,16,250,2048,2,4096,0.134714418,False,False,False
statevector,cycle,False,16,250,4096,2,4096,0.134714418,False,False,False
statevector,cycle,True,16,500,256,2,4096,0.067357209,False,False,False
statevector,cycle,False,16,500,512,2,4096,0.067357209,False,False,False
statevector,cycle,False,16,500,1024,2,4096,0.067357209,False,False,False
statevector,cycle,False,16,500,2048,2,4096,0.067357209,False,False,False
statevector,cycle,False,16,500,4096,2,4096,0.067357209,False,False,False
statevector,cycle,True,16,10,256,3,4096,3.69928125,False,True,False
statevector,cycle,False,16,10,512,3,4096,3.69928125,False,True,False
statevector,cycle,False,16,10,1024,3,4096,3.69928125,False,True,False
statevector,cycle,False,16,10,2048,3,4096,3.69928125,False,True,False
statevector,cycle,False,16,10,4096,3,4096,3.69928125,False,True,False
statevector,cycle,True,16,25,256,3,4096,1.4797125,False,False,False
statevector,cycle,False,16,25,512,3,4096,1.4797125,False,False,False
statevector,cycle,False,16,25,1024,3,4096,1.4797125,False,False,False
statevector,cycle,False,16,25,2048,3,4096,1.4797125,False,False,False
statevector,cycle,False,16,25,4096,3,4096,1.4797125,False,False,False
statevector,cycle,True,16,50,256,3,4096,0.73985625,False,False,False
statevector,cycle,False,16,50,512,3,4096,0.73985625,False,False,False
statevector,cycle,False,16,50,1024,3,4096,0.73985625,False,False,False
statevector,cycle,False,16,50,2048,3,4096,0.73985625,False,False,False
statevector,cycle,False,16,50,4096,3,4096,0.73985625,False,False,False
statevector,cycle,True,16,100,256,3,4096,0.369928125,False,False,False
statevector,cycle,False,16,100,512,3,4096,0.369928125,False,False,False
statevector,cycle,False,16,100,1024,3,4096,0.369928125,False,False,False
statevector,cycle,False,16,100,2048,3,4096,0.369928125,False,False,False
statevector,cycle,False,16,100,4096,3,4096,0.369928125,False,False,False
statevector,cycle,True,16,250,256,3,4096,0.14797125,False,False,False
statevector,cycle,False,16,250,512,3,4096,0.14797125,False,False,False
statevector,cycle,False,16,250,1024,3,4096,0.14797125,False,False,False
statevector,cycle,False,16,250,2048,3,4096,0.14797125,False,False,False
statevector,cycle,False,16,250,4096,3,4096,0.14797125,False,False,False
statevector,cycle,True,16,500,256,3,4096,0.073985625,False,False,False
statevector,cycle,False,16,500,512,3,4096,0.073985625,False,False,False
statevector,cycle,False,16,500,1024,3,4096,0.073985625,False,False,False
statevector,cycle,False,16,500,2048,3,4096,0.073985625,False,False,False
statevector,cycle,False,16,500,4096,3,4096,0.073985625,False,False,False
statevector,cycle,True,18,10,256,1,4096,4.0276376,False,True,False
statevector,cycle,False,18,10,512,1,4096,4.0276376,False,True,False
statevector,cycle,False,18,10,1024,1,4096,4.0276376,False,True,False
statevector,cycle,False,18,10,2048,1,4096,4.0276376,False,True,False
statevector,cycle,False,18,10,4096,1,4096,4.0276376,False,True,False
statevector,cycle,True,18,25,256,1,4096,1.6110550399999999,False,False,False
statevector,cycle,False,18,25,512,1,4096,1.6110550399999999,False,False,False
statevector,cycle,False,18,25,1024,1,4096,1.6110550399999999,False,False,False
statevector,cycle,False,18,25,2048,1,4096,1.6110550399999999,False,False,False
statevector,cycle,False,18,25,4096,1,4096,1.6110550399999999,False,False,False
statevector,cycle,True,18,50,256,1,4096,0.8055275199999999,False,False,False
statevector,cycle,False,18,50,512,1,4096,0.8055275199999999,False,False,False
statevector,cycle,False,18,50,1024,1,4096,0.8055275199999999,False,False,False
statevector,cycle,False,18,50,2048,1,4096,0.8055275199999999,False,False,False
statevector,cycle,False,18,50,4096,1,4096,0.8055275199999999,False,False,False
statevector,cycle,True,18,100,256,1,4096,0.40276375999999997,False,False,False
statevector,cycle,False,18,100,512,1,4096,0.40276375999999997,False,False,False
statevector,cycle,False,18,100,1024,1,4096,0.40276375999999997,False,False,False
statevector,cycle,False,18,100,2048,1,4096,0.40276375999999997,False,False,False
statevector,cycle,False,18,100,4096,1,4096,0.40276375999999997,False,False,False
statevector,cycle,True,18,250,256,1,4096,0.16110550399999998,False,False,False
statevector,cycle,False,18,250,512,1,4096,0.16110550399999998,False,False,False
statevector,cycle,False,18,250,1024,1,4096,0.16110550399999998,False,False,False
statevector,cycle,False,18,250,2048,1,4096,0.16110550399999998,False,False,False
statevector,cycle,False,18,250,4096,1,4096,0.16110550399999998,False,False,False
statevector,cycle,True,18,500,256,1,4096,0.08055275199999999,False,False,False
statevector,cycle,False,18,500,512,1,4096,0.08055275199999999,False,False,False
statevector,cycle,False,18,500,1024,1,4096,0.08055275199999999,False,False,False
statevector,cycle,False,18,500,2048,1,4096,0.08055275199999999,False,False,False
statevector,cycle,False,18,500,4096,1,4096,0.08055275199999999,False,False,False
statevector,cycle,True,18,10,256,2,4096,5.6222208,False,True,True
statevector,cycle,False,18,10,512,2,4096,5.6222208,False,True,True
statevector,cycle,False,18,10,1024,2,4096,5.6222208,False,True,True
statevector,cycle,False,18,10,2048,2,4096,5.6222208,False,True,True
statevector,cycle,False,18,10,4096,2,4096,5.6222208,False,True,True
statevector,cycle,True,18,25,256,2,4096,2.2488883200000003,False,True,False
statevector,cycle,False,18,25,512,2,4096,2.2488883200000003,False,True,False
statevector,cycle,False,18,25,1024,2,4096,2.2488883200000003,False,True,False
statevector,cycle,False,18,25,2048,2,4096,2.2488883200000003,False,True,False
statevector,cycle,False,18,25,4096,2,4096,2.2488883200000003,False,True,False
statevector,cycle,True,18,50,256,2,4096,1.1244441600000001,False,False,False
statevector,cycle,False,18,50,512,2,4096,1.1244441600000001,False,False,False
statevector,cycle,False,18,50,1024,2,4096,1.1244441600000001,False,False,False
statevector,cycle,False,18,50,2048,2,4096,1.1244441600000001,False,False,False
statevector,cycle,False,18,50,4096,2,4096,1.1244441600000001,False,False,False
statevector,cycle,True,18,100,256,2,4096,0.5622220800000001,False,False,False
statevector,cycle,False,18,100,512,2,4096,0.5622220800000001,False,False,False
statevector,cycle,False,18,100,1024,2,4096,0.5622220800000001,False,False,False
statevector,cycle,False,18,100,2048,2,4096,0.5622220800000001,False,False,False
statevector,cycle,False,18,100,4096,2,4096,0.5622220800000001,False,False,False
statevector,cycle,True,18,250,256,2,4096,0.224888832,False,False,False
statevector,cycle,False,18,250,512,2,4096,0.224888832,False,False,False
statevector,cycle,False,18,250,1024,2,4096,0.224888832,False,False,False
statevector,cycle,False,18,250,2048,2,4096,0.224888832,False,False,False
statevector,cycle,False,18,250,4096,2,4096,0.224888832,False,False,False
statevector,cycle,True,18,500,256,2,4096,0.112444416,False,False,False
statevector,cycle,False,18,500,512,2,4096,0.112444416,False,False,False
statevector,cycle,False,18,500,1024,2,4096,0.112444416,False,False,False
statevector,cycle,False,18,500,2048,2,4096,0.112444416,False,False,False
statevector,cycle,False,18,500,4096,2,4096,0.112444416,False,False,False
statevector,cycle,True,18,10,256,3,4096,6.9076374000000005,False,True,True
statevector,cycle,False,18,10,512,3,4096,6.9076374000000005,False,True,True
statevector,cycle,False,18,10,1024,3,4096,6.9076374000000005,False,True,True
statevector,cycle,False,18,10,2048,3,4096,6.9076374000000005,False,True,True
statevector,cycle,False,18,10,4096,3,4096,6.9076374000000005,False,True,True
statevector,cycle,True,18,25,256,3,4096,2.76305496,False,True,False
statevector,cycle,False,18,25,512,3,4096,2.76305496,False,True,False
statevector,cycle,False,18,25,1024,3,4096,2.76305496,False,True,False
statevector,cycle,False,18,25,2048,3,4096,2.76305496,False,True,False
statevector,cycle,False,18,25,4096,3,4096,2.76305496,False,True,False
statevector,cycle,True,18,50,256,3,4096,1.38152748,False,False,False
statevector,cycle,False,18,50,512,3,4096,1.38152748,False,False,False
statevector,cycle,False,18,50,1024,3,4096,1.38152748,False,False,False
statevector,cycle,False,18,50,2048,3,4096,1.38152748,False,False,False
statevector,cycle,False,18,50,4096,3,4096,1.38152748,False,False,False
statevector,cycle,True,18,100,256,3,4096,0.69076374,False,False,False
statevector,cycle,False,18,100,512,3,4096,0.69076374,False,False,False
statevector,cycle,False,18,100,1024,3,4096,0.69076374,False,False,False
statevector,cycle,False,18,100,2048,3,4096,0.69076374,False,False,False
statevector,cycle,False,18,100,4096,3,4096,0.69076374,False,False,False
statevector,cycle,True,18,250,256,3,4096,0.276305496,False,False,False
statevector,cycle,False,18,250,512,3,4096,0.276305496,False,False,False
statevector,cycle,False,18,250,1024,3,4096,0.276305496,False,False,False
statevector,cycle,False,18,250,2048,3,4096,0.276305496,False,False,False
statevector,cycle,False,18,250,4096,3,4096,0.276305496,False,False,False
statevector,cycle,True,18,500,256,3,4096,0.138152748,False,False,False
statevector,cycle,False,18,500,512,3,4096,0.138152748,False,False,False
statevector,cycle,False,18,500,1024,3,4096,0.138152748,False,False,False
statevector,cycle,False,18,500,2048,3,4096,0.138152748,False,False,False
statevector,cycle,False,18,500,4096,3,4096,0.138152748,False,False,False
statevector,cycle,True,20,10,256,1,4096,8.5260709,False,True,True
statevector,cycle,False,20,10,512,1,4096,8.5260709,False,True,True
statevector,cycle,False,20,10,1024,1,4096,8.5260709,False,True,True
statevector,cycle,False,20,10,2048,1,4096,8.5260709,False,True,True
statevector,cycle,False,20,10,4096,1,4096,8.5260709,False,True,True
statevector,cycle,True,20,25,256,1,4096,3.41042836,False,True,False
statevector,cycle,False,20,25,512,1,4096,3.41042836,False,True,False
statevector,cycle,False,20,25,1024,1,4096,3.41042836,False,True,False
statevector,cycle,False,20,25,2048,1,4096,3.41042836,False,True,False
statevector,cycle,False,20,25,4096,1,4096,3.41042836,False,True,False
statevector,cycle,True,20,50,256,1,4096,1.70521418,False,False,False
statevector,cycle,False,20,50,512,1,4096,1.70521418,False,False,False
statevector,cycle,False,20,50,1024,1,4096,1.70521418,False,False,False
statevector,cycle,False,20,50,2048,1,4096,1.70521418,False,False,False
statevector,cycle,False,20,50,4096,1,4096,1.70521418,False,False,False
statevector,cycle,True,20,100,256,1,4096,0.85260709,False,False,False
statevector,cycle,False,20,100,512,1,4096,0.85260709,False,False,False
statevector,cycle,False,20,100,1024,1,4096,0.85260709,False,False,False
statevector,cycle,False,20,100,2048,1,4096,0.85260709,False,False,False
statevector,cycle,False,20,100,4096,1,4096,0.85260709,False,False,False
statevector,cycle,True,20,250,256,1,4096,0.341042836,False,False,False
statevector,cycle,False,20,250,512,1,4096,0.341042836,False,False,False
statevector,cycle,False,20,250,1024,1,4096,0.341042836,False,False,False
statevector,cycle,False,20,250,2048,1,4096,0.341042836,False,False,False
statevector,cycle,False,20,250,4096,1,4096,0.341042836,False,False,False
statevector,cycle,True,20,500,256,1,4096,0.170521418,False,False,False
statevector,cycle,False,20,500,512,1,4096,0.170521418,False,False,False
statevector,cycle,False,20,500,1024,1,4096,0.170521418,False,False,False
statevector,cycle,False,20,500,2048,1,4096,0.170521418,False,False,False
statevector,cycle,False,20,500,4096,1,4096,0.170521418,False,False,False
statevector,cycle,True,20,10,256,2,4096,15.535595699999998,True,True,True
statevector,cycle,False,20,10,512,2,4096,15.535595699999998,True,True,True
statevector,cycle,False,20,10,1024,2,4096,15.535595699999998,True,True,True
statevector,cycle,False,20,10,2048,2,4096,15.535595699999998,True,True,True
statevector,cycle,False,20,10,4096,2,4096,15.535595699999998,True,True,True
statevector,cycle,True,20,25,256,2,4096,6.21423828,False,True,True
statevector,cycle,False,20,25,512,2,4096,6.21423828,False,True,True
statevector,cycle,False,20,25,1024,2,4096,6.21423828,False,True,True
statevector,cycle,False,20,25,2048,2,4096,6.21423828,False,True,True
statevector,cycle,False,20,25,4096,2,4096,6.21423828,False,True,True
statevector,cycle,True,20,50,256,2,4096,3.10711914,False,True,False
statevector,cycle,False,20,50,512,2,4096,3.10711914,False,True,False
statevector,cycle,False,20,50,1024,2,4096,3.10711914,False,True,False
statevector,cycle,False,20,50,2048,2,4096,3.10711914,False,True,False
statevector,cycle,False,20,50,4096,2,4096,3.10711914,False,True,False
statevector,cycle,True,20,100,256,2,4096,1.55355957,False,False,False
statevector,cycle,False,20,100,512,2,4096,1.55355957,False,False,False
statevector,cycle,False,20,100,1024,2,4096,1.55355957,False,False,False
statevector,cycle,False,20,100,2048,2,4096,1.55355957,False,False,False
statevector,cycle,False,20,100,4096,2,4096,1.55355957,False,False,False
statevector,cycle,True,20,250,256,2,4096,0.621423828,False,False,False
statevector,cycle,False,20,250,512,2,4096,0.621423828,False,False,False
statevector,cycle,False,20,250,1024,2,4096,0.621423828,False,False,False
statevector,cycle,False,20,250,2048,2,4096,0.621423828,False,False,False
statevector,cycle,False,20,250,4096,2,4096,0.621423828,False,False,False
statevector,cycle,True,20,500,256,2,4096,0.310711914,False,False,False
statevector,cycle,False,20,500,512,2,4096,0.310711914,False,False,False
statevector,cycle,False,20,500,1024,2,4096,0.310711914,False,False,False
statevector,cycle,False,20,500,2048,2,4096,0.310711914,False,False,False
statevector,cycle,False,20,500,4096,2,4096,0.310711914,False,False,False
statevector,cycle,True,20,10,256,3,4096,21.5712667,True,True,True
statevector,cycle,False,20,10,512,3,4096,21.5712667,True,True,True
statevector,cycle,False,20,10,1024,3,4096,21.5712667,True,True,True
statevector,cycle,False,20,10,2048,3,4096,21.5712667,True,True,True
statevector,cycle,False,20,10,4096,3,4096,21.5712667,True,True,True
statevector,cycle,True,20,25,256,3,4096,8.62850668,False,True,True
statevector,cycle,False,20,25,512,3,4096,8.62850668,False,True,True
statevector,cycle,False,20,25,1024,3,4096,8.62850668,False,True,True
statevector,cycle,False,20,25,2048,3,4096,8.62850668,False,True,True
statevector,cycle,False,20,25,4096,3,4096,8.62850668,False,True,True
statevector,cycle,True,20,50,256,3,4096,4.31425334,False,True,False
statevector,cycle,False,20,50,512,3,4096,4.31425334,False,True,False
statevector,cycle,False,20,50,1024,3,4096,4.31425334,False,True,False
statevector,cycle,False,20,50,2048,3,4096,4.31425334,False,True,False
statevector,cycle,False,20,50,4096,3,4096,4.31425334,False,True,False
statevector,cycle,True,20,100,256,3,4096,2.15712667,False,True,False
statevector,cycle,False,20,100,512,3,4096,2.15712667,False,True,False
statevector,cycle,False,20,100,1024,3,4096,2.15712667,False,True,False
statevector,cycle,False,20,100,2048,3,4096,2.15712667,False,True,False
statevector,cycle,False,20,100,4096,3,4096,2.15712667,False,True,False
statevector,cycle,True,20,250,256,3,4096,0.8628506679999999,False,False,False
statevector,cycle,False,20,250,512,3,4096,0.8628506679999999,False,False,False
statevector,cycle,False,20,250,1024,3,4096,0.8628506679999999,False,False,False
statevector,cycle,False,20,250,2048,3,4096,0.8628506679999999,False,False,False
statevector,cycle,False,20,250,4096,3,4096,0.8628506679999999,False,False,False
statevector,cycle,True,20,500,256,3,4096,0.43142533399999994,False,False,False
statevector,cycle,False,20,500,512,3,4096,0.43142533399999994,False,False,False
statevector,cycle,False,20,500,1024,3,4096,0.43142533399999994,False,False,False
statevector,cycle,False,20,500,2048,3,4096,0.43142533399999994,False,False,False
statevector,cycle,False,20,500,4096,3,4096,0.43142533399999994,False,False,False
matrix_product_state,cycle,True,22,10,256,1,4096,19.308237499999997,True,True,True
matrix_product_state,cycle,False,22,10,512,1,4096,19.308237499999997,True,True,True
matrix_product_state,cycle,False,22,10,1024,1,4096,19.308237499999997,True,True,True
matrix_product_state,cycle,False,22,10,2048,1,4096,19.308237499999997,True,True,True
matrix_product_state,cycle,False,22,10,4096,1,4096,19.308237499999997,True,True,True
matrix_product_state,cycle,True,22,25,256,1,4096,7.723294999999999,False,True,True
matrix_product_state,cycle,False,22,25,512,1,4096,7.723294999999999,False,True,True
matrix_product_state,cycle,False,22,25,1024,1,4096,7.723294999999999,False,True,True
matrix_product_state,cycle,False,22,25,2048,1,4096,7.723294999999999,False,True,True
matrix_product_state,cycle,False,22,25,4096,1,4096,7.723294999999999,False,True,True
matrix_product_state,cycle,True,22,50,256,1,4096,3.8616474999999997,False,True,False
matrix_product_state,cycle,False,22,50,512,1,4096,3.8616474999999997,False,True,False
matrix_product_state,cycle,False,22,50,1024,1,4096,3.8616474999999997,False,True,False
matrix_product_state,cycle,False,22,50,2048,1,4096,3.8616474999999997,False,True,False
matrix_product_state,cycle,False,22,50,4096,1,4096,3.8616474999999997,False,True,False
matrix_product_state,cycle,True,22,100,256,1,4096,1.9308237499999998,False,False,False
matrix_product_state,cycle,False,22,100,512,1,4096,1.9308237499999998,False,False,False
matrix_product_state,cycle,False,22,100,1024,1,4096,1.9308237499999998,False,False,False
matrix_product_state,cycle,False,22,100,2048,1,4096,1.9308237499999998,False,False,False
matrix_product_state,cycle,False,22,100,4096,1,4096,1.9308237499999998,False,False,False
matrix_product_state,cycle,True,22,250,256,1,4096,0.7723294999999999,False,False,False
matrix_product_state,cycle,False,22,250,512,1,4096,0.7723294999999999,False,False,False
matrix_product_state,cycle,False,22,250,1024,1,4096,0.7723294999999999,False,False,False
matrix_product_state,cycle,False,22,250,2048,1,4096,0.7723294999999999,False,False,False
matrix_product_state,cycle,False,22,250,4096,1,4096,0.7723294999999999,False,False,False
matrix_product_state,cycle,True,22,500,256,1,4096,0.38616474999999995,False,False,False
matrix_product_state,cycle,False,22,500,512,1,4096,0.38616474999999995,False,False,False
matrix_product_state,cycle,False,22,500,1024,1,4096,0.38616474999999995,False,False,False
matrix_product_state,cycle,False,22,500,2048,1,4096,0.38616474999999995,False,False,False
matrix_product_state,cycle,False,22,500,4096,1,4096,0.38616474999999995,False,False,False
matrix_product_state,cycle,True,22,10,256,2,4096,48.4325208,True,True,True
matrix_product_state,cycle,False,22,10,512,2,4096,48.4325208,True,True,True
matrix_product_state,cycle,False,22,10,1024,2,4096,48.4325208,True,True,True
matrix_product_state,cycle,False,22,10,2048,2,4096,48.4325208,True,True,True
matrix_product_state,cycle,False,22,10,4096,2,4096,48.4325208,True,True,True
matrix_product_state,cycle,True,22,25,256,2,4096,19.37300832,True,True,True
matrix_product_state,cycle,False,22,25,512,2,4096,19.37300832,True,True,True
matrix_product_state,cycle,False,22,25,1024,2,4096,19.37300832,True,True,True
matrix_product_state,cycle,False,22,25,2048,2,4096,19.37300832,True,True,True
matrix_product_state,cycle,False,22,25,4096,2,4096,19.37300832,True,True,True
matrix_product_state,cycle,True,22,50,256,2,4096,9.68650416,False,True,True
matrix_product_state,cycle,False,22,50,512,2,4096,9.68650416,False,True,True
matrix_product_state,cycle,False,22,50,1024,2,4096,9.68650416,False,True,True
matrix_product_state,cycle,False,22,50,2048,2,4096,9.68650416,False,True,True
matrix_product_state,cycle,False,22,50,4096,2,4096,9.68650416,False,True,True
matrix_product_state,cycle,True,22,100,256,2,4096,4.84325208,False,True,False
matrix_product_state,cycle,False,22,100,512,2,4096,4.84325208,False,True,False
matrix_product_state,cycle,False,22,100,1024,2,4096,4.84325208,False,True,False
matrix_product_state,cycle,False,22,100,2048,2,4096,4.84325208,False,True,False
matrix_product_state,cycle,False,22,100,4096,2,4096,4.84325208,False,True,False
matrix_product_state,cycle,True,22,250,256,2,4096,1.9373008319999998,False,False,False
matrix_product_state,cycle,False,22,250,512,2,4096,1.9373008319999998,False,False,False
matrix_product_state,cycle,False,22,250,1024,2,4096,1.9373008319999998,False,False,False
matrix_product_state,cycle,False,22,250,2048,2,4096,1.9373008319999998,False,False,False
matrix_product_state,cycle,False,22,250,4096,2,4096,1.9373008319999998,False,False,False
matrix_product_state,cycle,True,22,500,256,2,4096,0.9686504159999999,False,False,False
matrix_product_state,cycle,False,22,500,512,2,4096,0.9686504159999999,False,False,False
matrix_product_state,cycle,False,22,500,1024,2,4096,0.9686504159999999,False,False,False
matrix_product_state,cycle,False,22,500,2048,2,4096,0.9686504159999999,False,False,False
matrix_product_state,cycle,False,22,500,4096,2,4096,0.9686504159999999,False,False,False
statevector,cycle,True,22,10,256,3,4096,112.66952929999998,True,True,True
statevector,cycle,False,22,10,512,3,4096,112.66952929999998,True,True,True
statevector,cycle,False,22,10,1024,3,4096,112.66952929999998,True,True,True
statevector,cycle,False,22,10,2048,3,4096,112.66952929999998,True,True,True
statevector,cycle,False,22,10,4096,3,4096,112.66952929999998,True,True,True
statevector,cycle,True,22,25,256,3,4096,45.06781171999999,True,True,True
statevector,cycle,False,22,25,512,3,4096,45.06781171999999,True,True,True
statevector,cycle,False,22,25,1024,3,4096,45.06781171999999,True,True,True
statevector,cycle,False,22,25,2048,3,4096,45.06781171999999,True,True,True
statevector,cycle,False,22,25,4096,3,4096,45.06781171999999,True,True,True
statevector,cycle,True,22,50,256,3,4096,22.533905859999994,True,True,True
statevector,cycle,False,22,50,512,3,4096,22.533905859999994,True,True,True
statevector,cycle,False,22,50,1024,3,4096,22.533905859999994,True,True,True
statevector,cycle,False,22,50,2048,3,4096,22.533905859999994,True,True,True
statevector,cycle,False,22,50,4096,3,4096,22.533905859999994,True,True,True
statevector,cycle,True,22,100,256,3,4096,11.266952929999997,True,True,True
statevector,cycle,False,22,100,512,3,4096,11.266952929999997,True,True,True
statevector,cycle,False,22,100,1024,3,4096,11.266952929999997,True,True,True
statevector,cycle,False,22,100,2048,3,4096,11.266952929999997,True,True,True
statevector,cycle,False,22,100,4096,3,4096,11.266952929999997,True,True,True
statevector,cycle,True,22,250,256,3,4096,4.506781171999999,False,True,False
statevector,cycle,False,22,250,512,3,4096,4.506781171999999,False,True,False
statevector,cycle,False,22,250,1024,3,4096,4.506781171999999,False,True,False
statevector,cycle,False,22,250,2048,3,4096,4.506781171999999,False,True,False
statevector,cycle,False,22,250,4096,3,4096,4.506781171999999,False,True,False
statevector,cycle,True,22,500,256,3,4096,2.2533905859999996,False,True,False
statevector,cycle,False,22,500,512,3,4096,2.2533905859999996,False,True,False
statevector,cycle,False,22,500,1024,3,4096,2.2533905859999996,False,True,False
statevector,cycle,False,22,500,2048,3,4096,2.2533905859999996,False,True,False
statevector,cycle,False,22,500,4096,3,4096,2.2533905859999996,False,True,False
matrix_product_state,cycle,True,24,10,256,1,4096,21.156179100000003,True,True,True
matrix_product_state,cycle,False,24,10,512,1,4096,21.156179100000003,True,True,True
matrix_product_state,cycle,False,24,10,1024,1,4096,21.156179100000003,True,True,True
matrix_product_state,cycle,False,24,10,2048,1,4096,21.156179100000003,True,True,True
matrix_product_state,cycle,False,24,10,4096,1,4096,21.156179100000003,True,True,True
matrix_product_state,cycle,True,24,25,256,1,4096,8.46247164,False,True,True
matrix_product_state,cycle,False,24,25,512,1,4096,8.46247164,False,True,True
matrix_product_state,cycle,False,24,25,1024,1,4096,8.46247164,False,True,True
matrix_product_state,cycle,False,24,25,2048,1,4096,8.46247164,False,True,True
matrix_product_state,cycle,False,24,25,4096,1,4096,8.46247164,False,True,True
matrix_product_state,cycle,True,24,50,256,1,4096,4.23123582,False,True,False
matrix_product_state,cycle,False,24,50,512,1,4096,4.23123582,False,True,False
matrix_product_state,cycle,False,24,50,1024,1,4096,4.23123582,False,True,False
matrix_product_state,cycle,False,24,50,2048,1,4096,4.23123582,False,True,False
matrix_product_state,cycle,False,24,50,4096,1,4096,4.23123582,False,True,False
matrix_product_state,cycle,True,24,100,256,1,4096,2.11561791,False,True,False
matrix_product_state,cycle,False,24,100,512,1,4096,2.11561791,False,True,False
matrix_product_state,cycle,False,24,100,1024,1,4096,2.11561791,False,True,False
matrix_product_state,cycle,False,24,100,2048,1,4096,2.11561791,False,True,False
matrix_product_state,cycle,False,24,100,4096,1,4096,2.11561791,False,True,False
matrix_product_state,cycle,True,24,250,256,1,4096,0.8462471640000001,False,False,False
matrix_product_state,cycle,False,24,250,512,1,4096,0.8462471640000001,False,False,False
matrix_product_state,cycle,False,24,250,1024,1,4096,0.8462471640000001,False,False,False
matrix_product_state,cycle,False,24,250,2048,1,4096,0.8462471640000001,False,False,False
matrix_product_state,cycle,False,24,250,4096,1,4096,0.8462471640000001,False,False,False
matrix_product_state,cycle,True,24,500,256,1,4096,0.42312358200000005,False,False,False
matrix_product_state,cycle,False,24,500,512,1,4096,0.42312358200000005,False,False,False
matrix_product_state,cycle,False,24,500,1024,1,4096,0.42312358200000005,False,False,False
matrix_product_state,cycle,False,24,500,2048,1,4096,0.42312358200000005,False,False,False
matrix_product_state,cycle,False,24,500,4096,1,4096,0.42312358200000005,False,False,False
matrix_product_state,cycle,True,24,10,256,2,4096,52.876875,True,True,True
matrix_product_state,cycle,False,24,10,512,2,4096,52.876875,True,True,True
matrix_product_state,cycle,False,24,10,1024,2,4096,52.876875,True,True,True
matrix_product_state,cycle,False,24,10,2048,2,4096,52.876875,True,True,True
matrix_product_state,cycle,False,24,10,4096,2,4096,52.876875,True,True,True
matrix_product_state,cycle,True,24,25,256,2,4096,21.15075,True,True,True
matrix_product_state,cycle,False,24,25,512,2,4096,21.15075,True,True,True
matrix_product_state,cycle,False,24,25,1024,2,4096,21.15075,True,True,True
matrix_product_state,cycle,False,24,25,2048,2,4096,21.15075,True,True,True
matrix_product_state,cycle,False,24,25,4096,2,4096,21.15075,True,True,True
matrix_product_state,cycle,True,24,50,256,2,4096,10.575375,True,True,True
matrix_product_state,cycle,False,24,50,512,2,4096,10.575375,True,True,True
matrix_product_state,cycle,False,24,50,1024,2,4096,10.575375,True,True,True
matrix_product_state,cycle,False,24,50,2048,2,4096,10.575375,True,True,True
matrix_product_state,cycle,False,24,50,4096,2,4096,10.575375,True,True,True
matrix_product_state,cycle,True,24,100,256,2,4096,5.2876875,False,True,True
matrix_product_state,cycle,False,24,100,512,2,4096,5.2876875,False,True,True
matrix_product_state,cycle,False,24,100,1024,2,4096,5.2876875,False,True,True
matrix_product_state,cycle,False,24,100,2048,2,4096,5.2876875,False,True,True
matrix_product_state,cycle,False,24,100,4096,2,4096,5.2876875,False,True,True
matrix_product_state,cycle,True,24,250,256,2,4096,2.115075,False,True,False
matrix_product_state,cycle,False,24,250,512,2,4096,2.115075,False,True,False
matrix_product_state,cycle,False,24,250,1024,2,4096,2.115075,False,True,False
matrix_product_state,cycle,False,24,250,2048,2,4096,2.115075,False,True,False
matrix_product_state,cycle,False,24,250,4096,2,4096,2.115075,False,True,False
matrix_product_state,cycle,True,24,500,256,2,4096,1.0575375,False,False,False
matrix_product_state,cycle,False,24,500,512,2,4096,1.0575375,False,False,False
matrix_product_state,cycle,False,24,500,1024,2,4096,1.0575375,False,False,False
matrix_product_state,cycle,False,24,500,2048,2,4096,1.0575375,False,False,False
matrix_product_state,cycle,False,24,500,4096,2,4096,1.0575375,False,False,False
matrix_product_state,cycle,True,24,10,256,3,4096,446.2339125,True,True,True
matrix_product_state,cycle,False,24,10,512,3,4096,446.2339125,True,True,True
matrix_product_state,cycle,False,24,10,1024,3,4096,446.2339125,True,True,True
matrix_product_state,cycle,False,24,10,2048,3,4096,446.2339125,True,True,True
matrix_product_state,cycle,False,24,10,4096,3,4096,446.2339125,True,True,True
matrix_product_state,cycle,True,24,25,256,3,4096,178.493565,True,True,True
matrix_product_state,cycle,False,24,25,512,3,4096,178.493565,True,True,True
matrix_product_state,cycle,False,24,25,1024,3,4096,178.493565,True,True,True
matrix_product_state,cycle,False,24,25,2048,3,4096,178.493565,True,True,True
matrix_product_state,cycle,False,24,25,4096,3,4096,178.493565,True,True,True
matrix_product_state,cycle,True,24,50,256,3,4096,89.2467825,True,True,True
matrix_product_state,cycle,False,24,50,512,3,4096,89.2467825,True,True,True
matrix_product_state,cycle,False,24,50,1024,3,4096,89.2467825,True,True,True
matrix_product_state,cycle,False,24,50,2048,3,4096,89.2467825,True,True,True
matrix_product_state,cycle,False,24,50,4096,3,4096,89.2467825,True,True,True
matrix_product_state,cycle,True,24,100,256,3,4096,44.62339125,True,True,True
matrix_product_state,cycle,False,24,100,512,3,4096,44.62339125,True,True,True
matrix_product_state,cycle,False,24,100,1024,3,4096,44.62339125,True,True,True
matrix_product_state,cycle,False,24,100,2048,3,4096,44.62339125,True,True,True
matrix_product_state,cycle,False,24,100,4096,3,4096,44.62339125,True,True,True
matrix_product_state,cycle,True,24,250,256,3,4096,17.8493565,True,True,True
matrix_product_state,cycle,False,24,250,512,3,4096,17.8493565,True,True,True
matrix_product_state,cycle,False,24,250,1024,3,4096,17.8493565,True,True,True
matrix_product_state,cycle,False,24,250,2048,3,4096,17.8493565,True,True,True
matrix_product_state,cycle,False,24,250,4096,3,4096,17.8493565,True,True,True
matrix_product_state,cycle,True,24,500,256,3,4096,8.92467825,False,True,True
matrix_product_state,cycle,False,24,500,512,3,4096,8.92467825,False,True,True
matrix_product_state,cycle,False,24,500,1024,3,4096,8.92467825,False,True,True
matrix_product_state,cycle,False,24,500,2048,3,4096,8.92467825,False,True,True
matrix_product_state,cycle,False,24,500,4096,3,4096,8.92467825,False,True,True
statevector,random_3_regular,True,6,10,256,1,4096,2.1344854999999994,False,True,False
statevector,random_3_regular,False,6,10,512,1,4096,2.1344854999999994,False,True,False
statevector,random_3_regular,False,6,10,1024,1,4096,2.1344854999999994,False,True,False
statevector,random_3_regular,False,6,10,2048,1,4096,2.1344854999999994,False,True,False
statevector,random_3_regular,False,6,10,4096,1,4096,2.1344854999999994,False,True,False
statevector,random_3_regular,True,6,25,256,1,4096,0.8537941999999998,False,False,False
statevector,random_3_regular,False,6,25,512,1,4096,0.8537941999999998,False,False,False
statevector,random_3_regular,False,6,25,1024,1,4096,0.8537941999999998,False,False,False
statevector,random_3_regular,False,6,25,2048,1,4096,0.8537941999999998,False,False,False
statevector,random_3_regular,False,6,25,4096,1,4096,0.8537941999999998,False,False,False
statevector,random_3_regular,True,6,50,256,1,4096,0.4268970999999999,False,False,False
statevector,random_3_regular,False,6,50,512,1,4096,0.4268970999999999,False,False,False
statevector,random_3_regular,False,6,50,1024,1,4096,0.4268970999999999,False,False,False
statevector,random_3_regular,False,6,50,2048,1,4096,0.4268970999999999,False,False,False
statevector,random_3_regular,False,6,50,4096,1,4096,0.4268970999999999,False,False,False
statevector,random_3_regular,True,6,100,256,1,4096,0.21344854999999996,False,False,False
statevector,random_3_regular,False,6,100,512,1,4096,0.21344854999999996,False,False,False
statevector,random_3_regular,False,6,100,1024,1,4096,0.21344854999999996,False,False,False
statevector,random_3_regular,False,6,100,2048,1,4096,0.21344854999999996,False,False,False
statevector,random_3_regular,False,6,100,4096,1,4096,0.21344854999999996,False,False,False
statevector,random_3_regular,True,6,250,256,1,4096,0.08537941999999998,False,False,False
statevector,random_3_regular,False,6,250,512,1,4096,0.08537941999999998,False,False,False
statevector,random_3_regular,False,6,250,1024,1,4096,0.08537941999999998,False,False,False
statevector,random_3_regular,False,6,250,2048,1,4096,0.08537941999999998,False,False,False
statevector,random_3_regular,False,6,250,4096,1,4096,0.08537941999999998,False,False,False
statevector,random_3_regular,True,6,500,256,1,4096,0.04268970999999999,False,False,False
statevector,random_3_regular,False,6,500,512,1,4096,0.04268970999999999,False,False,False
statevector,random_3_regular,False,6,500,1024,1,4096,0.04268970999999999,False,False,False
statevector,random_3_regular,False,6,500,2048,1,4096,0.04268970999999999,False,False,False
statevector,random_3_regular,False,6,500,4096,1,4096,0.04268970999999999,False,False,False
statevector,random_3_regular,True,6,10,256,2,4096,2.1701291499999997,False,True,False
statevector,random_3_regular,False,6,10,512,2,4096,2.1701291499999997,False,True,False
statevector,random_3_regular,False,6,10,1024,2,4096,2.1701291499999997,False,True,False
statevector,random_3_regular,False,6,10,2048,2,4096,2.1701291499999997,False,True,False
statevector,random_3_regular,False,6,10,4096,2,4096,2.1701291499999997,False,True,False
statevector,random_3_regular,True,6,25,256,2,4096,0.8680516599999999,False,False,False
statevector,random_3_regular,False,6,25,512,2,4096,0.8680516599999999,False,False,False
statevector,random_3_regular,False,6,25,1024,2,4096,0.8680516599999999,False,False,False
statevector,random_3_regular,False,6,25,2048,2,4096,0.8680516599999999,False,False,False
statevector,random_3_regular,False,6,25,4096,2,4096,0.8680516599999999,False,False,False
statevector,random_3_regular,True,6,50,256,2,4096,0.43402582999999995,False,False,False
statevector,random_3_regular,False,6,50,512,2,4096,0.43402582999999995,False,False,False
statevector,random_3_regular,False,6,50,1024,2,4096,0.43402582999999995,False,False,False
statevector,random_3_regular,False,6,50,2048,2,4096,0.43402582999999995,False,False,False
statevector,random_3_regular,False,6,50,4096,2,4096,0.43402582999999995,False,False,False
statevector,random_3_regular,True,6,100,256,2,4096,0.21701291499999997,False,False,False
statevector,random_3_regular,False,6,100,512,2,4096,0.21701291499999997,False,False,False
statevector,random_3_regular,False,6,100,1024,2,4096,0.21701291499999997,False,False,False
statevector,random_3_regular,False,6,100,2048,2,4096,0.21701291499999997,False,False,False
statevector,random_3_regular,False,6,100,4096,2,4096,0.21701291499999997,False,False,False
statevector,random_3_regular,True,6,250,256,2,4096,0.08680516599999999,False,False,False
statevector,random_3_regular,False,6,250,512,2,4096,0.08680516599999999,False,False,False
statevector,random_3_regular,False,6,250,1024,2,4096,0.08680516599999999,False,False,False
statevector,random_3_regular,False,6,250,2048,2,4096,0.08680516599999999,False,False,False
statevector,random_3_regular,False,6,250,4096,2,4096,0.08680516599999999,False,False,False
statevector,random_3_regular,True,6,500,256,2,4096,0.043402582999999995,False,False,False
statevector,random_3_regular,False,6,500,512,2,4096,0.043402582999999995,False,False,False
statevector,random_3_regular,False,6,500,1024,2,4096,0.043402582999999995,False,False,False
statevector,random_3_regular,False,6,500,2048,2,4096,0.043402582999999995,False,False,False
statevector,random_3_regular,False,6,500,4096,2,4096,0.043402582999999995,False,False,False
matrix_product_state,random_3_regular,True,6,10,256,3,1024,2.1761499,False,True,False
matrix_product_state,random_3_regular,False,6,10,512,3,1024,2.1761499,False,True,False
matrix_product_state,random_3_regular,False,6,10,1024,3,1024,2.1761499,False,True,False
matrix_product_state,random_3_regular,False,6,10,2048,3,1024,2.1761499,False,True,False
matrix_product_state,random_3_regular,False,6,10,4096,3,1024,2.1761499,False,True,False
matrix_product_state,random_3_regular,True,6,25,256,3,1024,0.87045996,False,False,False
matrix_product_state,random_3_regular,False,6,25,512,3,1024,0.87045996,False,False,False
matrix_product_state,random_3_regular,False,6,25,1024,3,1024,0.87045996,False,False,False
matrix_product_state,random_3_regular,False,6,25,2048,3,1024,0.87045996,False,False,False
matrix_product_state,random_3_regular,False,6,25,4096,3,1024,0.87045996,False,False,False
matrix_product_state,random_3_regular,True,6,50,256,3,1024,0.43522998,False,False,False
matrix_product_state,random_3_regular,False,6,50,512,3,1024,0.43522998,False,False,False
matrix_product_state,random_3_regular,False,6,50,1024,3,1024,0.43522998,False,False,False
matrix_product_state,random_3_regular,False,6,50,2048,3,1024,0.43522998,False,False,False
matrix_product_state,random_3_regular,False,6,50,4096,3,1024,0.43522998,False,False,False
matrix_product_state,random_3_regular,True,6,100,256,3,1024,0.21761499,False,False,False
matrix_product_state,random_3_regular,False,6,100,512,3,1024,0.21761499,False,False,False
matrix_product_state,random_3_regular,False,6,100,1024,3,1024,0.21761499,False,False,False
matrix_product_state,random_3_regular,False,6,100,2048,3,1024,0.21761499,False,False,False
matrix_product_state,random_3_regular,False,6,100,4096,3,1024,0.21761499,False,False,False
matrix_product_state,random_3_regular,True,6,250,256,3,1024,0.087045996,False,False,False
matrix_product_state,random_3_regular,False,6,250,512,3,1024,0.087045996,False,False,False
matrix_product_state,random_3_regular,False,6,250,1024,3,1024,0.087045996,False,False,False
matrix_product_state,random_3_regular,False,6,250,2048,3,1024,0.087045996,False,False,False
matrix_product_state,random_3_regular,False,6,250,4096,3,1024,0.087045996,False,False,False
matrix_product_state,random_3_regular,True,6,500,256,3,1024,0.043522998,False,False,False
matrix_product_state,random_3_regular,False,6,500,512,3,1024,0.043522998,False,False,False
matrix_product_state,random_3_regular,False,6,500,1024,3,1024,0.043522998,False,False,False
matrix_product_state,random_3_regular,False,6,500,2048,3,1024,0.043522998,False,False,False
matrix_product_state,random_3_regular,False,6,500,4096,3,1024,0.043522998,False,False,False
statevector,random_3_regular,True,6,10,256,3,4096,2.2223708,False,True,False
statevector,random_3_regular,False,6,10,512,3,4096,2.2223708,False,True,False
statevector,random_3_regular,False,6,10,1024,3,4096,2.2223708,False,True,False
statevector,random_3_regular,False,6,10,2048,3,4096,2.2223708,False,True,False
statevector,random_3_regular,False,6,10,4096,3,4096,2.2223708,False,True,False
statevector,random_3_regular,True,6,25,256,3,4096,0.8889483200000001,False,False,False
statevector,random_3_regular,False,6,25,512,3,4096,0.8889483200000001,False,False,False
statevector,random_3_regular,False,6,25,1024,3,4096,0.8889483200000001,False,False,False
statevector,random_3_regular,False,6,25,2048,3,4096,0.8889483200000001,False,False,False
statevector,random_3_regular,False,6,25,4096,3,4096,0.8889483200000001,False,False,False
statevector,random_3_regular,True,6,50,256,3,4096,0.44447416000000006,False,False,False
statevector,random_3_regular,False,6,50,512,3,4096,0.44447416000000006,False,False,False
statevector,random_3_regular,False,6,50,1024,3,4096,0.44447416000000006,False,False,False
statevector,random_3_regular,False,6,50,2048,3,4096,0.44447416000000006,False,False,False
statevector,random_3_regular,False,6,50,4096,3,4096,0.44447416000000006,False,False,False
statevector,random_3_regular,True,6,100,256,3,4096,0.22223708000000003,False,False,False
statevector,random_3_regular,False,6,100,512,3,4096,0.22223708000000003,False,False,False
statevector,random_3_regular,False,6,100,1024,3,4096,0.22223708000000003,False,False,False
statevector,random_3_regular,False,6,100,2048,3,4096,0.22223708000000003,False,False,False
statevector,random_3_regular,False,6,100,4096,3,4096,0.22223708000000003,False,False,False
statevector,random_3_regular,True,6,250,256,3,4096,0.08889483200000001,False,False,False
statevector,random_3_regular,False,6,250,512,3,4096,0.08889483200000001,False,False,False
statevector,random_3_regular,False,6,250,1024,3,4096,0.08889483200000001,False,False,False
statevector,random_3_regular,False,6,250,2048,3,4096,0.08889483200000001,False,False,False
statevector,random_3_regular,False,6,250,4096,3,4096,0.08889483200000001,False,False,False
statevector,random_3_regular,True,6,500,256,3,4096,0.044447416000000003,False,False,False
statevector,random_3_regular,False,6,500,512,3,4096,0.044447416000000003,False,False,False
statevector,random_3_regular,False,6,500,1024,3,4096,0.044447416000000003,False,False,False
statevector,random_3_regular,False,6,500,2048,3,4096,0.044447416000000003,False,False,False
statevector,random_3_regular,False,6,500,4096,3,4096,0.044447416000000003,False,False,False
statevector,random_3_regular,True,6,10,256,3,65536,3.5964375000000004,False,True,False
statevector,random_3_regular,False,6,10,512,3,65536,3.5964375000000004,False,True,False
statevector,random_3_regular,False,6,10,1024,3,65536,3.5964375000000004,False,True,False
statevector,random_3_regular,False,6,10,2048,3,65536,3.5964375000000004,False,True,False
statevector,random_3_regular,False,6,10,4096,3,65536,3.5964375000000004,False,True,False
statevector,random_3_regular,True,6,25,256,3,65536,1.4385750000000002,False,False,False
statevector,random_3_regular,False,6,25,512,3,65536,1.4385750000000002,False,False,False
statevector,random_3_regular,False,6,25,1024,3,65536,1.4385750000000002,False,False,False
statevector,random_3_regular,False,6,25,2048,3,65536,1.4385750000000002,False,False,False
statevector,random_3_regular,False,6,25,4096,3,65536,1.4385750000000002,False,False,False
statevector,random_3_regular,True,6,50,256,3,65536,0.7192875000000001,False,False,False
statevector,random_3_regular,False,6,50,512,3,65536,0.7192875000000001,False,False,False
statevector,random_3_regular,False,6,50,1024,3,65536,0.7192875000000001,False,False,False
statevector,random_3_regular,False,6,50,2048,3,65536,0.7192875000000001,False,False,False
statevector,random_3_regular,False,6,50,4096,3,65536,0.7192875000000001,False,False,False
statevector,random_3_regular,True,6,100,256,3,65536,0.35964375000000004,False,False,False
statevector,random_3_regular,False,6,100,512,3,65536,0.35964375000000004,False,False,False
statevector,random_3_regular,False,6,100,1024,3,65536,0.35964375000000004,False,False,False
statevector,random_3_regular,False,6,100,2048,3,65536,0.35964375000000004,False,False,False
statevector,random_3_regular,False,6,100,4096,3,65536,0.35964375000000004,False,False,False
statevector,random_3_regular,True,6,250,256,3,65536,0.14385750000000003,False,False,False
statevector,random_3_regular,False,6,250,512,3,65536,0.14385750000000003,False,False,False
statevector,random_3_regular,False,6,250,1024,3,65536,0.14385750000000003,False,False,False
statevector,random_3_regular,False,6,250,2048,3,65536,0.14385750000000003,False,False,False
statevector,random_3_regular,False,6,250,4096,3,65536,0.14385750000000003,False,False,False
statevector,random_3_regular,True,6,500,256,3,65536,0.07192875000000001,False,False,False
statevector,random_3_regular,False,6,500,512,3,65536,0.07192875000000001,False,False,False
statevector,random_3_regular,False,6,500,1024,3,65536,0.07192875000000001,False,False,False
statevector,random_3_regular,False,6,500,2048,3,65536,0.07192875000000001,False,False,False
statevector,random_3_regular,False,6,500,4096,3,65536,0.07192875000000001,False,False,False
statevector,random_3_regular,True,8,10,256,1,4096,2.2977833,False,True,False
statevector,random_3_regular,False,8,10,512,1,4096,2.2977833,False,True,False
statevector,random_3_regular,False,8,10,1024,1,4096,2.2977833,False,True,False
statevector,random_3_regular,False,8,10,2048,1,4096,2.2977833,False,True,False
statevector,random_3_regular,False,8,10,4096,1,4096,2.2977833,False,True,False
statevector,random_3_regular,True,8,25,256,1,4096,0.9191133199999999,False,False,False
statevector,random_3_regular,False,8,25,512,1,4096,0.9191133199999999,False,False,False
statevector,random_3_regular,False,8,25,1024,1,4096,0.9191133199999999,False,False,False
statevector,random_3_regular,False,8,25,2048,1,4096,0.9191133199999999,False,False,False
statevector,random_3_regular,False,8,25,4096,1,4096,0.9191133199999999,False,False,False
statevector,random_3_regular,True,8,50,256,1,4096,0.45955665999999995,False,False,False
statevector,random_3_regular,False,8,50,512,1,4096,0.45955665999999995,False,False,False
statevector,random_3_regular,False,8,50,1024,1,4096,0.45955665999999995,False,False,False
statevector,random_3_regular,False,8,50,2048,1,4096,0.45955665999999995,False,False,False
statevector,random_3_regular,False,8,50,4096,1,4096,0.45955665999999995,False,False,False
statevector,random_3_regular,True,8,100,256,1,4096,0.22977832999999998,False,False,False
statevector,random_3_regular,False,8,100,512,1,4096,0.22977832999999998,False,False,False
statevector,random_3_regular,False,8,100,1024,1,4096,0.22977832999999998,False,False,False
statevector,random_3_regular,False,8,100,2048,1,4096,0.22977832999999998,False,False,False
statevector,random_3_regular,False,8,100,4096,1,4096,0.22977832999999998,False,False,False
statevector,random_3_regular,True,8,250,256,1,4096,0.09191133199999998,False,False,False
statevector,random_3_regular,False,8,250,512,1,4096,0.09191133199999998,False,False,False
statevector,random_3_regular,False,8,250,1024,1,4096,0.09191133199999998,False,False,False
statevector,random_3_regular,False,8,250,2048,1,4096,0.09191133199999998,False,False,False
statevector,random_3_regular,False,8,250,4096,1,4096,0.09191133199999998,False,False,False
statevector,random_3_regular,True,8,500,256,1,4096,0.04595566599999999,False,False,False
statevector,random_3_regular,False,8,500,512,1,4096,0.04595566599999999,False,False,False
statevector,random_3_regular,False,8,500,1024,1,4096,0.04595566599999999,False,False,False
statevector,random_3_regular,False,8,500,2048,1,4096,0.04595566599999999,False,False,False
statevector,random_3_regular,False,8,500,4096,1,4096,0.04595566599999999,False,False,False
statevector,random_3_regular,True,8,10,256,2,4096,2.2555229,False,True,False
statevector,random_3_regular,False,8,10,512,2,4096,2.2555229,False,True,False
statevector,random_3_regular,False,8,10,1024,2,4096,2.2555229,False,True,False
statevector,random_3_regular,False,8,10,2048,2,4096,2.2555229,False,True,False
statevector,random_3_regular,False,8,10,4096,2,4096,2.2555229,False,True,False
statevector,random_3_regular,True,8,25,256,2,4096,0.9022091599999998,False,False,False
statevector,random_3_regular,False,8,25,512,2,4096,0.9022091599999998,False,False,False
statevector,random_3_regular,False,8,25,1024,2,4096,0.9022091599999998,False,False,False
statevector,random_3_regular,False,8,25,2048,2,4096,0.9022091599999998,False,False,False
statevector,random_3_regular,False,8,25,4096,2,4096,0.9022091599999998,False,False,False
statevector,random_3_regular,True,8,50,256,2,4096,0.4511045799999999,False,False,False
statevector,random_3_regular,False,8,50,512,2,4096,0.4511045799999999,False,False,False
statevector,random_3_regular,False,8,50,1024,2,4096,0.4511045799999999,False,False,False
statevector,random_3_regular,False,8,50,2048,2,4096,0.4511045799999999,False,False,False
statevector,random_3_regular,False,8,50,4096,2,4096,0.4511045799999999,False,False,False
statevector,random_3_regular,True,8,100,256,2,4096,0.22555228999999996,False,False,False
statevector,random_3_regular,False,8,100,512,2,4096,0.22555228999999996,False,False,False
statevector,random_3_regular,False,8,100,1024,2,4096,0.22555228999999996,False,False,False
statevector,random_3_regular,False,8,100,2048,2,4096,0.22555228999999996,False,False,False
statevector,random_3_regular,False,8,100,4096,2,4096,0.22555228999999996,False,False,False
statevector,random_3_regular,True,8,250,256,2,4096,0.09022091599999998,False,False,False
statevector,random_3_regular,False,8,250,512,2,4096,0.09022091599999998,False,False,False
statevector,random_3_regular,False,8,250,1024,2,4096,0.09022091599999998,False,False,False
statevector,random_3_regular,False,8,250,2048,2,4096,0.09022091599999998,False,False,False
statevector,random_3_regular,False,8,250,4096,2,4096,0.09022091599999998,False,False,False
statevector,random_3_regular,True,8,500,256,2,4096,0.04511045799999999,False,False,False
statevector,random_3_regular,False,8,500,512,2,4096,0.04511045799999999,False,False,False
statevector,random_3_regular,False,8,500,1024,2,4096,0.04511045799999999,False,False,False
statevector,random_3_regular,False,8,500,2048,2,4096,0.04511045799999999,False,False,False
statevector,random_3_regular,False,8,500,4096,2,4096,0.04511045799999999,False,False,False
statevector,random_3_regular,True,8,10,256,3,4096,2.2885104,False,True,False
statevector,random_3_regular,False,8,10,512,3,4096,2.2885104,False,True,False
statevector,random_3_regular,False,8,10,1024,3,4096,2.2885104,False,True,False
statevector,random_3_regular,False,8,10,2048,3,4096,2.2885104,False,True,False
statevector,random_3_regular,False,8,10,4096,3,4096,2.2885104,False,True,False
statevector,random_3_regular,True,8,25,256,3,4096,0.9154041599999999,False,False,False
statevector,random_3_regular,False,8,25,512,3,4096,0.9154041599999999,False,False,False
statevector,random_3_regular,False,8,25,1024,3,4096,0.9154041599999999,False,False,False
statevector,random_3_regular,False,8,25,2048,3,4096,0.9154041599999999,False,False,False
statevector,random_3_regular,False,8,25,4096,3,4096,0.9154041599999999,False,False,False
statevector,random_3_regular,True,8,50,256,3,4096,0.45770207999999996,False,False,False
statevector,random_3_regular,False,8,50,512,3,4096,0.45770207999999996,False,False,False
statevector,random_3_regular,False,8,50,1024,3,4096,0.45770207999999996,False,False,False
statevector,random_3_regular,False,8,50,2048,3,4096,0.45770207999999996,False,False,False
statevector,random_3_regular,False,8,50,4096,3,4096,0.45770207999999996,False,False,False
statevector,random_3_regular,True,8,100,256,3,4096,0.22885103999999998,False,False,False
statevector,random_3_regular,False,8,100,512,3,4096,0.22885103999999998,False,False,False
statevector,random_3_regular,False,8,100,1024,3,4096,0.22885103999999998,False,False,False
statevector,random_3_regular,False,8,100,2048,3,4096,0.22885103999999998,False,False,False
statevector,random_3_regular,False,8,100,4096,3,4096,0.22885103999999998,False,False,False
statevector,random_3_regular,True,8,250,256,3,4096,0.091540416,False,False,False
statevector,random_3_regular,False,8,250,512,3,4096,0.091540416,False,False,False
statevector,random_3_regular,False,8,250,1024,3,4096,0.091540416,False,False,False
statevector,random_3_regular,False,8,250,2048,3,4096,0.091540416,False,False,False
statevector,random_3_regular,False,8,250,4096,3,4096,0.091540416,False,False,False
statevector,random_3_regular,True,8,500,256,3,4096,0.045770208,False,False,False
statevector,random_3_regular,False,8,500,512,3,4096,0.045770208,False,False,False
statevector,random_3_regular,False,8,500,1024,3,4096,0.045770208,False,False,False
statevector,random_3_regular,False,8,500,2048,3,4096,0.045770208,False,False,False
statevector,random_3_regular,False,8,500,4096,3,4096,0.045770208,False,False,False
statevector,random_3_regular,True,10,10,256,1,4096,2.4940125,False,True,False
statevector,random_3_regular,False,10,10,512,1,4096,2.4940125,False,True,False
statevector,random_3_regular,False,10,10,1024,1,4096,2.4940125,False,True,False
statevector,random_3_regular,False,10,10,2048,1,4096,2.4940125,False,True,False
statevector,random_3_regular,False,10,10,4096,1,4096,2.4940125,False,True,False
statevector,random_3_regular,True,10,25,256,1,4096,0.9976050000000001,False,False,False
statevector,random_3_regular,False,10,25,512,1,4096,0.9976050000000001,False,False,False
statevector,random_3_regular,False,10,25,1024,1,4096,0.9976050000000001,False,False,False
statevector,random_3_regular,False,10,25,2048,1,4096,0.9976050000000001,False,False,False
statevector,random_3_regular,False,10,25,4096,1,4096,0.9976050000000001,False,False,False
statevector,random_3_regular,True,10,50,256,1,4096,0.49880250000000004,False,False,False
statevector,random_3_regular,False,10,50,512,1,4096,0.49880250000000004,False,False,False
statevector,random_3_regular,False,10,50,1024,1,4096,0.49880250000000004,False,False,False
statevector,random_3_regular,False,10,50,2048,1,4096,0.49880250000000004,False,False,False
statevector,random_3_regular,False,10,50,4096,1,4096,0.49880250000000004,False,False,False
statevector,random_3_regular,True,10,100,256,1,4096,0.24940125000000002,False,False,False
statevector,random_3_regular,False,10,100,512,1,4096,0.24940125000000002,False,False,False
statevector,random_3_regular,False,10,100,1024,1,4096,0.24940125000000002,False,False,False
statevector,random_3_regular,False,10,100,2048,1,4096,0.24940125000000002,False,False,False
statevector,random_3_regular,False,10,100,4096,1,4096,0.24940125000000002,False,False,False
statevector,random_3_regular,True,10,250,256,1,4096,0.0997605,False,False,False
statevector,random_3_regular,False,10,250,512,1,4096,0.0997605,False,False,False
statevector,random_3_regular,False,10,250,1024,1,4096,0.0997605,False,False,False
statevector,random_3_regular,False,10,250,2048,1,4096,0.0997605,False,False,False
statevector,random_3_regular,False,10,250,4096,1,4096,0.0997605,False,False,False
statevector,random_3_regular,True,10,500,256,1,4096,0.04988025,False,False,False
statevector,random_3_regular,False,10,500,512,1,4096,0.04988025,False,False,False
statevector,random_3_regular,False,10,500,1024,1,4096,0.04988025,False,False,False
statevector,random_3_regular,False,10,500,2048,1,4096,0.04988025,False,False,False
statevector,random_3_regular,False,10,500,4096,1,4096,0.04988025,False,False,False
statevector,random_3_regular,True,10,10,256,2,4096,2.5270813000000003,False,True,False
statevector,random_3_regular,False,10,10,512,2,4096,2.5270813000000003,False,True,False
statevector,random_3_regular,False,10,10,1024,2,4096,2.5270813000000003,False,True,False
statevector,random_3_regular,False,10,10,2048,2,4096,2.5270813000000003,False,True,False
statevector,random_3_regular,False,10,10,4096,2,4096,2.5270813000000003,False,True,False
statevector,random_3_regular,True,10,25,256,2,4096,1.0108325200000001,False,False,False
statevector,random_3_regular,False,10,25,512,2,4096,1.0108325200000001,False,False,False
statevector,random_3_regular,False,10,25,1024,2,4096,1.0108325200000001,False,False,False
statevector,random_3_regular,False,10,25,2048,2,4096,1.0108325200000001,False,False,False
statevector,random_3_regular,False,10,25,4096,2,4096,1.0108325200000001,False,False,False
statevector,random_3_regular,True,10,50,256,2,4096,0.5054162600000001,False,False,False
statevector,random_3_regular,False,10,50,512,2,4096,0.5054162600000001,False,False,False
statevector,random_3_regular,False,10,50,1024,2,4096,0.5054162600000001,False,False,False
statevector,random_3_regular,False,10,50,2048,2,4096,0.5054162600000001,False,False,False
statevector,random_3_regular,False,10,50,4096,2,4096,0.5054162600000001,False,False,False
statevector,random_3_regular,True,10,100,256,2,4096,0.25270813000000003,False,False,False
statevector,random_3_regular,False,10,100,512,2,4096,0.25270813000000003,False,False,False
statevector,random_3_regular,False,10,100,1024,2,4096,0.25270813000000003,False,False,False
statevector,random_3_regular,False,10,100,2048,2,4096,0.25270813000000003,False,False,False
statevector,random_3_regular,False,10,100,4096,2,4096,0.25270813000000003,False,False,False
statevector,random_3_regular,True,10,250,256,2,4096,0.10108325200000001,False,False,False
statevector,random_3_regular,False,10,250,512,2,4096,0.10108325200000001,False,False,False
statevector,random_3_regular,False,10,250,1024,2,4096,0.10108325200000001,False,False,False
statevector,random_3_regular,False,10,250,2048,2,4096,0.10108325200000001,False,False,False
statevector,random_3_regular,False,10,250,4096,2,4096,0.10108325200000001,False,False,False
statevector,random_3_regular,True,10,500,256,2,4096,0.050541626000000006,False,False,False
statevector,random_3_regular,False,10,500,512,2,4096,0.050541626000000006,False,False,False
statevector,random_3_regular,False,10,500,1024,2,4096,0.050541626000000006,False,False,False
statevector,random_3_regular,False,10,500,2048,2,4096,0.050541626000000006,False,False,False
statevector,random_3_regular,False,10,500,4096,2,4096,0.050541626000000006,False,False,False
statevector,random_3_regular,True,10,10,256,3,4096,2.4767812499999997,False,True,False
statevector,random_3_regular,False,10,10,512,3,4096,2.4767812499999997,False,True,False
statevector,random_3_regular,False,10,10,1024,3,4096,2.4767812499999997,False,True,False
statevector,random_3_regular,False,10,10,2048,3,4096,2.4767812499999997,False,True,False
statevector,random_3_regular,False,10,10,4096,3,4096,2.4767812499999997,False,True,False
statevector,random_3_regular,True,10,25,256,3,4096,0.9907124999999999,False,False,False
statevector,random_3_regular,False,10,25,512,3,4096,0.9907124999999999,False,False,False
statevector,random_3_regular,False,10,25,1024,3,4096,0.9907124999999999,False,False,False
statevector,random_3_regular,False,10,25,2048,3,4096,0.9907124999999999,False,False,False
statevector,random_3_regular,False,10,25,4096,3,4096,0.9907124999999999,False,False,False
statevector,random_3_regular,True,10,50,256,3,4096,0.49535624999999994,False,False,False
statevector,random_3_regular,False,10,50,512,3,4096,0.49535624999999994,False,False,False
statevector,random_3_regular,False,10,50,1024,3,4096,0.49535624999999994,False,False,False
statevector,random_3_regular,False,10,50,2048,3,4096,0.49535624999999994,False,False,False
statevector,random_3_regular,False,10,50,4096,3,4096,0.49535624999999994,False,False,False
statevector,random_3_regular,True,10,100,256,3,4096,0.24767812499999997,False,False,False
statevector,random_3_regular,False,10,100,512,3,4096,0.24767812499999997,False,False,False
statevector,random_3_regular,False,10,100,1024,3,4096,0.24767812499999997,False,False,False
statevector,random_3_regular,False,10,100,2048,3,4096,0.24767812499999997,False,False,False
statevector,random_3_regular,False,10,100,4096,3,4096,0.24767812499999997,False,False,False
statevector,random_3_regular,True,10,250,256,3,4096,0.09907124999999999,False,False,False
statevector,random_3_regular,False,10,250,512,3,4096,0.09907124999999999,False,False,False
statevector,random_3_regular,False,10,250,1024,3,4096,0.09907124999999999,False,False,False
statevector,random_3_regular,False,10,250,2048,3,4096,0.09907124999999999,False,False,False
statevector,random_3_regular,False,10,250,4096,3,4096,0.09907124999999999,False,False,False
statevector,random_3_regular,True,10,500,256,3,4096,0.04953562499999999,False,False,False
statevector,random_3_regular,False,10,500,512,3,4096,0.04953562499999999,False,False,False
statevector,random_3_regular,False,10,500,1024,3,4096,0.04953562499999999,False,False,False
statevector,random_3_regular,False,10,500,2048,3,4096,0.04953562499999999,False,False,False
statevector,random_3_regular,False,10,500,4096,3,4096,0.04953562499999999,False,False,False
statevector,random_3_regular,True,12,10,256,1,4096,2.5748667499999995,False,True,False
statevector,random_3_regular,False,12,10,512,1,4096,2.5748667499999995,False,True,False
statevector,random_3_regular,False,12,10,1024,1,4096,2.5748667499999995,False,True,False
statevector,random_3_regular,False,12,10,2048,1,4096,2.5748667499999995,False,True,False
statevector,random_3_regular,False,12,10,4096,1,4096,2.5748667499999995,False,True,False
statevector,random_3_regular,True,12,25,256,1,4096,1.0299466999999998,False,False,False
statevector,random_3_regular,False,12,25,512,1,4096,1.0299466999999998,False,False,False
statevector,random_3_regular,False,12,25,1024,1,4096,1.0299466999999998,False,False,False
statevector,random_3_regular,False,12,25,2048,1,4096,1.0299466999999998,False,False,False
statevector,random_3_regular,False,12,25,4096,1,4096,1.0299466999999998,False,False,False
statevector,random_3_regular,True,12,50,256,1,4096,0.5149733499999999,False,False,False
statevector,random_3_regular,False,12,50,512,1,4096,0.5149733499999999,False,False,False
statevector,random_3_regular,False,12,50,1024,1,4096,0.5149733499999999,False,False,False
statevector,random_3_regular,False,12,50,2048,1,4096,0.5149733499999999,False,False,False
statevector,random_3_regular,False,12,50,4096,1,4096,0.5149733499999999,False,False,False
statevector,random_3_regular,True,12,100,256,1,4096,0.25748667499999994,False,False,False
statevector,random_3_regular,False,12,100,512,1,4096,0.25748667499999994,False,False,False
statevector,random_3_regular,False,12,100,1024,1,4096,0.25748667499999994,False,False,False
statevector,random_3_regular,False,12,100,2048,1,4096,0.25748667499999994,False,False,False
statevector,random_3_regular,False,12,100,4096,1,4096,0.25748667499999994,False,False,False
statevector,random_3_regular,True,12,250,256,1,4096,0.10299466999999998,False,False,False
statevector,random_3_regular,False,12,250,512,1,4096,0.10299466999999998,False,False,False
statevector,random_3_regular,False,12,250,1024,1,4096,0.10299466999999998,False,False,False
statevector,random_3_regular,False,12,250,2048,1,4096,0.10299466999999998,False,False,False
statevector,random_3_regular,False,12,250,4096,1,4096,0.10299466999999998,False,False,False
statevector,random_3_regular,True,12,500,256,1,4096,0.05149733499999999,False,False,False
statevector,random_3_regular,False,12,500,512,1,4096,0.05149733499999999,False,False,False
statevector,random_3_regular,False,12,500,1024,1,4096,0.05149733499999999,False,False,False
statevector,random_3_regular,False,12,500,2048,1,4096,0.05149733499999999,False,False,False
statevector,random_3_regular,False,12,500,4096,1,4096,0.05149733499999999,False,False,False
statevector,random_3_regular,True,12,10,256,2,4096,2.5887083999999994,False,True,False
statevector,random_3_regular,False,12,10,512,2,4096,2.5887083999999994,False,True,False
statevector,random_3_regular,False,12,10,1024,2,4096,2.5887083999999994,False,True,False
statevector,random_3_regular,False,12,10,2048,2,4096,2.5887083999999994,False,True,False
statevector,random_3_regular,False,12,10,4096,2,4096,2.5887083999999994,False,True,False
statevector,random_3_regular,True,12,25,256,2,4096,1.0354833599999997,False,False,False
statevector,random_3_regular,False,12,25,512,2,4096,1.0354833599999997,False,False,False
statevector,random_3_regular,False,12,25,1024,2,4096,1.0354833599999997,False,False,False
statevector,random_3_regular,False,12,25,2048,2,4096,1.0354833599999997,False,False,False
statevector,random_3_regular,False,12,25,4096,2,4096,1.0354833599999997,False,False,False
statevector,random_3_regular,True,12,50,256,2,4096,0.5177416799999999,False,False,False
statevector,random_3_regular,False,12,50,512,2,4096,0.5177416799999999,False,False,False
statevector,random_3_regular,False,12,50,1024,2,4096,0.5177416799999999,False,False,False
statevector,random_3_regular,False,12,50,2048,2,4096,0.5177416799999999,False,False,False
statevector,random_3_regular,False,12,50,4096,2,4096,0.5177416799999999,False,False,False
statevector,random_3_regular,True,12,100,256,2,4096,0.25887083999999994,False,False,False
statevector,random_3_regular,False,12,100,512,2,4096,0.25887083999999994,False,False,False
statevector,random_3_regular,False,12,100,1024,2,4096,0.25887083999999994,False,False,False
statevector,random_3_regular,False,12,100,2048,2,4096,0.25887083999999994,False,False,False
statevector,random_3_regular,False,12,100,4096,2,4096,0.25887083999999994,False,False,False
statevector,random_3_regular,True,12,250,256,2,4096,0.10354833599999998,False,False,False
statevector,random_3_regular,False,12,250,512,2,4096,0.10354833599999998,False,False,False
statevector,random_3_regular,False,12,250,1024,2,4096,0.10354833599999998,False,False,False
statevector,random_3_regular,False,12,250,2048,2,4096,0.10354833599999998,False,False,False
statevector,random_3_regular,False,12,250,4096,2,4096,0.10354833599999998,False,False,False
statevector,random_3_regular,True,12,500,256,2,4096,0.05177416799999999,False,False,False
statevector,random_3_regular,False,12,500,512,2,4096,0.05177416799999999,False,False,False
statevector,random_3_regular,False,12,500,1024,2,4096,0.05177416799999999,False,False,False
statevector,random_3_regular,False,12,500,2048,2,4096,0.05177416799999999,False,False,False
statevector,random_3_regular,False,12,500,4096,2,4096,0.05177416799999999,False,False,False
statevector,random_3_regular,True,12,10,256,3,1024,2.3598542,False,True,False
statevector,random_3_regular,False,12,10,512,3,1024,2.3598542,False,True,False
statevector,random_3_regular,False,12,10,1024,3,1024,2.3598542,False,True,False
statevector,random_3_regular,False,12,10,2048,3,1024,2.3598542,False,True,False
statevector,random_3_regular,False,12,10,4096,3,1024,2.3598542,False,True,False
statevector,random_3_regular,True,12,25,256,3,1024,0.9439416800000001,False,False,False
statevector,random_3_regular,False,12,25,512,3,1024,0.9439416800000001,False,False,False
statevector,random_3_regular,False,12,25,1024,3,1024,0.9439416800000001,False,False,False
statevector,random_3_regular,False,12,25,2048,3,1024,0.9439416800000001,False,False,False
statevector,random_3_regular,False,12,25,4096,3,1024,0.9439416800000001,False,False,False
statevector,random_3_regular,True,12,50,256,3,1024,0.47197084000000006,False,False,False
statevector,random_3_regular,False,12,50,512,3,1024,0.47197084000000006,False,False,False
statevector,random_3_regular,False,12,50,1024,3,1024,0.47197084000000006,False,False,False
statevector,random_3_regular,False,12,50,2048,3,1024,0.47197084000000006,False,False,False
statevector,random_3_regular,False,12,50,4096,3,1024,0.47197084000000006,False,False,False
statevector,random_3_regular,True,12,100,256,3,1024,0.23598542000000003,False,False,False
statevector,random_3_regular,False,12,100,512,3,1024,0.23598542000000003,False,False,False
statevector,random_3_regular,False,12,100,1024,3,1024,0.23598542000000003,False,False,False
statevector,random_3_regular,False,12,100,2048,3,1024,0.23598542000000003,False,False,False
statevector,random_3_regular,False,12,100,4096,3,1024,0.23598542000000003,False,False,False
statevector,random_3_regular,True,12,250,256,3,1024,0.09439416800000001,False,False,False
statevector,random_3_regular,False,12,250,512,3,1024,0.09439416800000001,False,False,False
statevector,random_3_regular,False,12,250,1024,3,1024,0.09439416800000001,False,False,False
statevector,random_3_regular,False,12,250,2048,3,1024,0.09439416800000001,False,False,False
statevector,random_3_regular,False,12,250,4096,3,1024,0.09439416800000001,False,False,False
statevector,random_3_regular,True,12,500,256,3,1024,0.04719708400000001,False,False,False
statevector,random_3_regular,False,12,500,512,3,1024,0.04719708400000001,False,False,False
statevector,random_3_regular,False,12,500,1024,3,1024,0.04719708400000001,False,False,False
statevector,random_3_regular,False,12,500,2048,3,1024,0.04719708400000001,False,False,False
statevector,random_3_regular,False,12,500,4096,3,1024,0.04719708400000001,False,False,False
statevector,random_3_regular,True,12,10,256,3,4096,2.71452705,False,True,False
statevector,random_3_regular,False,12,10,512,3,4096,2.71452705,False,True,False
statevector,random_3_regular,False,12,10,1024,3,4096,2.71452705,False,True,False
statevector,random_3_regular,False,12,10,2048,3,4096,2.71452705,False,True,False
statevector,random_3_regular,False,12,10,4096,3,4096,2.71452705,False,True,False
statevector,random_3_regular,True,12,25,256,3,4096,1.0858108199999998,False,False,False
statevector,random_3_regular,False,12,25,512,3,4096,1.0858108199999998,False,False,False
statevector,random_3_regular,False,12,25,1024,3,4096,1.0858108199999998,False,False,False
statevector,random_3_regular,False,12,25,2048,3,4096,1.0858108199999998,False,False,False
statevector,random_3_regular,False,12,25,4096,3,4096,1.0858108199999998,False,False,False
statevector,random_3_regular,True,12,50,256,3,4096,0.5429054099999999,False,False,False
statevector,random_3_regular,False,12,50,512,3,4096,0.5429054099999999,False,False,False
statevector,random_3_regular,False,12,50,1024,3,4096,0.5429054099999999,False,False,False
statevector,random_3_regular,False,12,50,2048,3,4096,0.5429054099999999,False,False,False
statevector,random_3_regular,False,12,50,4096,3,4096,0.5429054099999999,False,False,False
statevector,random_3_regular,True,12,100,256,3,4096,0.27145270499999996,False,False,False
statevector,random_3_regular,False,12,100,512,3,4096,0.27145270499999996,False,False,False
statevector,random_3_regular,False,12,100,1024,3,4096,0.27145270499999996,False,False,False
statevector,random_3_regular,False,12,100,2048,3,4096,0.27145270499999996,False,False,False
statevector,random_3_regular,False,12,100,4096,3,4096,0.27145270499999996,False,False,False
statevector,random_3_regular,True,12,250,256,3,4096,0.108581082,False,False,False
statevector,random_3_regular,False,12,250,512,3,4096,0.108581082,False,False,False
statevector,random_3_regular,False,12,250,1024,3,4096,0.108581082,False,False,False
statevector,random_3_regular,False,12,250,2048,3,4096,0.108581082,False,False,False
statevector,random_3_regular,False,12,250,4096,3,4096,0.108581082,False,False,False
statevector,random_3_regular,True,12,500,256,3,4096,0.054290541,False,False,False
statevector,random_3_regular,False,12,500,512,3,4096,0.054290541,False,False,False
statevector,random_3_regular,False,12,500,1024,3,4096,0.054290541,False,False,False
statevector,random_3_regular,False,12,500,2048,3,4096,0.054290541,False,False,False
statevector,random_3_regular,False,12,500,4096,3,4096,0.054290541,False,False,False
statevector,random_3_regular,True,12,10,256,3,65536,8.3148085,False,True,True
statevector,random_3_regular,False,12,10,512,3,65536,8.3148085,False,True,True
statevector,random_3_regular,False,12,10,1024,3,65536,8.3148085,False,True,True
statevector,random_3_regular,False,12,10,2048,3,65536,8.3148085,False,True,True
statevector,random_3_regular,False,12,10,4096,3,65536,8.3148085,False,True,True
statevector,random_3_regular,True,12,25,256,3,65536,3.3259233999999998,False,True,False
statevector,random_3_regular,False,12,25,512,3,65536,3.3259233999999998,False,True,False
statevector,random_3_regular,False,12,25,1024,3,65536,3.3259233999999998,False,True,False
statevector,random_3_regular,False,12,25,2048,3,65536,3.3259233999999998,False,True,False
statevector,random_3_regular,False,12,25,4096,3,65536,3.3259233999999998,False,True,False
statevector,random_3_regular,True,12,50,256,3,65536,1.6629616999999999,False,False,False
statevector,random_3_regular,False,12,50,512,3,65536,1.6629616999999999,False,False,False
statevector,random_3_regular,False,12,50,1024,3,65536,1.6629616999999999,False,False,False
statevector,random_3_regular,False,12,50,2048,3,65536,1.6629616999999999,False,False,False
statevector,random_3_regular,False,12,50,4096,3,65536,1.6629616999999999,False,False,False
statevector,random_3_regular,True,12,100,256,3,65536,0.8314808499999999,False,False,False
statevector,random_3_regular,False,12,100,512,3,65536,0.8314808499999999,False,False,False
statevector,random_3_regular,False,12,100,1024,3,65536,0.8314808499999999,False,False,False
statevector,random_3_regular,False,12,100,2048,3,65536,0.8314808499999999,False,False,False
statevector,random_3_regular,False,12,100,4096,3,65536,0.8314808499999999,False,False,False
statevector,random_3_regular,True,12,250,256,3,65536,0.33259234,False,False,False
statevector,random_3_regular,False,12,250,512,3,65536,0.33259234,False,False,False
statevector,random_3_regular,False,12,250,1024,3,65536,0.33259234,False,False,False
statevector,random_3_regular,False,12,250,2048,3,65536,0.33259234,False,False,False
statevector,random_3_regular,False,12,250,4096,3,65536,0.33259234,False,False,False
statevector,random_3_regular,True,12,500,256,3,65536,0.16629617,False,False,False
statevector,random_3_regular,False,12,500,512,3,65536,0.16629617,False,False,False
statevector,random_3_regular,False,12,500,1024,3,65536,0.16629617,False,False,False
statevector,random_3_regular,False,12,500,2048,3,65536,0.16629617,False,False,False
statevector,random_3_regular,False,12,500,4096,3,65536,0.16629617,False,False,False
statevector,random_3_regular,True,14,10,256,1,4096,2.7579563,False,True,False
statevector,random_3_regular,False,14,10,512,1,4096,2.7579563,False,True,False
statevector,random_3_regular,False,14,10,1024,1,4096,2.7579563,False,True,False
statevector,random_3_regular,False,14,10,2048,1,4096,2.7579563,False,True,False
statevector,random_3_regular,False,14,10,4096,1,4096,2.7579563,False,True,False
statevector,random_3_regular,True,14,25,256,1,4096,1.10318252,False,False,False
statevector,random_3_regular,False,14,25,512,1,4096,1.10318252,False,False,False
statevector,random_3_regular,False,14,25,1024,1,4096,1.10318252,False,False,False
statevector,random_3_regular,False,14,25,2048,1,4096,1.10318252,False,False,False
statevector,random_3_regular,False,14,25,4096,1,4096,1.10318252,False,False,False
statevector,random_3_regular,True,14,50,256,1,4096,0.55159126,False,False,False
statevector,random_3_regular,False,14,50,512,1,4096,0.55159126,False,False,False
statevector,random_3_regular,False,14,50,1024,1,4096,0.55159126,False,False,False
statevector,random_3_regular,False,14,50,2048,1,4096,0.55159126,False,False,False
statevector,random_3_regular,False,14,50,4096,1,4096,0.55159126,False,False,False
statevector,random_3_regular,True,14,100,256,1,4096,0.27579563,False,False,False
statevector,random_3_regular,False,14,100,512,1,4096,0.27579563,False,False,False
statevector,random_3_regular,False,14,100,1024,1,4096,0.27579563,False,False,False
statevector,random_3_regular,False,14,100,2048,1,4096,0.27579563,False,False,False
statevector,random_3_regular,False,14,100,4096,1,4096,0.27579563,False,False,False
statevector,random_3_regular,True,14,250,256,1,4096,0.110318252,False,False,False
statevector,random_3_regular,False,14,250,512,1,4096,0.110318252,False,False,False
statevector,random_3_regular,False,14,250,1024,1,4096,0.110318252,False,False,False
statevector,random_3_regular,False,14,250,2048,1,4096,0.110318252,False,False,False
statevector,random_3_regular,False,14,250,4096,1,4096,0.110318252,False,False,False
statevector,random_3_regular,True,14,500,256,1,4096,0.055159126,False,False,False
statevector,random_3_regular,False,14,500,512,1,4096,0.055159126,False,False,False
statevector,random_3_regular,False,14,500,1024,1,4096,0.055159126,False,False,False
statevector,random_3_regular,False,14,500,2048,1,4096,0.055159126,False,False,False
statevector,random_3_regular,False,14,500,4096,1,4096,0.055159126,False,False,False
statevector,random_3_regular,True,14,10,256,2,4096,2.89814795,False,True,False
statevector,random_3_regular,False,14,10,512,2,4096,2.89814795,False,True,False
statevector,random_3_regular,False,14,10,1024,2,4096,2.89814795,False,True,False
statevector,random_3_regular,False,14,10,2048,2,4096,2.89814795,False,True,False
statevector,random_3_regular,False,14,10,4096,2,4096,2.89814795,False,True,False
statevector,random_3_regular,True,14,25,256,2,4096,1.15925918,False,False,False
statevector,random_3_regular,False,14,25,512,2,4096,1.15925918,False,False,False
statevector,random_3_regular,False,14,25,1024,2,4096,1.15925918,False,False,False
statevector,random_3_regular,False,14,25,2048,2,4096,1.15925918,False,False,False
statevector,random_3_regular,False,14,25,4096,2,4096,1.15925918,False,False,False
statevector,random_3_regular,True,14,50,256,2,4096,0.57962959,False,False,False
statevector,random_3_regular,False,14,50,512,2,4096,0.57962959,False,False,False
statevector,random_3_regular,False,14,50,1024,2,4096,0.57962959,False,False,False
statevector,random_3_regular,False,14,50,2048,2,4096,0.57962959,False,False,False
statevector,random_3_regular,False,14,50,4096,2,4096,0.57962959,False,False,False
statevector,random_3_regular,True,14,100,256,2,4096,0.289814795,False,False,False
statevector,random_3_regular,False,14,100,512,2,4096,0.289814795,False,False,False
statevector,random_3_regular,False,14,100,1024,2,4096,0.289814795,False,False,False
statevector,random_3_regular,False,14,100,2048,2,4096,0.289814795,False,False,False
statevector,random_3_regular,False,14,100,4096,2,4096,0.289814795,False,False,False
statevector,random_3_regular,True,14,250,256,2,4096,0.11592591799999999,False,False,False
statevector,random_3_regular,False,14,250,512,2,4096,0.11592591799999999,False,False,False
statevector,random_3_regular,False,14,250,1024,2,4096,0.11592591799999999,False,False,False
statevector,random_3_regular,False,14,250,2048,2,4096,0.11592591799999999,False,False,False
statevector,random_3_regular,False,14,250,4096,2,4096,0.11592591799999999,False,False,False
statevector,random_3_regular,True,14,500,256,2,4096,0.057962958999999994,False,False,False
statevector,random_3_regular,False,14,500,512,2,4096,0.057962958999999994,False,False,False
statevector,random_3_regular,False,14,500,1024,2,4096,0.057962958999999994,False,False,False
statevector,random_3_regular,False,14,500,2048,2,4096,0.057962958999999994,False,False,False
statevector,random_3_regular,False,14,500,4096,2,4096,0.057962958999999994,False,False,False
statevector,random_3_regular,True,14,10,256,3,4096,2.98813335,False,True,False
statevector,random_3_regular,False,14,10,512,3,4096,2.98813335,False,True,False
statevector,random_3_regular,False,14,10,1024,3,4096,2.98813335,False,True,False
statevector,random_3_regular,False,14,10,2048,3,4096,2.98813335,False,True,False
statevector,random_3_regular,False,14,10,4096,3,4096,2.98813335,False,True,False
statevector,random_3_regular,True,14,25,256,3,4096,1.19525334,False,False,False
statevector,random_3_regular,False,14,25,512,3,4096,1.19525334,False,False,False
statevector,random_3_regular,False,14,25,1024,3,4096,1.19525334,False,False,False
statevector,random_3_regular,False,14,25,2048,3,4096,1.19525334,False,False,False
statevector,random_3_regular,False,14,25,4096,3,4096,1.19525334,False,False,False
statevector,random_3_regular,True,14,50,256,3,4096,0.59762667,False,False,False
statevector,random_3_regular,False,14,50,512,3,4096,0.59762667,False,False,False
statevector,random_3_regular,False,14,50,1024,3,4096,0.59762667,False,False,False
statevector,random_3_regular,False,14,50,2048,3,4096,0.59762667,False,False,False
statevector,random_3_regular,False,14,50,4096,3,4096,0.59762667,False,False,False
statevector,random_3_regular,True,14,100,256,3,4096,0.298813335,False,False,False
statevector,random_3_regular,False,14,100,512,3,4096,0.298813335,False,False,False
statevector,random_3_regular,False,14,100,1024,3,4096,0.298813335,False,False,False
statevector,random_3_regular,False,14,100,2048,3,4096,0.298813335,False,False,False
statevector,random_3_regular,False,14,100,4096,3,4096,0.298813335,False,False,False
statevector,random_3_regular,True,14,250,256,3,4096,0.119525334,False,False,False
statevector,random_3_regular,False,14,250,512,3,4096,0.119525334,False,False,False
statevector,random_3_regular,False,14,250,1024,3,4096,0.119525334,False,False,False
statevector,random_3_regular,False,14,250,2048,3,4096,0.119525334,False,False,False
statevector,random_3_regular,False,14,250,4096,3,4096,0.119525334,False,False,False
statevector,random_3_regular,True,14,500,256,3,4096,0.059762667,False,False,False
statevector,random_3_regular,False,14,500,512,3,4096,0.059762667,False,False,False
statevector,random_3_regular,False,14,500,1024,3,4096,0.059762667,False,False,False
statevector,random_3_regular,False,14,500,2048,3,4096,0.059762667,False,False,False
statevector,random_3_regular,False,14,500,4096,3,4096,0.059762667,False,False,False
statevector,random_3_regular,True,16,10,256,1,4096,3.2149437000000005,False,True,False
statevector,random_3_regular,False,16,10,512,1,4096,3.2149437000000005,False,True,False
statevector,random_3_regular,False,16,10,1024,1,4096,3.2149437000000005,False,True,False
statevector,random_3_regular,False,16,10,2048,1,4096,3.2149437000000005,False,True,False
statevector,random_3_regular,False,16,10,4096,1,4096,3.2149437000000005,False,True,False
statevector,random_3_regular,True,16,25,256,1,4096,1.2859774800000003,False,False,False
statevector,random_3_regular,False,16,25,512,1,4096,1.2859774800000003,False,False,False
statevector,random_3_regular,False,16,25,1024,1,4096,1.2859774800000003,False,False,False
statevector,random_3_regular,False,16,25,2048,1,4096,1.2859774800000003,False,False,False
statevector,random_3_regular,False,16,25,4096,1,4096,1.2859774800000003,False,False,False
statevector,random_3_regular,True,16,50,256,1,4096,0.6429887400000002,False,False,False
statevector,random_3_regular,False,16,50,512,1,4096,0.6429887400000002,False,False,False
statevector,random_3_regular,False,16,50,1024,1,4096,0.6429887400000002,False,False,False
statevector,random_3_regular,False,16,50,2048,1,4096,0.6429887400000002,False,False,False
statevector,random_3_regular,False,16,50,4096,1,4096,0.6429887400000002,False,False,False
statevector,random_3_regular,True,16,100,256,1,4096,0.3214943700000001,False,False,False
statevector,random_3_regular,False,16,100,512,1,4096,0.3214943700000001,False,False,False
statevector,random_3_regular,False,16,100,1024,1,4096,0.3214943700000001,False,False,False
statevector,random_3_regular,False,16,100,2048,1,4096,0.3214943700000001,False,False,False
statevector,random_3_regular,False,16,100,4096,1,4096,0.3214943700000001,False,False,False
statevector,random_3_regular,True,16,250,256,1,4096,0.128597748,False,False,False
statevector,random_3_regular,False,16,250,512,1,4096,0.128597748,False,False,False
statevector,random_3_regular,False,16,250,1024,1,4096,0.128597748,False,False,False
statevector,random_3_regular,False,16,250,2048,1,4096,0.128597748,False,False,False
statevector,random_3_regular,False,16,250,4096,1,4096,0.128597748,False,False,False
statevector,random_3_regular,True,16,500,256,1,4096,0.064298874,False,False,False
statevector,random_3_regular,False,16,500,512,1,4096,0.064298874,False,False,False
statevector,random_3_regular,False,16,500,1024,1,4096,0.064298874,False,False,False
statevector,random_3_regular,False,16,500,2048,1,4096,0.064298874,False,False,False
statevector,random_3_regular,False,16,500,4096,1,4096,0.064298874,False,False,False
statevector,random_3_regular,True,16,10,256,2,4096,3.61990415,False,True,False
statevector,random_3_regular,False,16,10,512,2,4096,3.61990415,False,True,False
statevector,random_3_regular,False,16,10,1024,2,4096,3.61990415,False,True,False
statevector,random_3_regular,False,16,10,2048,2,4096,3.61990415,False,True,False
statevector,random_3_regular,False,16,10,4096,2,4096,3.61990415,False,True,False
statevector,random_3_regular,True,16,25,256,2,4096,1.44796166,False,False,False
statevector,random_3_regular,False,16,25,512,2,4096,1.44796166,False,False,False
statevector,random_3_regular,False,16,25,1024,2,4096,1.44796166,False,False,False
statevector,random_3_regular,False,16,25,2048,2,4096,1.44796166,False,False,False
statevector,random_3_regular,False,16,25,4096,2,4096,1.44796166,False,False,False
statevector,random_3_regular,True,16,50,256,2,4096,0.72398083,False,False,False
statevector,random_3_regular,False,16,50,512,2,4096,0.72398083,False,False,False
statevector,random_3_regular,False,16,50,1024,2,4096,0.72398083,False,False,False
statevector,random_3_regular,False,16,50,2048,2,4096,0.72398083,False,False,False
statevector,random_3_regular,False,16,50,4096,2,4096,0.72398083,False,False,False
statevector,random_3_regular,True,16,100,256,2,4096,0.361990415,False,False,False
statevector,random_3_regular,False,16,100,512,2,4096,0.361990415,False,False,False
statevector,random_3_regular,False,16,100,1024,2,4096,0.361990415,False,False,False
statevector,random_3_regular,False,16,100,2048,2,4096,0.361990415,False,False,False
statevector,random_3_regular,False,16,100,4096,2,4096,0.361990415,False,False,False
statevector,random_3_regular,True,16,250,256,2,4096,0.144796166,False,False,False
statevector,random_3_regular,False,16,250,512,2,4096,0.144796166,False,False,False
statevector,random_3_regular,False,16,250,1024,2,4096,0.144796166,False,False,False
statevector,random_3_regular,False,16,250,2048,2,4096,0.144796166,False,False,False
statevector,random_3_regular,False,16,250,4096,2,4096,0.144796166,False,False,False
statevector,random_3_regular,True,16,500,256,2,4096,0.072398083,False,False,False
statevector,random_3_regular,False,16,500,512,2,4096,0.072398083,False,False,False
statevector,random_3_regular,False,16,500,1024,2,4096,0.072398083,False,False,False
statevector,random_3_regular,False,16,500,2048,2,4096,0.072398083,False,False,False
statevector,random_3_regular,False,16,500,4096,2,4096,0.072398083,False,False,False
statevector,random_3_regular,True,16,10,256,3,4096,3.8694751500000004,False,True,False
statevector,random_3_regular,False,16,10,512,3,4096,3.8694751500000004,False,True,False
statevector,random_3_regular,False,16,10,1024,3,4096,3.8694751500000004,False,True,False
statevector,random_3_regular,False,16,10,2048,3,4096,3.8694751500000004,False,True,False
statevector,random_3_regular,False,16,10,4096,3,4096,3.8694751500000004,False,True,False
statevector,random_3_regular,True,16,25,256,3,4096,1.54779006,False,False,False
statevector,random_3_regular,False,16,25,512,3,4096,1.54779006,False,False,False
statevector,random_3_regular,False,16,25,1024,3,4096,1.54779006,False,False,False
statevector,random_3_regular,False,16,25,2048,3,4096,1.54779006,False,False,False
statevector,random_3_regular,False,16,25,4096,3,4096,1.54779006,False,False,False
statevector,random_3_regular,True,16,50,256,3,4096,0.77389503,False,False,False
statevector,random_3_regular,False,16,50,512,3,4096,0.77389503,False,False,False
statevector,random_3_regular,False,16,50,1024,3,4096,0.77389503,False,False,False
statevector,random_3_regular,False,16,50,2048,3,4096,0.77389503,False,False,False
statevector,random_3_regular,False,16,50,4096,3,4096,0.77389503,False,False,False
statevector,random_3_regular,True,16,100,256,3,4096,0.386947515,False,False,False
statevector,random_3_regular,False,16,100,512,3,4096,0.386947515,False,False,False
statevector,random_3_regular,False,16,100,1024,3,4096,0.386947515,False,False,False
statevector,random_3_regular,False,16,100,2048,3,4096,0.386947515,False,False,False
statevector,random_3_regular,False,16,100,4096,3,4096,0.386947515,False,False,False
statevector,random_3_regular,True,16,250,256,3,4096,0.154779006,False,False,False
statevector,random_3_regular,False,16,250,512,3,4096,0.154779006,False,False,False
statevector,random_3_regular,False,16,250,1024,3,4096,0.154779006,False,False,False
statevector,random_3_regular,False,16,250,2048,3,4096,0.154779006,False,False,False
statevector,random_3_regular,False,16,250,4096,3,4096,0.154779006,False,False,False
statevector,random_3_regular,True,16,500,256,3,4096,0.077389503,False,False,False
statevector,random_3_regular,False,16,500,512,3,4096,0.077389503,False,False,False
statevector,random_3_regular,False,16,500,1024,3,4096,0.077389503,False,False,False
statevector,random_3_regular,False,16,500,2048,3,4096,0.077389503,False,False,False
statevector,random_3_regular,False,16,500,4096,3,4096,0.077389503,False,False,False
statevector,random_3_regular,True,18,10,256,1,4096,4.7232833,False,True,False
statevector,random_3_regular,False,18,10,512,1,4096,4.7232833,False,True,False
statevector,random_3_regular,False,18,10,1024,1,4096,4.7232833,False,True,False
statevector,random_3_regular,False,18,10,2048,1,4096,4.7232833,False,True,False
statevector,random_3_regular,False,18,10,4096,1,4096,4.7232833,False,True,False
statevector,random_3_regular,True,18,25,256,1,4096,1.88931332,False,False,False
statevector,random_3_regular,False,18,25,512,1,4096,1.88931332,False,False,False
statevector,random_3_regular,False,18,25,1024,1,4096,1.88931332,False,False,False
statevector,random_3_regular,False,18,25,2048,1,4096,1.88931332,False,False,False
statevector,random_3_regular,False,18,25,4096,1,4096,1.88931332,False,False,False
statevector,random_3_regular,True,18,50,256,1,4096,0.94465666,False,False,False
statevector,random_3_regular,False,18,50,512,1,4096,0.94465666,False,False,False
statevector,random_3_regular,False,18,50,1024,1,4096,0.94465666,False,False,False
statevector,random_3_regular,False,18,50,2048,1,4096,0.94465666,False,False,False
statevector,random_3_regular,False,18,50,4096,1,4096,0.94465666,False,False,False
statevector,random_3_regular,True,18,100,256,1,4096,0.47232833,False,False,False
statevector,random_3_regular,False,18,100,512,1,4096,0.47232833,False,False,False
statevector,random_3_regular,False,18,100,1024,1,4096,0.47232833,False,False,False
statevector,random_3_regular,False,18,100,2048,1,4096,0.47232833,False,False,False
statevector,random_3_regular,False,18,100,4096,1,4096,0.47232833,False,False,False
statevector,random_3_regular,True,18,250,256,1,4096,0.188931332,False,False,False
statevector,random_3_regular,False,18,250,512,1,4096,0.188931332,False,False,False
statevector,random_3_regular,False,18,250,1024,1,4096,0.188931332,False,False,False
statevector,random_3_regular,False,18,250,2048,1,4096,0.188931332,False,False,False
statevector,random_3_regular,False,18,250,4096,1,4096,0.188931332,False,False,False
statevector,random_3_regular,True,18,500,256,1,4096,0.094465666,False,False,False
statevector,random_3_regular,False,18,500,512,1,4096,0.094465666,False,False,False
statevector,random_3_regular,False,18,500,1024,1,4096,0.094465666,False,False,False
statevector,random_3_regular,False,18,500,2048,1,4096,0.094465666,False,False,False
statevector,random_3_regular,False,18,500,4096,1,4096,0.094465666,False,False,False
statevector,random_3_regular,True,18,10,256,2,4096,6.192424999999998,False,True,True
statevector,random_3_regular,False,18,10,512,2,4096,6.192424999999998,False,True,True
statevector,random_3_regular,False,18,10,1024,2,4096,6.192424999999998,False,True,True
statevector,random_3_regular,False,18,10,2048,2,4096,6.192424999999998,False,True,True
statevector,random_3_regular,False,18,10,4096,2,4096,6.192424999999998,False,True,True
statevector,random_3_regular,True,18,25,256,2,4096,2.4769699999999997,False,True,False
statevector,random_3_regular,False,18,25,512,2,4096,2.4769699999999997,False,True,False
statevector,random_3_regular,False,18,25,1024,2,4096,2.4769699999999997,False,True,False
statevector,random_3_regular,False,18,25,2048,2,4096,2.4769699999999997,False,True,False
statevector,random_3_regular,False,18,25,4096,2,4096,2.4769699999999997,False,True,False
statevector,random_3_regular,True,18,50,256,2,4096,1.2384849999999998,False,False,False
statevector,random_3_regular,False,18,50,512,2,4096,1.2384849999999998,False,False,False
statevector,random_3_regular,False,18,50,1024,2,4096,1.2384849999999998,False,False,False
statevector,random_3_regular,False,18,50,2048,2,4096,1.2384849999999998,False,False,False
statevector,random_3_regular,False,18,50,4096,2,4096,1.2384849999999998,False,False,False
statevector,random_3_regular,True,18,100,256,2,4096,0.6192424999999999,False,False,False
statevector,random_3_regular,False,18,100,512,2,4096,0.6192424999999999,False,False,False
statevector,random_3_regular,False,18,100,1024,2,4096,0.6192424999999999,False,False,False
statevector,random_3_regular,False,18,100,2048,2,4096,0.6192424999999999,False,False,False
statevector,random_3_regular,False,18,100,4096,2,4096,0.6192424999999999,False,False,False
statevector,random_3_regular,True,18,250,256,2,4096,0.24769699999999994,False,False,False
statevector,random_3_regular,False,18,250,512,2,4096,0.24769699999999994,False,False,False
statevector,random_3_regular,False,18,250,1024,2,4096,0.24769699999999994,False,False,False
statevector,random_3_regular,False,18,250,2048,2,4096,0.24769699999999994,False,False,False
statevector,random_3_regular,False,18,250,4096,2,4096,0.24769699999999994,False,False,False
statevector,random_3_regular,True,18,500,256,2,4096,0.12384849999999997,False,False,False
statevector,random_3_regular,False,18,500,512,2,4096,0.12384849999999997,False,False,False
statevector,random_3_regular,False,18,500,1024,2,4096,0.12384849999999997,False,False,False
statevector,random_3_regular,False,18,500,2048,2,4096,0.12384849999999997,False,False,False
statevector,random_3_regular,False,18,500,4096,2,4096,0.12384849999999997,False,False,False
statevector,random_3_regular,True,18,10,256,3,4096,7.798258299999999,False,True,True
statevector,random_3_regular,False,18,10,512,3,4096,7.798258299999999,False,True,True
statevector,random_3_regular,False,18,10,1024,3,4096,7.798258299999999,False,True,True
statevector,random_3_regular,False,18,10,2048,3,4096,7.798258299999999,False,True,True
statevector,random_3_regular,False,18,10,4096,3,4096,7.798258299999999,False,True,True
statevector,random_3_regular,True,18,25,256,3,4096,3.1193033199999998,False,True,False
statevector,random_3_regular,False,18,25,512,3,4096,3.1193033199999998,False,True,False
statevector,random_3_regular,False,18,25,1024,3,4096,3.1193033199999998,False,True,False
statevector,random_3_regular,False,18,25,2048,3,4096,3.1193033199999998,False,True,False
statevector,random_3_regular,False,18,25,4096,3,4096,3.1193033199999998,False,True,False
statevector,random_3_regular,True,18,50,256,3,4096,1.5596516599999999,False,False,False
statevector,random_3_regular,False,18,50,512,3,4096,1.5596516599999999,False,False,False
statevector,random_3_regular,False,18,50,1024,3,4096,1.5596516599999999,False,False,False
statevector,random_3_regular,False,18,50,2048,3,4096,1.5596516599999999,False,False,False
statevector,random_3_regular,False,18,50,4096,3,4096,1.5596516599999999,False,False,False
statevector,random_3_regular,True,18,100,256,3,4096,0.7798258299999999,False,False,False
statevector,random_3_regular,False,18,100,512,3,4096,0.7798258299999999,False,False,False
statevector,random_3_regular,False,18,100,1024,3,4096,0.7798258299999999,False,False,False
statevector,random_3_regular,False,18,100,2048,3,4096,0.7798258299999999,False,False,False
statevector,random_3_regular,False,18,100,4096,3,4096,0.7798258299999999,False,False,False
statevector,random_3_regular,True,18,250,256,3,4096,0.311930332,False,False,False
statevector,random_3_regular,False,18,250,512,3,4096,0.311930332,False,False,False
statevector,random_3_regular,False,18,250,1024,3,4096,0.311930332,False,False,False
statevector,random_3_regular,False,18,250,2048,3,4096,0.311930332,False,False,False
statevector,random_3_regular,False,18,250,4096,3,4096,0.311930332,False,False,False
statevector,random_3_regular,True,18,500,256,3,4096,0.155965166,False,False,False
statevector,random_3_regular,False,18,500,512,3,4096,0.155965166,False,False,False
statevector,random_3_regular,False,18,500,1024,3,4096,0.155965166,False,False,False
statevector,random_3_regular,False,18,500,2048,3,4096,0.155965166,False,False,False
statevector,random_3_regular,False,18,500,4096,3,4096,0.155965166,False,False,False
statevector,random_3_regular,True,20,10,256,1,4096,11.4719666,True,True,True
statevector,random_3_regular,False,20,10,512,1,4096,11.4719666,True,True,True
statevector,random_3_regular,False,20,10,1024,1,4096,11.4719666,True,True,True
statevector,random_3_regular,False,20,10,2048,1,4096,11.4719666,True,True,True
statevector,random_3_regular,False,20,10,4096,1,4096,11.4719666,True,True,True
statevector,random_3_regular,True,20,25,256,1,4096,4.58878664,False,True,False
statevector,random_3_regular,False,20,25,512,1,4096,4.58878664,False,True,False
statevector,random_3_regular,False,20,25,1024,1,4096,4.58878664,False,True,False
statevector,random_3_regular,False,20,25,2048,1,4096,4.58878664,False,True,False
statevector,random_3_regular,False,20,25,4096,1,4096,4.58878664,False,True,False
statevector,random_3_regular,True,20,50,256,1,4096,2.29439332,False,True,False
statevector,random_3_regular,False,20,50,512,1,4096,2.29439332,False,True,False
statevector,random_3_regular,False,20,50,1024,1,4096,2.29439332,False,True,False
statevector,random_3_regular,False,20,50,2048,1,4096,2.29439332,False,True,False
statevector,random_3_regular,False,20,50,4096,1,4096,2.29439332,False,True,False
statevector,random_3_regular,True,20,100,256,1,4096,1.14719666,False,False,False
statevector,random_3_regular,False,20,100,512,1,4096,1.14719666,False,False,False
statevector,random_3_regular,False,20,100,1024,1,4096,1.14719666,False,False,False
statevector,random_3_regular,False,20,100,2048,1,4096,1.14719666,False,False,False
statevector,random_3_regular,False,20,100,4096,1,4096,1.14719666,False,False,False
statevector,random_3_regular,True,20,250,256,1,4096,0.458878664,False,False,False
statevector,random_3_regular,False,20,250,512,1,4096,0.458878664,False,False,False
statevector,random_3_regular,False,20,250,1024,1,4096,0.458878664,False,False,False
statevector,random_3_regular,False,20,250,2048,1,4096,0.458878664,False,False,False
statevector,random_3_regular,False,20,250,4096,1,4096,0.458878664,False,False,False
statevector,random_3_regular,True,20,500,256,1,4096,0.229439332,False,False,False
statevector,random_3_regular,False,20,500,512,1,4096,0.229439332,False,False,False
statevector,random_3_regular,False,20,500,1024,1,4096,0.229439332,False,False,False
statevector,random_3_regular,False,20,500,2048,1,4096,0.229439332,False,False,False
statevector,random_3_regular,False,20,500,4096,1,4096,0.229439332,False,False,False
statevector,random_3_regular,True,20,10,256,2,4096,17.5162291,True,True,True
statevector,random_3_regular,False,20,10,512,2,4096,17.5162291,True,True,True
statevector,random_3_regular,False,20,10,1024,2,4096,17.5162291,True,True,True
statevector,random_3_regular,False,20,10,2048,2,4096,17.5162291,True,True,True
statevector,random_3_regular,False,20,10,4096,2,4096,17.5162291,True,True,True
statevector,random_3_regular,True,20,25,256,2,4096,7.00649164,False,True,True
statevector,random_3_regular,False,20,25,512,2,4096,7.00649164,False,True,True
statevector,random_3_regular,False,20,25,1024,2,4096,7.00649164,False,True,True
statevector,random_3_regular,False,20,25,2048,2,4096,7.00649164,False,True,True
statevector,random_3_regular,False,20,25,4096,2,4096,7.00649164,False,True,True
statevector,random_3_regular,True,20,50,256,2,4096,3.50324582,False,True,False
statevector,random_3_regular,False,20,50,512,2,4096,3.50324582,False,True,False
statevector,random_3_regular,False,20,50,1024,2,4096,3.50324582,False,True,False
statevector,random_3_regular,False,20,50,2048,2,4096,3.50324582,False,True,False
statevector,random_3_regular,False,20,50,4096,2,4096,3.50324582,False,True,False
statevector,random_3_regular,True,20,100,256,2,4096,1.75162291,False,False,False
statevector,random_3_regular,False,20,100,512,2,4096,1.75162291,False,False,False
statevector,random_3_regular,False,20,100,1024,2,4096,1.75162291,False,False,False
statevector,random_3_regular,False,20,100,2048,2,4096,1.75162291,False,False,False
statevector,random_3_regular,False,20,100,4096,2,4096,1.75162291,False,False,False
statevector,random_3_regular,True,20,250,256,2,4096,0.700649164,False,False,False
statevector,random_3_regular,False,20,250,512,2,4096,0.700649164,False,False,False
statevector,random_3_regular,False,20,250,1024,2,4096,0.700649164,False,False,False
statevector,random_3_regular,False,20,250,2048,2,4096,0.700649164,False,False,False
statevector,random_3_regular,False,20,250,4096,2,4096,0.700649164,False,False,False
statevector,random_3_regular,True,20,500,256,2,4096,0.350324582,False,False,False
statevector,random_3_regular,False,20,500,512,2,4096,0.350324582,False,False,False
statevector,random_3_regular,False,20,500,1024,2,4096,0.350324582,False,False,False
statevector,random_3_regular,False,20,500,2048,2,4096,0.350324582,False,False,False
statevector,random_3_regular,False,20,500,4096,2,4096,0.350324582,False,False,False
statevector,random_3_regular,True,20,10,256,3,1024,22.191929199999997,True,True,True
statevector,random_3_regular,False,20,10,512,3,1024,22.191929199999997,True,True,True
statevector,random_3_regular,False,20,10,1024,3,1024,22.191929199999997,True,True,True
statevector,random_3_regular,False,20,10,2048,3,1024,22.191929199999997,True,True,True
statevector,random_3_regular,False,20,10,4096,3,1024,22.191929199999997,True,True,True
statevector,random_3_regular,True,20,25,256,3,1024,8.87677168,False,True,True
statevector,random_3_regular,False,20,25,512,3,1024,8.87677168,False,True,True
statevector,random_3_regular,False,20,25,1024,3,1024,8.87677168,False,True,True
statevector,random_3_regular,False,20,25,2048,3,1024,8.87677168,False,True,True
statevector,random_3_regular,False,20,25,4096,3,1024,8.87677168,False,True,True
statevector,random_3_regular,True,20,50,256,3,1024,4.43838584,False,True,False
statevector,random_3_regular,False,20,50,512,3,1024,4.43838584,False,True,False
statevector,random_3_regular,False,20,50,1024,3,1024,4.43838584,False,True,False
statevector,random_3_regular,False,20,50,2048,3,1024,4.43838584,False,True,False
statevector,random_3_regular,False,20,50,4096,3,1024,4.43838584,False,True,False
statevector,random_3_regular,True,20,100,256,3,1024,2.21919292,False,True,False
statevector,random_3_regular,False,20,100,512,3,1024,2.21919292,False,True,False
statevector,random_3_regular,False,20,100,1024,3,1024,2.21919292,False,True,False
statevector,random_3_regular,False,20,100,2048,3,1024,2.21919292,False,True,False
statevector,random_3_regular,False,20,100,4096,3,1024,2.21919292,False,True,False
statevector,random_3_regular,True,20,250,256,3,1024,0.887677168,False,False,False
statevector,random_3_regular,False,20,250,512,3,1024,0.887677168,False,False,False
statevector,random_3_regular,False,20,250,1024,3,1024,0.887677168,False,False,False
statevector,random_3_regular,False,20,250,2048,3,1024,0.887677168,False,False,False
statevector,random_3_regular,False,20,250,4096,3,1024,0.887677168,False,False,False
statevector,random_3_regular,True,20,500,256,3,1024,0.443838584,False,False,False
statevector,random_3_regular,False,20,500,512,3,1024,0.443838584,False,False,False
statevector,random_3_regular,False,20,500,1024,3,1024,0.443838584,False,False,False
statevector,random_3_regular,False,20,500,2048,3,1024,0.443838584,False,False,False
statevector,random_3_regular,False,20,500,4096,3,1024,0.443838584,False,False,False
statevector,random_3_regular,True,20,10,256,3,4096,22.7719042,True,True,True
statevector,random_3_regular,False,20,10,512,3,4096,22.7719042,True,True,True
statevector,random_3_regular,False,20,10,1024,3,4096,22.7719042,True,True,True
statevector,random_3_regular,False,20,10,2048,3,4096,22.7719042,True,True,True
statevector,random_3_regular,False,20,10,4096,3,4096,22.7719042,True,True,True
statevector,random_3_regular,True,20,25,256,3,4096,9.10876168,False,True,True
statevector,random_3_regular,False,20,25,512,3,4096,9.10876168,False,True,True
statevector,random_3_regular,False,20,25,1024,3,4096,9.10876168,False,True,True
statevector,random_3_regular,False,20,25,2048,3,4096,9.10876168,False,True,True
statevector,random_3_regular,False,20,25,4096,3,4096,9.10876168,False,True,True
statevector,random_3_regular,True,20,50,256,3,4096,4.55438084,False,True,False
statevector,random_3_regular,False,20,50,512,3,4096,4.55438084,False,True,False
statevector,random_3_regular,False,20,50,1024,3,4096,4.55438084,False,True,False
statevector,random_3_regular,False,20,50,2048,3,4096,4.55438084,False,True,False
statevector,random_3_regular,False,20,50,4096,3,4096,4.55438084,False,True,False
statevector,random_3_regular,True,20,100,256,3,4096,2.27719042,False,True,False
statevector,random_3_regular,False,20,100,512,3,4096,2.27719042,False,True,False
statevector,random_3_regular,False,20,100,1024,3,4096,2.27719042,False,True,False
statevector,random_3_regular,False,20,100,2048,3,4096,2.27719042,False,True,False
statevector,random_3_regular,False,20,100,4096,3,4096,2.27719042,False,True,False
statevector,random_3_regular,True,20,250,256,3,4096,0.910876168,False,False,False
statevector,random_3_regular,False,20,250,512,3,4096,0.910876168,False,False,False
statevector,random_3_regular,False,20,250,1024,3,4096,0.910876168,False,False,False
statevector,random_3_regular,False,20,250,2048,3,4096,0.910876168,False,False,False
statevector,random_3_regular,False,20,250,4096,3,4096,0.910876168,False,False,False
statevector,random_3_regular,True,20,500,256,3,4096,0.455438084,False,False,False
statevector,random_3_regular,False,20,500,512,3,4096,0.455438084,False,False,False
statevector,random_3_regular,False,20,500,1024,3,4096,0.455438084,False,False,False
statevector,random_3_regular,False,20,500,2048,3,4096,0.455438084,False,False,False
statevector,random_3_regular,False,20,500,4096,3,4096,0.455438084,False,False,False
statevector,random_3_regular,True,20,10,256,3,65536,35.139041500000005,True,True,True
statevector,random_3_regular,False,20,10,512,3,65536,35.139041500000005,True,True,True
statevector,random_3_regular,False,20,10,1024,3,65536,35.139041500000005,True,True,True
statevector,random_3_regular,False,20,10,2048,3,65536,35.139041500000005,True,True,True
statevector,random_3_regular,False,20,10,4096,3,65536,35.139041500000005,True,True,True
statevector,random_3_regular,True,20,25,256,3,65536,14.0556166,True,True,True
statevector,random_3_regular,False,20,25,512,3,65536,14.0556166,True,True,True
statevector,random_3_regular,False,20,25,1024,3,65536,14.0556166,True,True,True
statevector,random_3_regular,False,20,25,2048,3,65536,14.0556166,True,True,True
statevector,random_3_regular,False,20,25,4096,3,65536,14.0556166,True,True,True
statevector,random_3_regular,True,20,50,256,3,65536,7.0278083,False,True,True
statevector,random_3_regular,False,20,50,512,3,65536,7.0278083,False,True,True
statevector,random_3_regular,False,20,50,1024,3,65536,7.0278083,False,True,True
statevector,random_3_regular,False,20,50,2048,3,65536,7.0278083,False,True,True
statevector,random_3_regular,False,20,50,4096,3,65536,7.0278083,False,True,True
statevector,random_3_regular,True,20,100,256,3,65536,3.51390415,False,True,False
statevector,random_3_regular,False,20,100,512,3,65536,3.51390415,False,True,False
statevector,random_3_regular,False,20,100,1024,3,65536,3.51390415,False,True,False
statevector,random_3_regular,False,20,100,2048,3,65536,3.51390415,False,True,False
statevector,random_3_regular,False,20,100,4096,3,65536,3.51390415,False,True,False
statevector,random_3_regular,True,20,250,256,3,65536,1.40556166,False,False,False
statevector,random_3_regular,False,20,250,512,3,65536,1.40556166,False,False,False
statevector,random_3_regular,False,20,250,1024,3,65536,1.40556166,False,False,False
statevector,random_3_regular,False,20,250,2048,3,65536,1.40556166,False,False,False
statevector,random_3_regular,False,20,250,4096,3,65536,1.40556166,False,False,False
statevector,random_3_regular,True,20,500,256,3,65536,0.70278083,False,False,False
statevector,random_3_regular,False,20,500,512,3,65536,0.70278083,False,False,False
statevector,random_3_regular,False,20,500,1024,3,65536,0.70278083,False,False,False
statevector,random_3_regular,False,20,500,2048,3,65536,0.70278083,False,False,False
statevector,random_3_regular,False,20,500,4096,3,65536,0.70278083,False,False,False
statevector,random_3_regular,True,22,10,256,1,4096,58.1907207,True,True,True
statevector,random_3_regular,False,22,10,512,1,4096,58.1907207,True,True,True
statevector,random_3_regular,False,22,10,1024,1,4096,58.1907207,True,True,True
statevector,random_3_regular,False,22,10,2048,1,4096,58.1907207,True,True,True
statevector,random_3_regular,False,22,10,4096,1,4096,58.1907207,True,True,True
statevector,random_3_regular,True,22,25,256,1,4096,23.27628828,True,True,True
statevector,random_3_regular,False,22,25,512,1,4096,23.27628828,True,True,True
statevector,random_3_regular,False,22,25,1024,1,4096,23.27628828,True,True,True
statevector,random_3_regular,False,22,25,2048,1,4096,23.27628828,True,True,True
statevector,random_3_regular,False,22,25,4096,1,4096,23.27628828,True,True,True
statevector,random_3_regular,True,22,50,256,1,4096,11.63814414,True,True,True
statevector,random_3_regular,False,22,50,512,1,4096,11.63814414,True,True,True
statevector,random_3_regular,False,22,50,1024,1,4096,11.63814414,True,True,True
statevector,random_3_regular,False,22,50,2048,1,4096,11.63814414,True,True,True
statevector,random_3_regular,False,22,50,4096,1,4096,11.63814414,True,True,True
statevector,random_3_regular,True,22,100,256,1,4096,5.81907207,False,True,True
statevector,random_3_regular,False,22,100,512,1,4096,5.81907207,False,True,True
statevector,random_3_regular,False,22,100,1024,1,4096,5.81907207,False,True,True
statevector,random_3_regular,False,22,100,2048,1,4096,5.81907207,False,True,True
statevector,random_3_regular,False,22,100,4096,1,4096,5.81907207,False,True,True
statevector,random_3_regular,True,22,250,256,1,4096,2.327628828,False,True,False
statevector,random_3_regular,False,22,250,512,1,4096,2.327628828,False,True,False
statevector,random_3_regular,False,22,250,1024,1,4096,2.327628828,False,True,False
statevector,random_3_regular,False,22,250,2048,1,4096,2.327628828,False,True,False
statevector,random_3_regular,False,22,250,4096,1,4096,2.327628828,False,True,False
statevector,random_3_regular,True,22,500,256,1,4096,1.163814414,False,False,False
statevector,random_3_regular,False,22,500,512,1,4096,1.163814414,False,False,False
statevector,random_3_regular,False,22,500,1024,1,4096,1.163814414,False,False,False
statevector,random_3_regular,False,22,500,2048,1,4096,1.163814414,False,False,False
statevector,random_3_regular,False,22,500,4096,1,4096,1.163814414,False,False,False
statevector,random_3_regular,True,22,10,256,2,4096,94.7269417,True,True,True
statevector,random_3_regular,False,22,10,512,2,4096,94.7269417,True,True,True
statevector,random_3_regular,False,22,10,1024,2,4096,94.7269417,True,True,True
statevector,random_3_regular,False,22,10,2048,2,4096,94.7269417,True,True,True
statevector,random_3_regular,False,22,10,4096,2,4096,94.7269417,True,True,True
statevector,random_3_regular,True,22,25,256,2,4096,37.89077668,True,True,True
statevector,random_3_regular,False,22,25,512,2,4096,37.89077668,True,True,True
statevector,random_3_regular,False,22,25,1024,2,4096,37.89077668,True,True,True
statevector,random_3_regular,False,22,25,2048,2,4096,37.89077668,True,True,True
statevector,random_3_regular,False,22,25,4096,2,4096,37.89077668,True,True,True
statevector,random_3_regular,True,22,50,256,2,4096,18.94538834,True,True,True
statevector,random_3_regular,False,22,50,512,2,4096,18.94538834,True,True,True
statevector,random_3_regular,False,22,50,1024,2,4096,18.94538834,True,True,True
statevector,random_3_regular,False,22,50,2048,2,4096,18.94538834,True,True,True
statevector,random_3_regular,False,22,50,4096,2,4096,18.94538834,True,True,True
statevector,random_3_regular,True,22,100,256,2,4096,9.47269417,False,True,True
statevector,random_3_regular,False,22,100,512,2,4096,9.47269417,False,True,True
statevector,random_3_regular,False,22,100,1024,2,4096,9.47269417,False,True,True
statevector,random_3_regular,False,22,100,2048,2,4096,9.47269417,False,True,True
statevector,random_3_regular,False,22,100,4096,2,4096,9.47269417,False,True,True
statevector,random_3_regular,True,22,250,256,2,4096,3.789077668,False,True,False
statevector,random_3_regular,False,22,250,512,2,4096,3.789077668,False,True,False
statevector,random_3_regular,False,22,250,1024,2,4096,3.789077668,False,True,False
statevector,random_3_regular,False,22,250,2048,2,4096,3.789077668,False,True,False
statevector,random_3_regular,False,22,250,4096,2,4096,3.789077668,False,True,False
statevector,random_3_regular,True,22,500,256,2,4096,1.894538834,False,False,False
statevector,random_3_regular,False,22,500,512,2,4096,1.894538834,False,False,False
statevector,random_3_regular,False,22,500,1024,2,4096,1.894538834,False,False,False
statevector,random_3_regular,False,22,500,2048,2,4096,1.894538834,False,False,False
statevector,random_3_regular,False,22,500,4096,2,4096,1.894538834,False,False,False
statevector,random_3_regular,True,22,10,256,3,4096,96.84577920000001,True,True,True
statevector,random_3_regular,False,22,10,512,3,4096,96.84577920000001,True,True,True
statevector,random_3_regular,False,22,10,1024,3,4096,96.84577920000001,True,True,True
statevector,random_3_regular,False,22,10,2048,3,4096,96.84577920000001,True,True,True
statevector,random_3_regular,False,22,10,4096,3,4096,96.84577920000001,True,True,True
statevector,random_3_regular,True,22,25,256,3,4096,38.73831168,True,True,True
statevector,random_3_regular,False,22,25,512,3,4096,38.73831168,True,True,True
statevector,random_3_regular,False,22,25,1024,3,4096,38.73831168,True,True,True
statevector,random_3_regular,False,22,25,2048,3,4096,38.73831168,True,True,True
statevector,random_3_regular,False,22,25,4096,3,4096,38.73831168,True,True,True
statevector,random_3_regular,True,22,50,256,3,4096,19.36915584,True,True,True
statevector,random_3_regular,False,22,50,512,3,4096,19.36915584,True,True,True
statevector,random_3_regular,False,22,50,1024,3,4096,19.36915584,True,True,True
statevector,random_3_regular,False,22,50,2048,3,4096,19.36915584,True,True,True
statevector,random_3_regular,False,22,50,4096,3,4096,19.36915584,True,True,True
statevector,random_3_regular,True,22,100,256,3,4096,9.68457792,False,True,True
statevector,random_3_regular,False,22,100,512,3,4096,9.68457792,False,True,True
statevector,random_3_regular,False,22,100,1024,3,4096,9.68457792,False,True,True
statevector,random_3_regular,False,22,100,2048,3,4096,9.68457792,False,True,True
statevector,random_3_regular,False,22,100,4096,3,4096,9.68457792,False,True,True
statevector,random_3_regular,True,22,250,256,3,4096,3.873831168,False,True,False
statevector,random_3_regular,False,22,250,512,3,4096,3.873831168,False,True,False
statevector,random_3_regular,False,22,250,1024,3,4096,3.873831168,False,True,False
statevector,random_3_regular,False,22,250,2048,3,4096,3.873831168,False,True,False
statevector,random_3_regular,False,22,250,4096,3,4096,3.873831168,False,True,False
statevector,random_3_regular,True,22,500,256,3,4096,1.936915584,False,False,False
statevector,random_3_regular,False,22,500,512,3,4096,1.936915584,False,False,False
statevector,random_3_regular,False,22,500,1024,3,4096,1.936915584,False,False,False
statevector,random_3_regular,False,22,500,2048,3,4096,1.936915584,False,False,False
statevector,random_3_regular,False,22,500,4096,3,4096,1.936915584,False,False,False
statevector,random_3_regular,True,24,10,256,1,4096,231.42623319999998,True,True,True
statevector,random_3_regular,True,24,10,512,1,4096,231.42623319999998,True,True,True
statevector,random_3_regular,False,24,10,1024,1,4096,231.42623319999998,True,True,True
statevector,random_3_regular,False,24,10,2048,1,4096,231.42623319999998,True,True,True
statevector,random_3_regular,False,24,10,4096,1,4096,231.42623319999998,True,True,True
statevector,random_3_regular,True,24,25,256,1,4096,92.57049328,True,True,True
statevector,random_3_regular,True,24,25,512,1,4096,92.57049328,True,True,True
statevector,random_3_regular,False,24,25,1024,1,4096,92.57049328,True,True,True
statevector,random_3_regular,False,24,25,2048,1,4096,92.57049328,True,True,True
statevector,random_3_regular,False,24,25,4096,1,4096,92.57049328,True,True,True
statevector,random_3_regular,True,24,50,256,1,4096,46.28524664,True,True,True
statevector,random_3_regular,True,24,50,512,1,4096,46.28524664,True,True,True
statevector,random_3_regular,False,24,50,1024,1,4096,46.28524664,True,True,True
statevector,random_3_regular,False,24,50,2048,1,4096,46.28524664,True,True,True
statevector,random_3_regular,False,24,50,4096,1,4096,46.28524664,True,True,True
statevector,random_3_regular,True,24,100,256,1,4096,23.14262332,True,True,True
statevector,random_3_regular,True,24,100,512,1,4096,23.14262332,True,True,True
statevector,random_3_regular,False,24,100,1024,1,4096,23.14262332,True,True,True
statevector,random_3_regular,False,24,100,2048,1,4096,23.14262332,True,True,True
statevector,random_3_regular,False,24,100,4096,1,4096,23.14262332,True,True,True
statevector,random_3_regular,True,24,250,256,1,4096,9.257049327999999,False,True,True
statevector,random_3_regular,True,24,250,512,1,4096,9.257049327999999,False,True,True
statevector,random_3_regular,False,24,250,1024,1,4096,9.257049327999999,False,True,True
statevector,random_3_regular,False,24,250,2048,1,4096,9.257049327999999,False,True,True
statevector,random_3_regular,False,24,250,4096,1,4096,9.257049327999999,False,True,True
statevector,random_3_regular,True,24,500,256,1,4096,4.6285246639999995,False,True,False
statevector,random_3_regular,True,24,500,512,1,4096,4.6285246639999995,False,True,False
statevector,random_3_regular,False,24,500,1024,1,4096,4.6285246639999995,False,True,False
statevector,random_3_regular,False,24,500,2048,1,4096,4.6285246639999995,False,True,False
statevector,random_3_regular,False,24,500,4096,1,4096,4.6285246639999995,False,True,False
statevector,random_3_regular,True,24,10,256,2,4096,275.3096791,True,True,True
statevector,random_3_regular,True,24,10,512,2,4096,275.3096791,True,True,True
statevector,random_3_regular,False,24,10,1024,2,4096,275.3096791,True,True,True
statevector,random_3_regular,False,24,10,2048,2,4096,275.3096791,True,True,True
statevector,random_3_regular,False,24,10,4096,2,4096,275.3096791,True,True,True
statevector,random_3_regular,True,24,25,256,2,4096,110.12387164,True,True,True
statevector,random_3_regular,True,24,25,512,2,4096,110.12387164,True,True,True
statevector,random_3_regular,False,24,25,1024,2,4096,110.12387164,True,True,True
statevector,random_3_regular,False,24,25,2048,2,4096,110.12387164,True,True,True
statevector,random_3_regular,False,24,25,4096,2,4096,110.12387164,True,True,True
statevector,random_3_regular,True,24,50,256,2,4096,55.06193582,True,True,True
statevector,random_3_regular,True,24,50,512,2,4096,55.06193582,True,True,True
statevector,random_3_regular,False,24,50,1024,2,4096,55.06193582,True,True,True
statevector,random_3_regular,False,24,50,2048,2,4096,55.06193582,True,True,True
statevector,random_3_regular,False,24,50,4096,2,4096,55.06193582,True,True,True
statevector,random_3_regular,True,24,100,256,2,4096,27.53096791,True,True,True
statevector,random_3_regular,True,24,100,512,2,4096,27.53096791,True,True,True
statevector,random_3_regular,False,24,100,1024,2,4096,27.53096791,True,True,True
statevector,random_3_regular,False,24,100,2048,2,4096,27.53096791,True,True,True
statevector,random_3_regular,False,24,100,4096,2,4096,27.53096791,True,True,True
statevector,random_3_regular,True,24,250,256,2,4096,11.012387164,True,True,True
statevector,random_3_regular,True,24,250,512,2,4096,11.012387164,True,True,True
statevector,random_3_regular,False,24,250,1024,2,4096,11.012387164,True,True,True
statevector,random_3_regular,False,24,250,2048,2,4096,11.012387164,True,True,True
statevector,random_3_regular,False,24,250,4096,2,4096,11.012387164,True,True,True
statevector,random_3_regular,True,24,500,256,2,4096,5.506193582,False,True,True
statevector,random_3_regular,True,24,500,512,2,4096,5.506193582,False,True,True
statevector,random_3_regular,False,24,500,1024,2,4096,5.506193582,False,True,True
statevector,random_3_regular,False,24,500,2048,2,4096,5.506193582,False,True,True
statevector,random_3_regular,False,24,500,4096,2,4096,5.506193582,False,True,True
statevector,random_3_regular,True,24,10,256,3,4096,531.3007251,True,True,True
statevector,random_3_regular,True,24,10,512,3,4096,531.3007251,True,True,True
statevector,random_3_regular,False,24,10,1024,3,4096,531.3007251,True,True,True
statevector,random_3_regular,False,24,10,2048,3,4096,531.3007251,True,True,True
statevector,random_3_regular,False,24,10,4096,3,4096,531.3007251,True,True,True
statevector,random_3_regular,True,24,25,256,3,4096,212.52029004,True,True,True
statevector,random_3_regular,True,24,25,512,3,4096,212.52029004,True,True,True
statevector,random_3_regular,False,24,25,1024,3,4096,212.52029004,True,True,True
statevector,random_3_regular,False,24,25,2048,3,4096,212.52029004,True,True,True
statevector,random_3_regular,False,24,25,4096,3,4096,212.52029004,True,True,True
statevector,random_3_regular,True,24,50,256,3,4096,106.26014502,True,True,True
statevector,random_3_regular,True,24,50,512,3,4096,106.26014502,True,True,True
statevector,random_3_regular,False,24,50,1024,3,4096,106.26014502,True,True,True
statevector,random_3_regular,False,24,50,2048,3,4096,106.26014502,True,True,True
statevector,random_3_regular,False,24,50,4096,3,4096,106.26014502,True,True,True
statevector,random_3_regular,True,24,100,256,3,4096,53.13007251,True,True,True
statevector,random_3_regular,True,24,100,512,3,4096,53.13007251,True,True,True
statevector,random_3_regular,False,24,100,1024,3,4096,53.13007251,True,True,True
statevector,random_3_regular,False,24,100,2048,3,4096,53.13007251,True,True,True
statevector,random_3_regular,False,24,100,4096,3,4096,53.13007251,True,True,True
statevector,random_3_regular,True,24,250,256,3,4096,21.252029004,True,True,True
statevector,random_3_regular,True,24,250,512,3,4096,21.252029004,True,True,True
statevector,random_3_regular,False,24,250,1024,3,4096,21.252029004,True,True,True
statevector,random_3_regular,False,24,250,2048,3,4096,21.252029004,True,True,True
statevector,random_3_regular,False,24,250,4096,3,4096,21.252029004,True,True,True
statevector,random_3_regular,True,24,500,256,3,4096,10.626014502,True,True,True
statevector,random_3_regular,True,24,500,512,3,4096,10.626014502,True,True,True
statevector,random_3_regular,False,24,500,1024,3,4096,10.626014502,True,True,True
statevector,random_3_regular,False,24,500,2048,3,4096,10.626014502,True,True,True
statevector,random_3_regular,False,24,500,4096,3,4096,10.626014502,True,True,True
