aggregate_ms,backend,baseline_rss_bytes,batch_size,circuit_hash,execute_ms,graph_family,incremental_peak_rss_bytes,initialization_ms,logical_id,n_qubits,p,package_ms,peak_rss_bytes,preprocess_ms,repetition,shots,skip_reason,status,timing_mode,total_ms,transpile_ms
0.058042,statevector,,1,,1.489958,cycle,,0.067334,,6,1,0.009042,,0.09525,,4096,,,cold_start,28.049876,26.33025
0.045625,statevector,335626240.0,1,3ec8e57b4a30f9afe33d26b4248107d7561d116a7d36216e2be2d2308b836527,1.142542,cycle,0.0,,m2:cycle:n6:p1:g2026:a0,6,1,0.008042,338034688.0,0.052167,0,4096,,OK,warm_single,21.343917,20.095541
0.019292,statevector,335626240.0,1,bb10332816bb6b75c128ce08a08b0df352e427ad22d28120420b2eaf1c15a85e,1.153458,cycle,0.0,,m2:cycle:n6:p1:g2026:a1,6,1,0.002083,338034688.0,0.048875,1,4096,,OK,warm_single,21.332832999999997,20.109125
0.037208,statevector,335626240.0,1,d32663e6b229d7edc851bb2fe572a2bcb1bb509ab7be3a2699844afae12eb44d,1.135167,cycle,16384.0,,m2:cycle:n6:p1:g2026:a2,6,1,0.005791,338051072.0,0.043333,2,4096,,OK,warm_single,21.252249,20.03075
0.0365,statevector,335626240.0,1,b015fde8b4fd3a4137e03ca6bd7c3f4fa96140ec46c08562af5cda70bfdef207,1.145834,cycle,16384.0,,m2:cycle:n6:p1:g2026:a3,6,1,0.005875,338067456.0,0.050542,3,4096,,OK,warm_single,21.368751,20.13
0.04175,statevector,335626240.0,1,2b9ca88b4d7bd89a7ab03196167cdcd37029df4dba3f1bf8475d6b97b91a6980,1.132708,cycle,0.0,,m2:cycle:n6:p1:g2027:a0,6,1,0.007375,338067456.0,0.048375,4,4096,,OK,warm_single,21.404458,20.17425
0.021167,statevector,335626240.0,1,a6a546fbb9fbb30c3c4196afa442553626f5b0bb01740ee27391e78b1cd2755a,1.193458,cycle,49152.0,,m2:cycle:n6:p1:g2027:a1,6,1,0.002333,338116608.0,0.048334,5,4096,,OK,warm_single,21.692375,20.427083
0.034958,statevector,335626240.0,1,50a80b8916c82fd9cc7f8f20104ef19f49f9f93f4e21947bfbff5bf9e8ffc08d,1.1155,cycle,0.0,,m2:cycle:n6:p1:g2027:a2,6,1,0.00575,338116608.0,0.051834,6,4096,,OK,warm_single,21.267042,20.059
0.031167,statevector,335626240.0,1,167bf714d6a6b32b01486c9122d870425c00c240caecff3ca9608c15712fc989,1.16875,cycle,0.0,,m2:cycle:n6:p1:g2027:a3,6,1,0.005375,338116608.0,0.043792,7,4096,,OK,warm_single,21.646376,20.397292
0.04425,statevector,335626240.0,1,fbbe5961b6fb83ef40c4843fea67c75f88636ed44990e3558a29fc424656d7c6,1.148959,cycle,16384.0,,m2:cycle:n6:p1:g2028:a0,6,1,0.008208,338132992.0,0.042584,8,4096,,OK,warm_single,21.787751000000004,20.54375
0.020958,statevector,335626240.0,1,0562a8d43a34a94d58d9ae3c075d48098b96bf3450bc5c2412231aeef3e4f7ea,1.153958,cycle,32768.0,,m2:cycle:n6:p1:g2028:a1,6,1,0.002667,338165760.0,0.048375,9,4096,,OK,warm_single,21.152707999999997,19.92675
0.052542,statevector,,1,,1.594792,cycle,,0.066459,,6,2,0.008375,,0.107458,,4096,,,cold_start,28.280167999999996,26.450542
0.040125,statevector,335675392.0,1,93a86b4fe586156c777a1cdd944052e44d96957848f270b0d9781f98c9082cd4,1.248792,cycle,16384.0,,m2:cycle:n6:p2:g2026:a0,6,2,0.007291,338018304.0,0.068,0,4096,,OK,warm_single,21.786124,20.421916
0.040791,statevector,335675392.0,1,af4573338a0fd6365b10e2a852400eb512fb4dd0aada85baa1913ac6bd0d4721,1.246041,cycle,32768.0,,m2:cycle:n6:p2:g2026:a1,6,2,0.007208,338051072.0,0.057292,1,4096,,OK,warm_single,21.861498999999995,20.510167
0.048084,statevector,335675392.0,1,43db8ed9ef06b3c0eab7c918dce17c92cb77398a5aa670152e60d6a09bfcbe63,1.288959,cycle,0.0,,m2:cycle:n6:p2:g2026:a2,6,2,0.00725,338051072.0,0.057875,2,4096,,OK,warm_single,21.706250999999995,20.304083
0.040292,statevector,335675392.0,1,39bd8ee1536a00343d6869795b774fe2a14982119582bdc88a7b96fcc1aa9d3d,1.274708,cycle,49152.0,,m2:cycle:n6:p2:g2026:a3,6,2,0.007167,338100224.0,0.055417,3,4096,,OK,warm_single,21.743250999999997,20.365667
0.04425,statevector,335675392.0,1,1dd348263a1342198cfcae8809c69321d6f178aab9b03bee9adda74e476000a7,1.255542,cycle,98304.0,,m2:cycle:n6:p2:g2027:a0,6,2,0.007083,338198528.0,0.05925,4,4096,,OK,warm_single,21.900625,20.5345
0.045917,statevector,335675392.0,1,a922d011846cc4b08bec6e90ae66bf7bd1f50ac9eb6b3d35ce90f15131e1d6ae,1.220291,cycle,16384.0,,m2:cycle:n6:p2:g2027:a1,6,2,0.0075,338214912.0,0.055459,5,4096,,OK,warm_single,21.883667,20.5545
0.04025,statevector,335675392.0,1,e7abb2615c4fc70e4a1e772d0f3372c2dc5a84ab1bc709b1f214645f2bcf4978,1.271125,cycle,0.0,,m2:cycle:n6:p2:g2027:a2,6,2,0.007083,338214912.0,0.06075,6,4096,,OK,warm_single,21.782875,20.403667
0.03975,statevector,335675392.0,1,4830d0d59aa4be15e176011b0fb725e9865fd84c265e33d2d682a3d83d911ea9,1.227916,cycle,0.0,,m2:cycle:n6:p2:g2027:a3,6,2,0.006875,338214912.0,0.056041,7,4096,,OK,warm_single,21.634915000000003,20.304333
0.042541,statevector,335675392.0,1,39181341a6b9f6afea882f8b35277718cf028f6badbbd025d372604f003c0b3c,1.210583,cycle,0.0,,m2:cycle:n6:p2:g2028:a0,6,2,0.007958,338214912.0,0.05475,8,4096,,OK,warm_single,21.695997999999996,20.380166
0.044709,statevector,335675392.0,1,15443e68e9ba5ddf4ca0b7a77e7501e24afb8902c76e771467373245038fd799,1.250459,cycle,0.0,,m2:cycle:n6:p2:g2028:a1,6,2,0.00825,338214912.0,0.066875,9,4096,,OK,warm_single,22.102709,20.732416
0.051708,statevector,,1,,1.655625,cycle,,0.070458,,6,3,0.008333,,0.115583,,4096,,,cold_start,28.836874,26.935167
0.041042,statevector,335757312.0,1,5e901bddc3d942a39b0ca3f1eb7d98a200398e3f5f2847baa6eca45eddf5b26d,1.293667,cycle,32768.0,,m2:cycle:n6:p3:g2026:a0,6,3,0.007208,338149376.0,0.075916,0,4096,,OK,warm_single,22.279082999999996,20.86125
0.040708,statevector,335757312.0,1,598e076b6e7922e379edbf62e98e2dfa8887070d26e40e3e06b269f2383e1029,1.309792,cycle,0.0,,m2:cycle:n6:p3:g2026:a1,6,3,0.007,338149376.0,0.070667,1,4096,,OK,warm_single,22.287209,20.859042
0.041209,statevector,335757312.0,1,fe332c31461318b60af08ea7dd9108f3590e82c9fec97cea3adaf776010233e4,1.289125,cycle,16384.0,,m2:cycle:n6:p3:g2026:a2,6,3,0.007541,338165760.0,0.069,2,4096,,OK,warm_single,22.133916999999997,20.727042
0.044292,statevector,335757312.0,1,4fdb3702816c868f5be3427b494dc2bd483e9aefc75f41dd851fc1c29cb146eb,1.318416,cycle,49152.0,,m2:cycle:n6:p3:g2026:a3,6,3,0.008083,338214912.0,0.072417,3,4096,,OK,warm_single,22.105290999999998,20.662083
0.042,statevector,335757312.0,1,4828f5dddd3651a5279dc9acb76ab05ee0aa953df713cab9fb96a3c990367fc6,1.265167,cycle,0.0,,m2:cycle:n6:p3:g2027:a0,6,3,0.007834,338214912.0,0.071208,4,4096,,OK,warm_single,21.960084,20.573875
0.046208,statevector,335757312.0,1,d9c54750a111d859c3b26f5dbee133d604d6bac3a55469093d111784a27bb39a,1.270542,cycle,16384.0,,m2:cycle:n6:p3:g2027:a1,6,3,0.008584,338231296.0,0.072042,5,4096,,OK,warm_single,22.047584999999998,20.650209
0.044417,statevector,335757312.0,1,bf0262d303d77bf6807c2965a54c3bc8411e311ac76a945a919d517cecddc55f,1.263458,cycle,16384.0,,m2:cycle:n6:p3:g2027:a2,6,3,0.008291,338247680.0,0.076834,6,4096,,OK,warm_single,21.526125,20.133125
0.040208,statevector,335757312.0,1,6c32f475d2e076bf414aaeee6cae72eb734bb698a8c8c1cf30b7b5ca49256331,1.236084,cycle,49152.0,,m2:cycle:n6:p3:g2027:a3,6,3,0.007084,338296832.0,0.076291,7,4096,,OK,warm_single,21.887126000000002,20.527459
0.045833,statevector,335757312.0,1,ee797e8a7c71807f3a29962cfb1bf2a5903052ced38ff12036ccf7a4383db8f8,1.263291,cycle,16384.0,,m2:cycle:n6:p3:g2028:a0,6,3,0.007708,338313216.0,0.06875,8,4096,,OK,warm_single,21.968165,20.582583
0.043584,statevector,335757312.0,1,dd8604d2cbf7af36c12061d1335211406a29ce92bb49ccc2c6d8fd0e0c82a436,1.241292,cycle,65536.0,,m2:cycle:n6:p3:g2028:a1,6,3,0.0075,338378752.0,0.07275,9,4096,,OK,warm_single,22.072501,20.707375
0.145083,statevector,,1,,1.891959,cycle,,0.06775,,8,1,0.028625,,0.100542,,4096,,,cold_start,28.128750000000004,25.894791
0.129125,statevector,335986688.0,1,273c6d994cb379e9051b7f5f24619f1ee861887be6fd30ae8b3f2ea2d9a39314,1.489708,cycle,16384.0,,m2:cycle:n8:p1:g2026:a0,8,1,0.028542,338378752.0,0.052666,0,4096,,OK,warm_single,22.044791,20.34475
0.139291,statevector,335986688.0,1,0f71bee2fcbe4d22aef6294f2d08ef635682b096c56096e1c9b52d6c627c0bf2,1.544792,cycle,0.0,,m2:cycle:n8:p1:g2026:a1,8,1,0.029542,338378752.0,0.061916,1,4096,,OK,warm_single,21.681958,19.906417
0.0955,statevector,335986688.0,1,8741132bd1c7ae1d2132bfee2dfac119db415bee1f32a3a1db477ff60a71dfa9,1.551333,cycle,0.0,,m2:cycle:n8:p1:g2026:a2,8,1,0.019875,338378752.0,0.052875,2,4096,,OK,warm_single,21.502125,19.782542
0.093166,statevector,335986688.0,1,8ff1c6408eac597158a392dcf8df453e240b60f6950b8f61f23101a3921d01cd,1.541291,cycle,49152.0,,m2:cycle:n8:p1:g2026:a3,8,1,0.019125,338427904.0,0.051875,3,4096,,OK,warm_single,21.550957,19.8455
0.131458,statevector,335986688.0,1,a93cfcc81528762a88064f0603b5d3fbf4671182fe78875bb84ad41dcc1a5f04,1.506459,cycle,0.0,,m2:cycle:n8:p1:g2027:a0,8,1,0.027584,338427904.0,0.052,4,4096,,OK,warm_single,21.846376,20.128875
0.130041,statevector,335986688.0,1,9df874e1d4f59e3c0da2967befbceced6ce3de11fb368d9733e65a0726f3b86b,1.512917,cycle,49152.0,,m2:cycle:n8:p1:g2027:a1,8,1,0.029833,338477056.0,0.052209,5,4096,,OK,warm_single,21.990333,20.265333
0.094458,statevector,335986688.0,1,e132215c9aa3f70ffa007c43a4c014a02069d4e96fcb59c2d2c4a61d3bfa3865,1.542291,cycle,16384.0,,m2:cycle:n8:p1:g2027:a2,8,1,0.019334,338493440.0,0.050959,6,4096,,OK,warm_single,21.479708,19.772666
0.105458,statevector,335986688.0,1,8a0b9ffe62e92cfad7106a6e30a8ba3bb2964a76796c698b79269250ab9235e7,1.504792,cycle,16384.0,,m2:cycle:n8:p1:g2027:a3,8,1,0.021708,338509824.0,0.051417,7,4096,,OK,warm_single,21.427291999999998,19.743917
0.135917,statevector,335986688.0,1,341d6f964a1ba97c87634613031cfa91281b0f85eadc494077acb613ca33003f,1.575459,cycle,32768.0,,m2:cycle:n8:p1:g2028:a0,8,1,0.032041,338542592.0,0.055375,8,4096,,OK,warm_single,22.031209,20.232417
0.128917,statevector,335986688.0,1,e7e920347ed999e838081e5af746587a43f5cf28b0b8169a68d8af66ae0c8e5e,1.543,cycle,16384.0,,m2:cycle:n8:p1:g2028:a1,8,1,0.02675,338558976.0,0.058875,9,4096,,OK,warm_single,21.457376,19.699834
0.141459,statevector,,1,,1.985667,cycle,,0.063833,,8,2,0.029166,,0.111042,,4096,,,cold_start,28.665834,26.334667
0.134583,statevector,335577088.0,1,8cc57a62662e855e86cc8c84a007bf51a4e0fc354398d23048851318afb2ca5d,1.636875,cycle,16384.0,,m2:cycle:n8:p2:g2026:a0,8,2,0.028083,338018304.0,0.073084,0,4096,,OK,warm_single,22.277333,20.404708
0.12675,statevector,335577088.0,1,f1361e5382f39679a567f4e2872d8503b4e1ed56f0b0606f08bbaca7e65c3862,1.616583,cycle,0.0,,m2:cycle:n8:p2:g2026:a1,8,2,0.029708,338018304.0,0.074583,1,4096,,OK,warm_single,22.184416,20.336792
0.121375,statevector,335577088.0,1,d7c7069caded36d62b886d9b32075eefc0a8df734bbbedf49914f74ea210274a,1.669583,cycle,49152.0,,m2:cycle:n8:p2:g2026:a2,8,2,0.026209,338067456.0,0.07675,2,4096,,OK,warm_single,22.634751,20.740834
0.119791,statevector,335577088.0,1,e63c945ceb501d58678f0f5d1feec379905b7ca2f9458fe452982fa6c232306c,1.628375,cycle,32768.0,,m2:cycle:n8:p2:g2026:a3,8,2,0.027292,338100224.0,0.071,3,4096,,OK,warm_single,22.653623999999997,20.807166
0.138084,statevector,335577088.0,1,82f424448fcbac7a071cb8f426b42c3a13e347b71615cd815485f881fe8b3f79,1.5955,cycle,0.0,,m2:cycle:n8:p2:g2027:a0,8,2,0.028333,338100224.0,0.076959,4,4096,,OK,warm_single,22.187542,20.348666
0.134042,statevector,335577088.0,1,805abd21f6e80a82590dd14c9bca8e4f3646f9762e8185c426bb376e270846d9,1.573666,cycle,32768.0,,m2:cycle:n8:p2:g2027:a1,8,2,0.030792,338132992.0,0.069041,5,4096,,OK,warm_single,22.095916,20.288375
0.116291,statevector,335577088.0,1,781a0f9a226a7273f11f4250eec4263893191ad61ab858b429c451105ef250b3,1.61225,cycle,16384.0,,m2:cycle:n8:p2:g2027:a2,8,2,0.025458,338149376.0,0.0755,6,4096,,OK,warm_single,22.130457000000003,20.300958
0.122375,statevector,335577088.0,1,b71bc0854128c663636a4d06e94617fdc2eb67d890ae7c5d8b16d9c1751d23b0,1.632625,cycle,16384.0,,m2:cycle:n8:p2:g2027:a3,8,2,0.025667,338165760.0,0.066541,7,4096,,OK,warm_single,22.218333,20.371125
0.126208,statevector,335577088.0,1,4564b95e38add658cd9d21b80f946a7a1238dd6a7f1bed2d0e99deb403a1ed64,1.604667,cycle,49152.0,,m2:cycle:n8:p2:g2028:a0,8,2,0.028,338214912.0,0.064958,8,4096,,OK,warm_single,22.020082999999996,20.19625
0.125333,statevector,335577088.0,1,69a6bac178a5ac38ea49dbd8e478b2598ff120ab631b291e487392ed18a7f8b5,1.633125,cycle,16384.0,,m2:cycle:n8:p2:g2028:a1,8,2,0.026792,338231296.0,0.069417,9,4096,,OK,warm_single,22.581500000000002,20.726833
0.143209,statevector,,1,,2.082334,cycle,,0.063666,,8,3,0.03125,,0.129709,,4096,,,cold_start,28.743167999999997,26.293
0.133916,statevector,335888384.0,1,19dd7b05a50b117e8f554ec7a9bc7ff9e61caab3011521d9114ae5ac108d9201,1.734542,cycle,32768.0,,m2:cycle:n8:p3:g2026:a0,8,3,0.02875,338395136.0,0.094625,0,4096,,OK,warm_single,23.112291,21.120458
0.123709,statevector,335888384.0,1,8d26bee0793a790738fe24cae5eb47ee307ba38fd887abf05e623dd0c57e2b92,1.698583,cycle,16384.0,,m2:cycle:n8:p3:g2026:a1,8,3,0.027416,338411520.0,0.087375,1,4096,,OK,warm_single,22.878208,20.941125
0.125417,statevector,335888384.0,1,d4ab5d9088bfa814353cecb67e77afdc0adec2dc4bba16057ab56dc6856ee1fc,1.710833,cycle,0.0,,m2:cycle:n8:p3:g2026:a2,8,3,0.02625,338411520.0,0.088,2,4096,,OK,warm_single,22.271916,20.321416
0.128875,statevector,335888384.0,1,e08c0813fe7923dfc84672824558da013cf11fe5bf99b3e68b39d03a7adecdd0,1.661833,cycle,49152.0,,m2:cycle:n8:p3:g2026:a3,8,3,0.029708,338460672.0,0.082458,3,4096,,OK,warm_single,22.247333,20.344459
0.133166,statevector,335888384.0,1,8924a31893b224c7dbf3c1247dc0ebfd7dc651e22b3522ad1f573946991e9977,1.778,cycle,32768.0,,m2:cycle:n8:p3:g2027:a0,8,3,0.028,338493440.0,0.093875,4,4096,,OK,warm_single,22.938,20.904959
0.125459,statevector,335888384.0,1,6c977049597d074183686c7d896426cd4e433800aa7d9acdfe35174b4baf5486,1.736167,cycle,32768.0,,m2:cycle:n8:p3:g2027:a1,8,3,0.027375,338526208.0,0.091125,5,4096,,OK,warm_single,22.973084999999998,20.992959
0.137834,statevector,335888384.0,1,9697d60a88b7e35aba8e4be0a4df27218b2660e42ec3d891aead00831738fc51,1.837208,cycle,0.0,,m2:cycle:n8:p3:g2027:a2,8,3,0.034208,338526208.0,0.082291,6,4096,,OK,warm_single,22.978166,20.886625
0.130542,statevector,335888384.0,1,074b4bee6e1d4813be7c3f448856dd82af37484a8903dcc8cbba9e719c4df7c7,1.683834,cycle,49152.0,,m2:cycle:n8:p3:g2027:a3,8,3,0.030833,338575360.0,0.10775,7,4096,,OK,warm_single,22.436417,20.483458
0.124375,statevector,335888384.0,1,23f0b5a6554fd1dca9c7627d8852c924cda1057ad217106b34a9b48086472c95,1.71775,cycle,114688.0,,m2:cycle:n8:p3:g2028:a0,8,3,0.027334,338690048.0,0.094375,8,4096,,OK,warm_single,22.303876,20.340042
0.131042,statevector,335888384.0,1,bdc091a5a306b2f708b6c4458e1aa1ad32e452093acd318adfb2584e259c4234,1.675834,cycle,16384.0,,m2:cycle:n8:p3:g2028:a1,8,3,0.034208,338706432.0,0.082625,9,4096,,OK,warm_single,22.253584000000004,20.329875
0.509791,statevector,,1,,4.044291,cycle,,0.066792,,10,1,0.152209,,0.0995,,4096,,,cold_start,31.428333,26.55575
0.464833,statevector,335527936.0,1,8d61eea5df7f0f0e992acc6e4f139afd66d9d9d1a607498953f6868bcbe13fb1,3.64575,cycle,16384.0,,m2:cycle:n10:p1:g2026:a0,10,1,0.1355,338116608.0,0.056375,0,4096,,OK,warm_single,24.184082999999998,19.881625
0.49175,statevector,335527936.0,1,a844817ea50ac1d4f580ad256b5533c6818e235e35a9c99ff86fdafbeb176062,3.697083,cycle,16384.0,,m2:cycle:n10:p1:g2026:a1,10,1,0.153583,338132992.0,0.062166,1,4096,,OK,warm_single,24.457623,20.053041
0.2355,statevector,335527936.0,1,961699bacdd1aa07b21cf831a5ec8a3f5644919275c34d69869e49a2c625f8d5,3.709375,cycle,0.0,,m2:cycle:n10:p1:g2026:a2,10,1,0.059334,338132992.0,0.076333,2,4096,,OK,warm_single,24.692584,20.612042
0.24175,statevector,335527936.0,1,13331538567f8b67d21227f9991d1e13ac16850695dcdd237e77d50db288ae09,3.701625,cycle,65536.0,,m2:cycle:n10:p1:g2026:a3,10,1,0.056041,338198528.0,0.061417,3,4096,,OK,warm_single,24.489832999999997,20.429
0.541791,statevector,335527936.0,1,c7ae7e98f2236e5746ed1fe126b5e0813247cac69de4644812c7102ec3597941,3.860292,cycle,16384.0,,m2:cycle:n10:p1:g2027:a0,10,1,0.170708,338214912.0,0.054875,4,4096,,OK,warm_single,24.751041,20.123375
0.501667,statevector,335527936.0,1,dd96f686bf27ea0fa406b91ee16c485f53ec9ebb679ed43a8bbcda714562d659,3.652917,cycle,65536.0,,m2:cycle:n10:p1:g2027:a1,10,1,0.15125,338280448.0,0.127917,5,4096,,OK,warm_single,24.978835,20.545084
0.240541,statevector,335527936.0,1,cf217fc2a30126b87504ec0b1269bc03f266e4bc127f6bc592128fa8b55e5f68,3.58025,cycle,16384.0,,m2:cycle:n10:p1:g2027:a2,10,1,0.064875,338296832.0,0.068,6,4096,,OK,warm_single,24.426166000000002,20.4725
0.237291,statevector,335527936.0,1,6aa8c3b21ab45f81eb780607441299c2f7adddfcff4822fed54826c47585d93c,3.659834,cycle,16384.0,,m2:cycle:n10:p1:g2027:a3,10,1,0.064417,338313216.0,0.063625,7,4096,,OK,warm_single,23.974874999999997,19.949708
0.509042,statevector,335527936.0,1,ab2ca144868c4d37ab639cdccccebaf575417f72c11af80407acc8c939bd4d38,3.65725,cycle,49152.0,,m2:cycle:n10:p1:g2028:a0,10,1,0.155875,338362368.0,0.061666,8,4096,,OK,warm_single,24.403667000000002,20.019834
0.487459,statevector,335527936.0,1,67112694a05ae496cfdbcf3a1da19b4cb2fef507df60c61b34615aa46ecdd6e3,3.74425,cycle,16384.0,,m2:cycle:n10:p1:g2028:a1,10,1,0.15275,338378752.0,0.069292,9,4096,,OK,warm_single,24.961168000000004,20.507417
0.515625,statevector,,1,,4.1795,cycle,,0.066125,,10,2,0.153,,0.1165,,4096,,,cold_start,32.430167,27.399417
0.503333,statevector,335872000.0,1,973d59b8375d4d8882425a84850346588a40f7c7dfe6c04ce57b342eced0e78e,3.882375,cycle,0.0,,m2:cycle:n10:p2:g2026:a0,10,2,0.147375,338329600.0,0.091833,0,4096,,OK,warm_single,25.652333000000002,21.027417
0.045291,statevector,335872000.0,1,994f5445a772671b50fbfe7bd4c4f4c8a03e9a1bb541fb20d4572255d1073152,3.802458,cycle,16384.0,,m2:cycle:n10:p2:g2026:a1,10,2,0.006917,338345984.0,0.087166,1,4096,,OK,warm_single,24.910082000000003,20.96825
0.397167,statevector,335872000.0,1,a72fa722b903e2d692a561458f43516dca16862822ce58aa8580cca63c114d7b,3.860417,cycle,32768.0,,m2:cycle:n10:p2:g2026:a2,10,2,0.128625,338378752.0,0.078417,2,4096,,OK,warm_single,25.666793000000002,21.202167
0.403375,statevector,335872000.0,1,0e2af60f0a70f32481d1947b3c486863854525eb9ce869fc83296708fe6bd665,3.824875,cycle,65536.0,,m2:cycle:n10:p2:g2026:a3,10,2,0.115,338444288.0,0.091542,3,4096,,OK,warm_single,25.380291999999997,20.9455
0.516583,statevector,335872000.0,1,82626f141d06ebd22b1d7abf04a196db66c69764eb88e37a11382ff187524ae2,3.795792,cycle,16384.0,,m2:cycle:n10:p2:g2027:a0,10,2,0.154083,338460672.0,0.082708,4,4096,,OK,warm_single,25.408957,20.859791
0.042083,statevector,335872000.0,1,89341b2f956d2b5e819c758e79682638826cff8da01c22dc7b8d0c2f2c78601d,3.766958,cycle,32768.0,,m2:cycle:n10:p2:g2027:a1,10,2,0.006542,338493440.0,0.090542,5,4096,,OK,warm_single,25.036417,21.130292
0.398625,statevector,335872000.0,1,8de57bda1a5bd50164aa52cfd4fdddc3df6437f24d13ab8d42382c33eb859675,3.719333,cycle,98304.0,,m2:cycle:n10:p2:g2027:a2,10,2,0.112834,338591744.0,0.077833,6,4096,,OK,warm_single,25.413791999999997,21.105167
0.394584,statevector,335872000.0,1,85fbf605eec04bef13c61ae6476e11899270503bd241738050a841a6b064cceb,3.722417,cycle,32768.0,,m2:cycle:n10:p2:g2027:a3,10,2,0.122583,338624512.0,0.085041,7,4096,,OK,warm_single,25.220416999999998,20.895792
0.501875,statevector,335872000.0,1,07b596cf96d4c4ae6df85fe7f267df51ca63354378ea0402fa73b3637aa3d857,3.861416,cycle,32768.0,,m2:cycle:n10:p2:g2028:a0,10,2,0.14725,338657280.0,0.08925,8,4096,,OK,warm_single,25.252333,20.652542
0.041833,statevector,335872000.0,1,7e7c2fc03ff831618b10a65eafc79d594bbd518ed3833ba90b6a5a34caa145cc,3.761875,cycle,49152.0,,m2:cycle:n10:p2:g2028:a1,10,2,0.006208,338706432.0,0.08525,9,4096,,OK,warm_single,24.497166,20.602
0.508125,statevector,,1,,4.36375,cycle,,0.067708,,10,3,0.148416,,0.148334,,4096,,,cold_start,31.287958,26.051625
0.486417,statevector,335446016.0,1,5126c515a6d1d5895571ab916d1f74ebf41eb3b74fcf1d920e9a9e88294fc1da,3.912875,cycle,49152.0,,m2:cycle:n10:p3:g2026:a0,10,3,0.148167,338067456.0,0.101167,0,4096,,OK,warm_single,24.918917,20.270291
0.469458,statevector,335446016.0,1,f0f4ce7e880155ef081e1f8089357197ad292e544d89636daec86b46d5bb1836,3.969,cycle,16384.0,,m2:cycle:n10:p3:g2026:a1,10,3,0.134,338083840.0,0.103042,1,4096,,OK,warm_single,24.986708,20.311208
0.414166,statevector,335446016.0,1,2fbcad3bf41b67f2cb1510ee92611565b7adf8487be43d81534f904e41ac1998,3.89575,cycle,16384.0,,m2:cycle:n10:p3:g2026:a2,10,3,0.120416,338100224.0,0.102208,2,4096,,OK,warm_single,24.833707,20.301167
0.406583,statevector,335446016.0,1,ecac3294cdbb9f279c66685b146033c90d99883342629365c480b4a5e5dcb8ee,4.002791,cycle,65536.0,,m2:cycle:n10:p3:g2026:a3,10,3,0.113542,338165760.0,0.11325,3,4096,,OK,warm_single,25.352791000000003,20.716625
0.500167,statevector,335446016.0,1,3e290640eee19bbaead302f6821f6b0a6260ad2036a95871904f2e6b69efa3f0,3.937667,cycle,16384.0,,m2:cycle:n10:p3:g2027:a0,10,3,0.147208,338182144.0,0.099583,4,4096,,OK,warm_single,25.501084,20.816459
0.504709,statevector,335446016.0,1,455e5de6fc8ade847a853a0419afde22c94cc4a37e304d60326fdaa9c0490d7a,3.977125,cycle,49152.0,,m2:cycle:n10:p3:g2027:a1,10,3,0.16575,338231296.0,0.1075,5,4096,,OK,warm_single,25.397667,20.642583
0.430875,statevector,335446016.0,1,4f42a7d1a4d1ff3e52e2d6b57cd7f93ba34fb409a229ce9f70c5b694c52726aa,3.940125,cycle,32768.0,,m2:cycle:n10:p3:g2027:a2,10,3,0.112625,338264064.0,0.120292,6,4096,,OK,warm_single,25.525376,20.921459
0.403875,statevector,335446016.0,1,7762531c56f448f46a8d9463864aef0b07dfd893fa31ee688b7874ce5e6991b5,3.958125,cycle,49152.0,,m2:cycle:n10:p3:g2027:a3,10,3,0.121,338313216.0,0.100292,7,4096,,OK,warm_single,25.280666999999998,20.697375
0.5185,statevector,335446016.0,1,c284656043e0c59a3f3ca58bab4f75062b5958bde4f38db51d2374c2af6810af,3.903833,cycle,32768.0,,m2:cycle:n10:p3:g2028:a0,10,3,0.153291,338345984.0,0.104334,8,4096,,OK,warm_single,25.534333,20.854375
0.492125,statevector,335446016.0,1,bf45841ca9bba5043eed34bd86541958a2703631b7911d95344c30d99922b351,4.017125,cycle,32768.0,,m2:cycle:n10:p3:g2028:a1,10,3,0.145583,338378752.0,0.109083,9,4096,,OK,warm_single,25.584249,20.820333
1.286125,statevector,,1,,4.448667,cycle,,0.072041,,12,1,0.474417,,0.128333,,4096,,,cold_start,33.095625000000005,26.686042
1.254166,statevector,335429632.0,1,677ed217e870a96215b25bc99ce48147af341880583f071514a3464cf3144245,4.064292,cycle,16384.0,,m2:cycle:n12:p1:g2026:a0,12,1,0.455292,338149376.0,0.07825,0,4096,,OK,warm_single,26.3935,20.5415
0.505667,statevector,335429632.0,1,feb884ac26f3e6663753efed77b2dee9195938628d89c9a4a4a31a24b49e57be,3.986084,cycle,32768.0,,m2:cycle:n12:p1:g2026:a1,12,1,0.149708,338182144.0,0.073333,1,4096,,OK,warm_single,25.253751,20.538959
0.475333,statevector,335429632.0,1,89d0dc008f1bc43b2f93b68b2765be7aac93e3b3f94ee0e617c59f08771dfb0d,3.984833,cycle,0.0,,m2:cycle:n12:p1:g2026:a2,12,1,0.141208,338182144.0,0.07225,2,4096,,OK,warm_single,25.156832,20.483208
0.476125,statevector,335429632.0,1,8c7e03e56a6e8b9e443aeea27689952bde1461ffa889f5d0213513ae16868266,4.017041,cycle,49152.0,,m2:cycle:n12:p1:g2026:a3,12,1,0.133667,338231296.0,0.070792,3,4096,,OK,warm_single,24.461,19.763375
1.262958,statevector,335429632.0,1,1aaa538c3bbb07a8406e82cd624e1708ec5c3c93b40a789e0556db74a2eb134b,4.136541,cycle,32768.0,,m2:cycle:n12:p1:g2027:a0,12,1,0.452208,338264064.0,0.062458,4,4096,,OK,warm_single,25.748582,19.834417
0.506042,statevector,335429632.0,1,b3cc9c2787eef165dccab4b9da337d21351da45cb01cd74b138f80332bd33bf8,3.93725,cycle,32768.0,,m2:cycle:n12:p1:g2027:a1,12,1,0.153959,338296832.0,0.069709,5,4096,,OK,warm_single,24.544127,19.877167
0.494875,statevector,335429632.0,1,954b095cd5d24bf89b5daf5ea422afe65292445fb4af14857f26efb272ad18f3,3.937625,cycle,49152.0,,m2:cycle:n12:p1:g2027:a2,12,1,0.155625,338345984.0,0.079416,6,4096,,OK,warm_single,25.217124,20.549583
0.49625,statevector,335429632.0,1,e65d7cb6dc21596e71be54b5c08a41df1f4e5d8f251569dc510e79e3b3e6b8b4,3.902083,cycle,32768.0,,m2:cycle:n12:p1:g2027:a3,12,1,0.148792,338378752.0,0.074625,7,4096,,OK,warm_single,25.051875000000003,20.430125
1.252333,statevector,335429632.0,1,d94a80a249eb5f69ee021749b0baefc2c5a541c4825530c81c0f7552f0c66e39,4.06325,cycle,32768.0,,m2:cycle:n12:p1:g2028:a0,12,1,0.441334,338411520.0,0.062625,8,4096,,OK,warm_single,25.600376,19.780834
0.504,statevector,335429632.0,1,0142d5d5f355f875d1801763b805bec844858737e8d4dae6a800b82a71d3a70e,3.9905,cycle,49152.0,,m2:cycle:n12:p1:g2028:a1,12,1,0.150333,338460672.0,0.067417,9,4096,,OK,warm_single,24.589333,19.877083
1.272333,statevector,,1,,4.648375,cycle,,0.068875,,12,2,0.499458,,0.142,,4096,,,cold_start,33.516999999999996,26.885959
1.231833,statevector,335675392.0,1,850810eab77d2c2965ac05c77b553a73ca0199c0375a15fb89500002ed358d17,4.258416,cycle,32768.0,,m2:cycle:n12:p2:g2026:a0,12,2,0.448,338460672.0,0.094791,0,4096,,OK,warm_single,26.426582000000003,20.393542
1.261666,statevector,335675392.0,1,6e9d8249a26c5914b911d8952ab8042860660da47b78a2832865c9d1191c47a5,4.359042,cycle,16384.0,,m2:cycle:n12:p2:g2026:a1,12,2,0.450583,338477056.0,0.0965,1,4096,,OK,warm_single,26.419832,20.252041
0.918833,statevector,335675392.0,1,63e4e2c3a8b3fbfa18262f163e2a1250f6545dd5f90ac417aaf4477735646e73,4.287292,cycle,0.0,,m2:cycle:n12:p2:g2026:a2,12,2,0.322708,338477056.0,0.098208,2,4096,,OK,warm_single,26.505457999999997,20.878417
0.898542,statevector,335675392.0,1,efc06293d22825c7a17975dddc106a98be97b4952d417aef81699b5d605b32e8,4.280375,cycle,32768.0,,m2:cycle:n12:p2:g2026:a3,12,2,0.307875,338509824.0,0.09775,3,4096,,OK,warm_single,26.333833,20.749291
1.261125,statevector,335675392.0,1,cf802a51516f2d98c95ca46eec4b3af49bba4da6708e7565941237efe392d100,4.257708,cycle,49152.0,,m2:cycle:n12:p2:g2027:a0,12,2,0.447375,338558976.0,0.096959,4,4096,,OK,warm_single,26.336834,20.273667
1.222042,statevector,335675392.0,1,d6230ea19d7037585d1cfd5a555ecea4a0a942492246bbf8b2eceed957b04e6b,4.299709,cycle,81920.0,,m2:cycle:n12:p2:g2027:a1,12,2,0.442875,338640896.0,0.093833,5,4096,,OK,warm_single,26.365875000000003,20.307416
0.927292,statevector,335675392.0,1,2444ff4c6f91f37a4b417addbaa33ac3af20a280e04b06df3ff785072ae39f3c,4.263209,cycle,49152.0,,m2:cycle:n12:p2:g2027:a2,12,2,0.310625,338690048.0,0.091625,6,4096,,OK,warm_single,25.935001000000003,20.34225
0.934708,statevector,335675392.0,1,812536f7414fcac84bbec2c38d3722312affb3574c3d02f0f14c0876e397e3d3,4.307709,cycle,16384.0,,m2:cycle:n12:p2:g2027:a3,12,2,0.315625,338706432.0,0.104959,7,4096,,OK,warm_single,26.081251,20.41825
1.265625,statevector,335675392.0,1,0192070b8c68b14e7189308781f48fe36f937b629ded2c754a21dc724bab7f7c,4.233542,cycle,32768.0,,m2:cycle:n12:p2:g2028:a0,12,2,0.442375,338739200.0,0.097625,8,4096,,OK,warm_single,26.247999999999998,20.208833
1.2445,statevector,335675392.0,1,73ca266ca6885f9a067bd7ef53c80bb9758ba7076fc8907c3e4d48400872161a,4.360917,cycle,32768.0,,m2:cycle:n12:p2:g2028:a1,12,2,0.43875,338771968.0,0.094875,9,4096,,OK,warm_single,26.556541999999997,20.4175
1.323667,statevector,,1,,4.929292,cycle,,0.06475,,12,3,0.509875,,0.156708,,4096,,,cold_start,33.715624999999996,26.731333
1.291834,statevector,335462400.0,1,0229f4a079860fba60a092f66a3649282854c6983a69cce1e5d1598d81a2331f,4.508792,cycle,32768.0,,m2:cycle:n12:p3:g2026:a0,12,3,0.4645,338378752.0,0.141417,0,4096,,OK,warm_single,27.704168000000003,21.297625
1.281291,statevector,335462400.0,1,e03b75090cd2f1fc5cba559d22d0614b41e4b4e72e8d89064d1c7daaeb70af5a,4.656708,cycle,16384.0,,m2:cycle:n12:p3:g2026:a1,12,3,0.451708,338395136.0,0.126958,1,4096,,OK,warm_single,27.874539999999996,21.357875
0.866667,statevector,335462400.0,1,bb5994a19c081eca08237cf7bc31a33c189da8b32b212ff2c50810694d0488cc,4.57975,cycle,32768.0,,m2:cycle:n12:p3:g2026:a2,12,3,0.289875,338427904.0,0.121834,2,4096,,OK,warm_single,27.125083999999998,21.266958
0.846375,statevector,335462400.0,1,ee238a9ebce8b530768291bf78dbd0f11520ab838867810659cf74f0ee3eb0e8,4.59825,cycle,81920.0,,m2:cycle:n12:p3:g2026:a3,12,3,0.280833,338509824.0,0.119875,3,4096,,OK,warm_single,27.097041,21.251708
1.283208,statevector,335462400.0,1,3291f7cf4f5bce32edcce61e8bf2cffc248b9faf9f44136da5a9fc74aa532e30,4.505625,cycle,65536.0,,m2:cycle:n12:p3:g2027:a0,12,3,0.464375,338575360.0,0.125125,4,4096,,OK,warm_single,27.756666000000003,21.378333
1.286667,statevector,335462400.0,1,a5bfb0c8f30323f1208b503c04d30983c210f13d497ede3ac4b0d5a28a12d406,4.602583,cycle,49152.0,,m2:cycle:n12:p3:g2027:a1,12,3,0.466042,338624512.0,0.124541,5,4096,,OK,warm_single,27.799750000000003,21.319917
0.844125,statevector,335462400.0,1,a78cacfb5cd7b75d74d844d8d888e17093366741a8ded59ba474cfc2369dec10,4.482125,cycle,49152.0,,m2:cycle:n12:p3:g2027:a2,12,3,0.284833,338673664.0,0.12325,6,4096,,OK,warm_single,27.107292,21.372959
0.853583,statevector,335462400.0,1,e9fa92d387eb89d8c3c3020f645648fb5871b5fde6c5cc91020fa2138c1d9834,4.495208,cycle,32768.0,,m2:cycle:n12:p3:g2027:a3,12,3,0.283459,338706432.0,0.119209,7,4096,,OK,warm_single,26.906917,21.155458
1.248542,statevector,335462400.0,1,64013f126ce715ba086d3e298defbd0f01873da89de4b3290df16a0fac8d03cf,4.4685,cycle,32768.0,,m2:cycle:n12:p3:g2028:a0,12,3,0.445708,338739200.0,0.128292,8,4096,,OK,warm_single,27.177542,20.8865
1.264875,statevector,335462400.0,1,285a399eccef8028bfad5339d979c4566edb07aa6d5961cd413096dd8e14b4b9,4.781625,cycle,49152.0,,m2:cycle:n12:p3:g2028:a1,12,3,0.440375,338788352.0,0.125125,9,4096,,OK,warm_single,27.435541999999998,20.823542
1.802542,statevector,,1,,5.276917,cycle,,0.064709,,14,1,0.770875,,0.120041,,4096,,,cold_start,33.816001,25.780917
1.804333,statevector,335527936.0,1,1b0b01554533b3db5edf30e13585d0d90d65cf6dad4ea1c94f9d1c054921a1ff,4.772416,cycle,16384.0,,m2:cycle:n14:p1:g2026:a0,14,1,0.682,338591744.0,0.076417,0,4096,,OK,warm_single,27.269123999999998,19.933958
1.801459,statevector,335527936.0,1,7ff86f04e164451c465924603bb1ff45973f69c542749fd74934bd24735731d0,5.078042,cycle,32768.0,,m2:cycle:n14:p1:g2026:a1,14,1,0.677542,338624512.0,0.089875,1,4096,,OK,warm_single,28.261335,20.614417
0.87275,statevector,335527936.0,1,24cac8d61c669351062c3615ea8bb96dce9cc54df1e03a55ded1c49d7d1a0ff5,4.961959,cycle,49152.0,,m2:cycle:n14:p1:g2026:a2,14,1,0.302958,338673664.0,0.0805,2,4096,,OK,warm_single,26.809417,20.59125
0.868792,statevector,335527936.0,1,49c7ed82cda78a244c2d1c0840f99f010e1db11360167bc302c21dae1a8f966e,4.880542,cycle,16384.0,,m2:cycle:n14:p1:g2026:a3,14,1,0.283292,338690048.0,0.078584,3,4096,,OK,warm_single,26.456126,20.344916
1.790208,statevector,335527936.0,1,d1b30ddc8bad5abb59f98ac3695ae29ed8c86c799f5203d9100d6868f2b95e02,4.794042,cycle,49152.0,,m2:cycle:n14:p1:g2027:a0,14,1,0.662792,338739200.0,0.077583,4,4096,,OK,warm_single,27.257333000000003,19.932708
1.82275,statevector,335527936.0,1,807482dbcde0e8286f6d4294e042c037bff03b583d35de07b471f91fd5e4d1f2,5.074292,cycle,32768.0,,m2:cycle:n14:p1:g2027:a1,14,1,0.667042,338771968.0,0.078458,5,4096,,OK,warm_single,27.552374999999998,19.909833
0.848292,statevector,335527936.0,1,8a055f6574d88c9a0cc0a5a2e22eaebcb2a1340c3c912919270b4842b82b1f40,4.907625,cycle,49152.0,,m2:cycle:n14:p1:g2027:a2,14,1,0.289458,338821120.0,0.077875,6,4096,,OK,warm_single,26.176375,20.053125
0.866292,statevector,335527936.0,1,0dbe0714951a9fc8b91de1084e02365e56368be2b981169d5401b69dc623d2cc,4.844792,cycle,16384.0,,m2:cycle:n14:p1:g2027:a3,14,1,0.286416,338837504.0,0.075625,7,4096,,OK,warm_single,25.965833999999997,19.892709
1.811792,statevector,335527936.0,1,ee03e1b41bccddd83d679098c3134d25fa4a4e2bdce81adcad5ca7d4adde7b5a,4.963083,cycle,81920.0,,m2:cycle:n14:p1:g2028:a0,14,1,0.70125,338919424.0,0.081667,8,4096,,OK,warm_single,28.113042000000004,20.55525
1.778625,statevector,335527936.0,1,c370e427d56926f5a32a83ab3a51ca9a4c034e6c9ee8b6edf6d98381742f5cef,5.014708,cycle,32768.0,,m2:cycle:n14:p1:g2028:a1,14,1,0.66725,338952192.0,0.084667,9,4096,,OK,warm_single,28.105291999999995,20.560042
1.858166,statevector,,1,,5.809833,cycle,,0.071958,,14,2,0.741,,0.171417,,4096,,,cold_start,35.583624,26.93125
1.82875,statevector,335413248.0,1,d56140cc739c87fd1ef6eba3684ddd556f68154d0b61efbfedead21e9b2d9561,5.359458,cycle,81920.0,,m2:cycle:n14:p2:g2026:a0,14,2,0.671666,338558976.0,0.109792,0,4096,,OK,warm_single,28.742290999999998,20.772625
1.838333,statevector,335413248.0,1,3e0dcbb0ffc3367ac0379869a93f079e9fd88f68196a55232bdaf873b15be11b,5.880083,cycle,16384.0,,m2:cycle:n14:p2:g2026:a1,14,2,0.69225,338575360.0,0.113083,1,4096,,OK,warm_single,29.739124,21.215375
1.531166,statevector,335413248.0,1,262525cc0b3b536318908776d3223d4094777ce9af7f4fe191ba42a1648e866c,5.686083,cycle,32768.0,,m2:cycle:n14:p2:g2026:a2,14,2,0.56375,338608128.0,0.117125,2,4096,,OK,warm_single,28.835082,20.936958
1.482167,statevector,335413248.0,1,9926328cc5542f2832a8ce493ad2444da38e7b680dbb2ad5293af14b273ef6e7,5.663041,cycle,65536.0,,m2:cycle:n14:p2:g2026:a3,14,2,0.536208,338673664.0,0.110292,3,4096,,OK,warm_single,28.635915999999998,20.844208
1.803666,statevector,335413248.0,1,f66d4e908b37621a1a6c0f85124a15376bd147de355ca8726eab591f0c8a5738,5.347583,cycle,49152.0,,m2:cycle:n14:p2:g2027:a0,14,2,0.668875,338722816.0,0.117291,4,4096,,OK,warm_single,28.63979,20.702375
1.824167,statevector,335413248.0,1,85fc6fbd15b0eebdaa8e759da787b6d5bc6d4e50338ca18749ba12c73e7f589c,5.746125,cycle,16384.0,,m2:cycle:n14:p2:g2027:a1,14,2,0.676459,338739200.0,0.115958,5,4096,,OK,warm_single,28.70975,20.347041
1.510041,statevector,335413248.0,1,2610c015a540ab0061d64850f2b9bb8a867c3ad508ebbce41d8d812797faaad1,5.788334,cycle,81920.0,,m2:cycle:n14:p2:g2027:a2,14,2,0.550292,338821120.0,0.112334,6,4096,,OK,warm_single,28.858833999999998,20.897833
1.5295,statevector,335413248.0,1,049c8229f25add282f6e39e8caa20d4b106f30098e81eee40a935ed4553b71ac,5.8375,cycle,49152.0,,m2:cycle:n14:p2:g2027:a3,14,2,0.555459,338870272.0,0.110916,7,4096,,OK,warm_single,28.845833999999996,20.812459
1.8385,statevector,335413248.0,1,454fb904d606209b8ae623a5a7c1da3a44bc5e0cf73f4f9ff048a7edcd7a7bdf,5.359917,cycle,65536.0,,m2:cycle:n14:p2:g2028:a0,14,2,0.688167,338935808.0,0.109584,8,4096,,OK,warm_single,28.923084,20.926916
1.817458,statevector,335413248.0,1,e0ed50ae8a5345311cef03ec4360b5bad82686a64f27fc796fcacfe514010ca4,5.893208,cycle,32768.0,,m2:cycle:n14:p2:g2028:a1,14,2,0.670541,338968576.0,0.10925,9,4096,,OK,warm_single,29.313248999999995,20.822792
1.845334,statevector,,1,,6.295709,cycle,,0.067041,,14,3,0.752916,,0.185417,,4096,,,cold_start,35.770417,26.624
1.817625,statevector,335757312.0,1,f3881af1ee071f152e5ff33a477986cadfd803ce8c1627c73675c981fd18351f,5.90625,cycle,32768.0,,m2:cycle:n14:p3:g2026:a0,14,3,0.674,338870272.0,0.138792,0,4096,,OK,warm_single,29.374792,20.838125
0.14725,statevector,335757312.0,1,fd89ec99a5a3b1111171605a0134ac531790c56910fdff5d956c1ae44886d724,6.454708,cycle,49152.0,,m2:cycle:n14:p3:g2026:a1,14,3,0.034,338919424.0,0.136,1,4096,,OK,warm_single,27.638875,20.866917
1.383959,statevector,335757312.0,1,548948cd620646528c598f46a5f72fc9f8cb513ebdc1c24bd67c05045960d97b,6.669875,cycle,32768.0,,m2:cycle:n14:p3:g2026:a2,14,3,0.48725,338952192.0,0.140375,2,4096,,OK,warm_single,29.651459,20.97
1.342709,statevector,335757312.0,1,e073024e3d66390aea821e89d189bc5d5e9fccf3f2727706defdc8e6924fedd1,6.59825,cycle,32768.0,,m2:cycle:n14:p3:g2026:a3,14,3,0.468208,338984960.0,0.135834,3,4096,,OK,warm_single,29.375792,20.830791
1.834083,statevector,335757312.0,1,a851e799694096c10f7f24510f2ef76ba670c3c9a8184cefada20ba2ba96096d,5.945292,cycle,49152.0,,m2:cycle:n14:p3:g2027:a0,14,3,0.686625,339034112.0,0.132458,4,4096,,OK,warm_single,29.513083,20.914625
0.137833,statevector,335757312.0,1,ea3333480d7b85fbcea64f7840d5a3edb6c77857f37369e3f6ce7b686c73090e,6.441625,cycle,32768.0,,m2:cycle:n14:p3:g2027:a1,14,3,0.029125,339066880.0,0.139625,5,4096,,OK,warm_single,27.537833,20.789625
1.34025,statevector,335757312.0,1,33079fa605660db51612ca6bcb18cd6980a0fd81130be2e2dc4c128716efdddd,6.44425,cycle,81920.0,,m2:cycle:n14:p3:g2027:a2,14,3,0.481417,339148800.0,0.132916,6,4096,,OK,warm_single,29.036666000000004,20.637833
1.333875,statevector,335757312.0,1,2d0d1fd31d5819eefa2b291ad69b2cb65f1a0972debd09a0f4aeac8a77f9a88a,6.490667,cycle,49152.0,,m2:cycle:n14:p3:g2027:a3,14,3,0.471625,339197952.0,0.135792,7,4096,,OK,warm_single,29.304292,20.872333
1.794458,statevector,335757312.0,1,593e8a6ef96a1f508deb64b77324deafbf644d724c845e7c76d22db4cc4746ac,5.870583,cycle,81920.0,,m2:cycle:n14:p3:g2028:a0,14,3,0.665292,339279872.0,0.1395,8,4096,,OK,warm_single,29.108749,20.638916
0.137417,statevector,335757312.0,1,d19633d96a2432f1862dfde095768a8e7ef7444cf7d0313c6a5b4bab05e6d61e,6.359541,cycle,65536.0,,m2:cycle:n14:p3:g2028:a1,14,3,0.03,339345408.0,0.134875,9,4096,,OK,warm_single,27.063667000000002,20.401834
2.065,statevector,,1,,8.110625,cycle,,0.073333,,16,1,0.881041,,0.129084,,4096,,,cold_start,40.770458,29.511375
2.017333,statevector,335413248.0,1,4e302e90d9eb888043a5989a96d7731288fc48fcef941b907313dc5229cd4423,7.200917,cycle,49152.0,,m2:cycle:n16:p1:g2026:a0,16,1,0.887583,339705856.0,0.09175,0,4096,,OK,warm_single,31.667042000000002,21.469459
2.015375,statevector,335413248.0,1,b8488170de9f2d18d45df434336a6f827ae46b346f81f52db653be069e074dde,7.373209,cycle,16384.0,,m2:cycle:n16:p1:g2026:a1,16,1,0.891291,339722240.0,0.087167,1,4096,,OK,warm_single,31.668916999999997,21.301875
1.300333,statevector,335413248.0,1,a925c926943e4c37be691236b42c9ababb309e736fda6646e041303e38928531,7.09975,cycle,16384.0,,m2:cycle:n16:p1:g2026:a2,16,1,0.47975,339738624.0,0.087375,2,4096,,OK,warm_single,30.071125,21.103917
1.284875,statevector,335413248.0,1,c448785ffaf461a60ce4c904ec3d3091d39fdb46a0e0d4f885be9fde5fb0a31e,7.022667,cycle,49152.0,,m2:cycle:n16:p1:g2026:a3,16,1,0.468125,339787776.0,0.085708,3,4096,,OK,warm_single,29.919791000000004,21.058416
1.974375,statevector,335413248.0,1,a0f66639d44545a819bd065928dcab4db2d4199cbfae5dbe216f15ed9a292346,7.028959,cycle,98304.0,,m2:cycle:n16:p1:g2027:a0,16,1,0.870083,339886080.0,0.081292,4,4096,,OK,warm_single,30.943792000000002,20.989083
1.990166,statevector,335413248.0,1,084e9505c1f5d8d2af4c3571fffa2180057bd5b097dffb6bc01d822e9f00bdf7,7.121708,cycle,32768.0,,m2:cycle:n16:p1:g2027:a1,16,1,0.862417,339918848.0,0.094125,5,4096,,OK,warm_single,30.894040999999998,20.825625
1.25775,statevector,335413248.0,1,26347c324a5904c6ed09d5bd3eded4691df1dda019c15a7a0b7b6d8886e2ad27,7.144459,cycle,0.0,,m2:cycle:n16:p1:g2027:a2,16,1,0.466083,339918848.0,0.087791,6,4096,,OK,warm_single,29.520124000000003,20.564041
1.288875,statevector,335413248.0,1,c793a9ab5c2b8400bf2a8868b6df84034c68c26669f7596141b3ef81274884d1,7.145833,cycle,32768.0,,m2:cycle:n16:p1:g2027:a3,16,1,0.468917,339951616.0,0.090459,7,4096,,OK,warm_single,29.619334000000002,20.62525
1.984042,statevector,335413248.0,1,8dd349743d29f29692da7c91044f1aeeea3fa9b00e189171e6f1a487ea2b02b7,7.168167,cycle,49152.0,,m2:cycle:n16:p1:g2028:a0,16,1,1.356208,340000768.0,0.0945,8,4096,,OK,warm_single,31.426792,20.823875
1.987042,statevector,335413248.0,1,7f0891d7486c61acd67a5b9b377b901eccfa040eca23751458a6d69507806b94,7.155875,cycle,0.0,,m2:cycle:n16:p1:g2028:a1,16,1,0.745708,340000768.0,0.08775,9,4096,,OK,warm_single,30.572208,20.595833
2.053167,statevector,,1,,8.43825,cycle,,0.068041,,16,2,0.858166,,0.163666,,4096,,,cold_start,38.025748,26.444458
1.947875,statevector,335872000.0,1,e1929b9f3118e3365661b98c83e2e96059ef223b17efbd30d84c45ea52dd8585,8.214542,cycle,81920.0,,m2:cycle:n16:p2:g2026:a0,16,2,0.862333,339214336.0,0.123792,0,4096,,OK,warm_single,31.642083000000003,20.493541
2.025833,statevector,335872000.0,1,0aa6cb7bb7dc1b40df32f0334ce327db99c27a93f857461a71f9d2cfbba1d41a,10.809125,cycle,0.0,,m2:cycle:n16:p2:g2026:a1,16,2,0.866792,339214336.0,0.119292,1,4096,,OK,warm_single,34.356708999999995,20.535667
1.867,statevector,335872000.0,1,733fc0f94795f31a0494fdfce528a0974007e08907a5dcc7f0d4e920e24a8968,10.696333,cycle,0.0,,m2:cycle:n16:p2:g2026:a2,16,2,0.70875,339214336.0,0.12175,2,4096,,OK,warm_single,33.620416999999996,20.226584
1.853709,statevector,335872000.0,1,5392a984d75e27e6ba338c6da6d909fce9d1f5f386ea41541684f5cf22b124dd,10.706583,cycle,65536.0,,m2:cycle:n16:p2:g2026:a3,16,2,0.699,339279872.0,0.115583,3,4096,,OK,warm_single,33.736792,20.361917
2.061167,statevector,335872000.0,1,642c2c33d4b14c47e3d03411342b116194b4edc672fe89cb2e6f7bd608a7b076,8.071583,cycle,114688.0,,m2:cycle:n16:p2:g2027:a0,16,2,0.896625,339394560.0,0.126084,4,4096,,OK,warm_single,31.581959,20.4265
2.008958,statevector,335872000.0,1,117e30cf503862d5a4d47d5b6a575ce437470c28a49cbb95bc8b1282f5531c24,10.925916,cycle,0.0,,m2:cycle:n16:p2:g2027:a1,16,2,0.881875,339394560.0,0.175625,5,4096,,OK,warm_single,34.619915999999996,20.627542
1.864584,statevector,335872000.0,1,9fb341948a7013e84fdcb74a05e02d3f6ba0f2c27cb133893309f60223d36727,10.610875,cycle,0.0,,m2:cycle:n16:p2:g2027:a2,16,2,0.699083,339394560.0,0.117875,6,4096,,OK,warm_single,34.000209000000005,20.707792
1.861167,statevector,335872000.0,1,fb0292cad55c9799aa26aa0441496f20d59903a26ecef9429a192e303e62001e,10.766667,cycle,49152.0,,m2:cycle:n16:p2:g2027:a3,16,2,0.71375,339443712.0,0.117417,7,4096,,OK,warm_single,33.833791999999995,20.374791
1.975583,statevector,335872000.0,1,d96ddf03e7c00e05ee19abd245a49a60a3cc4b4c6300ce13a91e9ae532616b3c,8.048084,cycle,81920.0,,m2:cycle:n16:p2:g2028:a0,16,2,1.36075,339525632.0,0.12125,8,4096,,OK,warm_single,31.804958,20.299291
1.957792,statevector,335872000.0,1,6ed8be3687c614061990bd1b51ed181a0a7fcfef1e11298fcbc8b8979afaadb2,10.5925,cycle,32768.0,,m2:cycle:n16:p2:g2028:a1,16,2,0.75425,339558400.0,0.117583,9,4096,,OK,warm_single,33.583707999999994,20.161583
1.991666,statevector,,1,,9.683,cycle,,0.069291,,16,3,0.837875,,0.198708,,4096,,,cold_start,39.37854,26.598
2.0145,statevector,335642624.0,1,ef464ebfa7c48b40ff7deb62b88e1d07fe522eeddc85219d5fb5219e0223a684,9.517333,cycle,49152.0,,m2:cycle:n16:p3:g2026:a0,16,3,0.85575,338870272.0,0.15575,0,4096,,OK,warm_single,33.832,21.288667
2.052416,statevector,335642624.0,1,0ea9a6074191f652ba5a6fda9490f6c8db1dd60f998d7ebef709e9835495e909,13.7385,cycle,0.0,,m2:cycle:n16:p3:g2026:a1,16,3,0.859458,338870272.0,0.153917,1,4096,,OK,warm_single,37.581249,20.776958
1.74725,statevector,335642624.0,1,a3a68a42d21b06e93312caa15105701e2a309c93f1b1eeb5bab22933e2890f0e,13.560042,cycle,32768.0,,m2:cycle:n16:p3:g2026:a2,16,3,0.6355,338903040.0,0.155709,2,4096,,OK,warm_single,37.066251,20.96775
1.720833,statevector,335642624.0,1,6cb36bffc75ceda7f453e5fc411ec35c490711c4ecfae1fa2ed01df1e9e496a9,13.765541,cycle,81920.0,,m2:cycle:n16:p3:g2026:a3,16,3,0.643917,338984960.0,0.148917,3,4096,,OK,warm_single,36.971958,20.69275
2.061625,statevector,335642624.0,1,4c7dc184b342d6695d84fa8aaa804c361af3c439ee98d66fea1809ace9980edf,9.060792,cycle,65536.0,,m2:cycle:n16:p3:g2027:a0,16,3,0.904375,339050496.0,0.1425,4,4096,,OK,warm_single,33.420876,21.251584
2.069542,statevector,335642624.0,1,fbfe85d79f7bd49dd81d1230abb6e863e40d449843f04904460db667c7a0b390,13.360291,cycle,32768.0,,m2:cycle:n16:p3:g2027:a1,16,3,1.434625,339083264.0,0.148834,5,4096,,OK,warm_single,38.15425,21.140958
1.7695,statevector,335642624.0,1,999b26dc27194efd0ea152058c0336a204655dfe2daedd7fa7da0b5dc73018b1,13.517167,cycle,0.0,,m2:cycle:n16:p3:g2027:a2,16,3,0.643209,339083264.0,0.150166,6,4096,,OK,warm_single,37.013667,20.933625
1.732667,statevector,335642624.0,1,ba55f41344c958f84345b2223bc0c2cc160ccd10ad902668e09acaac73be47af,13.480292,cycle,16384.0,,m2:cycle:n16:p3:g2027:a3,16,3,0.620792,339099648.0,0.151708,7,4096,,OK,warm_single,36.689334,20.703875
2.010417,statevector,335642624.0,1,9258b119dc7dd6c60658082de73af87140df19feff451395c0b1121dc7c66c22,9.155375,cycle,16384.0,,m2:cycle:n16:p3:g2028:a0,16,3,0.873458,339116032.0,0.152334,8,4096,,OK,warm_single,32.960500999999994,20.768917
2.025292,statevector,335642624.0,1,209c3802be3896816019c035c8c8d761303b6be3dfba879ff99d212f05aa2c15,13.479666,cycle,0.0,,m2:cycle:n16:p3:g2028:a1,16,3,0.755209,339116032.0,0.149292,9,4096,,OK,warm_single,37.224917,20.815458
2.089625,statevector,,1,,17.719958,cycle,,0.066292,,18,1,0.873708,,0.135333,,4096,,,cold_start,46.787082999999996,25.902167
2.094416,statevector,335790080.0,1,7feaf60a79d90620334a07e1c19d0168a7c8c00e732531763444e977b9e87f9f,17.084667,cycle,65536.0,,m2:cycle:n18:p1:g2026:a0,18,1,0.886542,343310336.0,0.094709,0,4096,,OK,warm_single,40.276376,20.116042
2.0425,statevector,335790080.0,1,56f9a93f0c912921169bb46dbc595263c83ed337551c796b248d53abc60aa647,17.092625,cycle,0.0,,m2:cycle:n18:p1:g2026:a1,18,1,0.853791,343310336.0,0.096208,1,4096,,OK,warm_single,40.303540000000005,20.218416
1.732334,statevector,335790080.0,1,abea4087d8430676db093cc9eaeaef9682943295f26bdeecc6d8fce3abcf6069,17.001625,cycle,0.0,,m2:cycle:n18:p1:g2026:a2,18,1,0.645291,343310336.0,0.091125,2,4096,,OK,warm_single,39.466792000000005,19.996417
1.72225,statevector,335790080.0,1,2bd5ee5d451d7d2749b214a4c53121d95f4b4f0b2cbda7785eeb52ecdbcd2134,16.948459,cycle,114688.0,,m2:cycle:n18:p1:g2026:a3,18,1,0.650042,343425024.0,0.108875,3,4096,,OK,warm_single,40.180209000000005,20.750583
2.121292,statevector,335790080.0,1,bd7db07e89fd53efa48f28f2ce36b5d79835b627fdcf71ec055dd9eb310e2594,16.974333,cycle,32768.0,,m2:cycle:n18:p1:g2027:a0,18,1,0.933459,343457792.0,0.098083,4,4096,,OK,warm_single,40.741417,20.61425
2.123,statevector,,1,,21.453291,cycle,,0.06875,,18,2,0.872167,,0.182875,,4096,,,cold_start,51.85358299999999,27.1535
2.077708,statevector,335446016.0,1,0ed38aa5fddb76d50d0d6bc586b8b82276d58d475099273444c3bed01d780e31,20.85125,cycle,147456.0,,m2:cycle:n18:p2:g2026:a0,18,2,0.8855,343031808.0,0.154791,0,4096,,OK,warm_single,44.538289999999996,20.569041
2.103166,statevector,335446016.0,1,12021430517bda644f923e22899e4383b6111f3a546b2267dc8c01832dce09fd,32.976,cycle,16384.0,,m2:cycle:n18:p2:g2026:a1,18,2,0.884125,343048192.0,0.127334,1,4096,,OK,warm_single,56.553375,20.46275
2.042416,statevector,335446016.0,1,f7e6b988bdb0c6dbeca6f4f5b464787335bd959bfb7638e33ff8babe0d82e5d4,32.95275,cycle,16384.0,,m2:cycle:n18:p2:g2026:a2,18,2,0.772417,343064576.0,0.1395,2,4096,,OK,warm_single,56.345458,20.438375
2.035791,statevector,335446016.0,1,eff4de90631d9d4059b8b56931f8b309a8ca510c66b56a70b9c9a8b23f6f2463,32.921917,cycle,98304.0,,m2:cycle:n18:p2:g2026:a3,18,2,0.763709,343162880.0,0.137083,3,4096,,OK,warm_single,56.222208,20.363708
2.078708,statevector,335446016.0,1,bd208fcf79a0b355fe15ba6aee6432ff8bdda7b1a08fe614c584b4bec97b64a9,21.022459,cycle,49152.0,,m2:cycle:n18:p2:g2027:a0,18,2,0.906542,343212032.0,0.136375,4,4096,,OK,warm_single,44.88833400000001,20.74425
2.130792,statevector,,1,,25.371833,cycle,,0.070959,,18,3,0.893458,,0.225417,,4096,,,cold_start,55.359376000000005,26.666917
2.034292,statevector,335511552.0,1,8f61eb8f8cb67c1424a77a9dfe7e1cec14a53dc3cde9cc7c1bd0b8f46740ad27,25.018625,cycle,65536.0,,m2:cycle:n18:p3:g2026:a0,18,3,0.887,343113728.0,0.174417,0,4096,,OK,warm_single,48.890334,20.776
2.068208,statevector,335511552.0,1,2d422175ee2bc2a6aa3a6f85735838041d12469f9e53f721a22ee5cef2df2ba0,45.72075,cycle,32768.0,,m2:cycle:n18:p3:g2026:a1,18,3,0.870292,343146496.0,0.166875,1,4096,,OK,warm_single,69.337584,20.511459
1.958167,statevector,335511552.0,1,c53e23a356e0ec79838d85240d052f7dd77b441a4f4422cab53da0f027bf92a8,45.746166,cycle,32768.0,,m2:cycle:n18:p3:g2026:a2,18,3,0.721375,343179264.0,0.180708,2,4096,,OK,warm_single,69.076374,20.469958
1.986167,statevector,335511552.0,1,46d5c18f2d06f4e38ec37a5fb8434d0672f63e64eefaea079c8e40e24e2d513a,45.745416,cycle,98304.0,,m2:cycle:n18:p3:g2026:a3,18,3,0.72975,343277568.0,0.172208,3,4096,,OK,warm_single,69.39262399999998,20.759083
2.083791,statevector,335511552.0,1,bf273dc22edc613c03e91d90372f384e2f73ef1caeb84b8dda4821d6f6a598d2,24.941667,cycle,65536.0,,m2:cycle:n18:p3:g2027:a0,18,3,0.889417,343343104.0,0.17775,4,4096,,OK,warm_single,48.568416,20.475791
2.190042,statevector,,1,,62.474417,cycle,,0.065958,,20,1,0.900708,,0.1425,,4096,,,cold_start,93.11175,27.338125
2.132375,statevector,335527936.0,1,fd2de602155d0cddaa99bbcc14802cb0c6a947773f7e43a8c778ee1463f37613,61.042375,cycle,81920.0,,m2:cycle:n20:p1:g2026:a0,20,1,0.930583,355631104.0,0.144375,0,4096,,OK,warm_single,85.59974999999999,21.350042
2.124083,statevector,335527936.0,1,f6700b87d0c7842f5161e79e0d425d341200244b8ed390a0d02eaeab588396ec,61.318583,cycle,0.0,,m2:cycle:n20:p1:g2026:a1,20,1,0.939458,355631104.0,0.134792,1,4096,,OK,warm_single,85.40974899999999,20.892833
1.932167,statevector,335527936.0,1,ba1aca1b743e5b8ca4868563ad05221a3caa93e06fa296b5250e06d1bb7c7f5b,61.050334,cycle,0.0,,m2:cycle:n20:p1:g2026:a2,20,1,0.743875,355631104.0,0.138458,2,4096,,OK,warm_single,85.260709,21.395875
1.945792,statevector,335527936.0,1,1d28994aeb215dab357d28d0d1047f8de1639a676cb56f235f1a54c63f8b8057,61.192084,cycle,114688.0,,m2:cycle:n20:p1:g2026:a3,20,1,0.726,355745792.0,0.149708,3,4096,,OK,warm_single,84.904709,20.891125
2.113209,statevector,335527936.0,1,fb510734b2e68ee7ae5d491a2e1bec2b850745aa158d4f3e72ef1901df03cfd7,61.333334,cycle,65536.0,,m2:cycle:n20:p1:g2027:a0,20,1,0.912333,355811328.0,0.134166,4,4096,,OK,warm_single,85.2455,20.752458
2.156709,statevector,,1,,75.500167,cycle,,0.065125,,20,2,0.920125,,0.190375,,4096,,,cold_start,105.15246,26.319959
2.17725,statevector,335446016.0,1,bab2a96ccabb8e63efd7004dfa4f56aee6f522ff6545795022d0d7ddaa429047,75.488041,cycle,98304.0,,m2:cycle:n20:p2:g2026:a0,20,2,0.942042,355598336.0,0.186042,0,4096,,OK,warm_single,99.895792,21.102417
2.089708,statevector,335446016.0,1,6cdd520d603873eb0fc5cae886037a91a4d3f669251d253e4682a07ba405d0c2,132.473125,cycle,114688.0,,m2:cycle:n20:p2:g2026:a1,20,2,0.935417,355713024.0,0.185791,1,4096,,OK,warm_single,156.7535,21.069459
2.101208,statevector,335446016.0,1,b0971789ae632f812fc3704d094836db942de25083966b19a7052c9c7bb576d1,131.145583,cycle,98304.0,,m2:cycle:n20:p2:g2026:a2,20,2,0.923125,355811328.0,0.185083,2,4096,,OK,warm_single,155.355957,21.000958
2.086916,statevector,335446016.0,1,dbc75bceb0c311731947aaaf0ab7b6a93a3e51544baca9b268e09c65b7143017,131.171083,cycle,49152.0,,m2:cycle:n20:p2:g2026:a3,20,2,1.487542,355860480.0,0.173084,3,4096,,OK,warm_single,155.890791,20.972166
2.165,statevector,335446016.0,1,09576187faa7c20941479f38b6d2ab76d2a8b1c813d48aa5da3196f635dadd22,74.505292,cycle,0.0,,m2:cycle:n20:p2:g2027:a0,20,2,0.951,355860480.0,0.184791,4,4096,,OK,warm_single,98.288833,20.48275
2.233625,statevector,,1,,92.13375,cycle,,0.066875,,20,3,0.911125,,0.221875,,4096,,,cold_start,122.494583,26.927333
2.142667,statevector,335527936.0,1,683568123908a9cc09a3f4422f0bdaf8e66bef6f4c96b42e80cb9d4a538ad14f,90.967875,cycle,65536.0,,m2:cycle:n20:p3:g2026:a0,20,3,0.920833,355762176.0,0.219375,0,4096,,OK,warm_single,114.89304100000001,20.642291
2.118125,statevector,335527936.0,1,6a99b368ce3b661ee58b1ea5ae1de86a64f64a713ec2999992a377898bb23da6,192.318333,cycle,0.0,,m2:cycle:n20:p3:g2026:a1,20,3,0.91225,355762176.0,0.221583,1,4096,,OK,warm_single,216.29970799999998,20.729417
2.101583,statevector,335527936.0,1,e57666e3b4278268b76754a7baaabb34b4801b684a5a9eddfa67ce20aae90d62,191.914459,cycle,32768.0,,m2:cycle:n20:p3:g2026:a2,20,3,0.885459,355794944.0,0.223417,2,4096,,OK,warm_single,215.716585,20.591667
2.084959,statevector,335527936.0,1,25f95d8725c5de4bc59ef22c1449afcc93045ec74bd1ac84ed2965912179509e,191.897291,cycle,98304.0,,m2:cycle:n20:p3:g2026:a3,20,3,0.878292,355893248.0,0.22275,3,4096,,OK,warm_single,215.71266699999998,20.629375
2.132584,statevector,335527936.0,1,e0c939d940b97d4bc27892f69648756b19c05b93dca0d03cf85fc553f609c6bc,90.998625,cycle,114688.0,,m2:cycle:n20:p3:g2027:a0,20,3,1.399875,356007936.0,0.216625,4,4096,,OK,warm_single,115.369042,20.621333
0.053833,statevector,,1,,1.576583,random_3_regular,,0.0665,,6,1,0.008541,,0.091208,,4096,,,cold_start,27.605790000000006,25.809125
0.042416,statevector,335527936.0,1,cf604f1bba3903e9bc81125d1594917344abb870225c17a68586acb60bbf80b2,1.228459,random_3_regular,32768.0,,m2:random_3_regular:n6:p1:g2026:a0,6,1,0.007708,337805312.0,0.062791,0,4096,,OK,warm_single,21.92929,20.587916
0.02075,statevector,335527936.0,1,09636ac497251b7f08f67e9d6bd4fb78f0f82209f27805b7510efeb0cf9aee38,1.18275,random_3_regular,0.0,,m2:random_3_regular:n6:p1:g2026:a1,6,1,0.002334,337805312.0,0.051584,1,4096,,OK,warm_single,21.739876,20.482458
0.046917,statevector,335527936.0,1,195688f3a3e355a52f00194f11a24460e6325d4369b5bbc853ad4ff540aa21a5,1.184459,random_3_regular,16384.0,,m2:random_3_regular:n6:p1:g2026:a2,6,1,0.009,337821696.0,0.05225,2,4096,,OK,warm_single,21.813292,20.520666
0.041667,statevector,335527936.0,1,1a6d400a04137cfc1d30c2324ae414762e156d87e016e0ab6376c6eae551b18d,1.193792,random_3_regular,16384.0,,m2:random_3_regular:n6:p1:g2026:a3,6,1,0.007708,337838080.0,0.064,3,4096,,OK,warm_single,21.508542,20.201375
0.041833,statevector,335527936.0,1,45a930821ac7b7469258e215b7001db222fd3950dd1875a3c2f2cae0bdafd962,1.178375,random_3_regular,32768.0,,m2:random_3_regular:n6:p1:g2027:a0,6,1,0.007667,337870848.0,0.051208,4,4096,,OK,warm_single,21.245291,19.966208
0.012667,statevector,335527936.0,1,9803a92bb736a2b6c66c59b532e87b2523669efe66eee5e441715e6bb975b8a8,1.15975,random_3_regular,0.0,,m2:random_3_regular:n6:p1:g2027:a1,6,1,0.001125,337870848.0,0.051458,5,4096,,OK,warm_single,21.286042,20.061042
0.041041,statevector,335527936.0,1,153a9cefa79b65deda1a76d13b1fdc57f70f2176fb72b3083db3b25db1c6c090,1.173417,random_3_regular,16384.0,,m2:random_3_regular:n6:p1:g2027:a2,6,1,0.007375,337887232.0,0.053167,6,4096,,OK,warm_single,21.254541,19.979541
0.039958,statevector,335527936.0,1,e477b49f5270961c5f2d4b37ede60a662274433b452890d6b715ed81788bae48,1.217292,random_3_regular,16384.0,,m2:random_3_regular:n6:p1:g2027:a3,6,1,0.007042,337903616.0,0.052042,7,4096,,OK,warm_single,21.341917,20.025583
0.0425,statevector,335527936.0,1,7e3ba8baaa2ef4635869ff1bad645ddbe098b9297ea457cc1e393eeff106e78a,1.210917,random_3_regular,32768.0,,m2:random_3_regular:n6:p1:g2028:a0,6,1,0.007875,337936384.0,0.047417,8,4096,,OK,warm_single,21.347792999999996,20.039084
0.011792,statevector,335527936.0,1,ed49653d2c8370a4777e1bee6c4f77b21eeeea302a6c6ac1c83c44785fb0bfd1,1.183208,random_3_regular,16384.0,,m2:random_3_regular:n6:p1:g2028:a1,6,1,0.00125,337952768.0,0.049167,9,4096,,OK,warm_single,21.208792,19.963375
0.053291,statevector,,1,,1.633542,random_3_regular,,0.067209,,6,2,0.008125,,0.112709,,4096,,,cold_start,28.196750999999995,26.321875
0.044042,statevector,335544320.0,1,3541dc77331d3dc81fa15120e29726b57df2725d2e04c571a7396a651f88c427,1.255125,random_3_regular,98304.0,,m2:random_3_regular:n6:p2:g2026:a0,6,2,0.006541,337920000.0,0.064292,0,4096,,OK,warm_single,21.716457999999996,20.346458
0.046166,statevector,335544320.0,1,b69c75a3d9ca8ecb281ffeddb8ee045966eee057cae2ac3870e7163286473dd0,1.26525,random_3_regular,32768.0,,m2:random_3_regular:n6:p2:g2026:a1,6,2,0.008541,337952768.0,0.062125,1,4096,,OK,warm_single,21.628665000000005,20.246583
0.044375,statevector,335544320.0,1,3c5004aedd599f9020c944a1a373d3102c87d1edcab4201428fbfeab3b4e7eca,1.294084,random_3_regular,16384.0,,m2:random_3_regular:n6:p2:g2026:a2,6,2,0.008209,337969152.0,0.082917,2,4096,,OK,warm_single,22.307126,20.877541
0.044459,statevector,335544320.0,1,adffb8cb6d230345b158abfc935bd013c0245b2eb164472ad04035dcaeca7336,1.298958,random_3_regular,32768.0,,m2:random_3_regular:n6:p2:g2026:a3,6,2,0.007833,338001920.0,0.068791,3,4096,,OK,warm_single,22.27525,20.855209
0.045875,statevector,335544320.0,1,f3ee8a9a1a0e9c8892671bab796d06b806f38c039af389a88fe6a01e5b5ff222,1.261875,random_3_regular,16384.0,,m2:random_3_regular:n6:p2:g2027:a0,6,2,0.007833,338018304.0,0.066625,4,4096,,OK,warm_single,22.06925,20.687042
0.039833,statevector,335544320.0,1,06535fcf14ca0e1d21ad7cb1516435505fb2d4f9d6a23703f7927ce6d758d659,1.262084,random_3_regular,0.0,,m2:random_3_regular:n6:p2:g2027:a1,6,2,0.006541,338018304.0,0.073167,5,4096,,OK,warm_single,21.573833000000004,20.192208
0.039583,statevector,335544320.0,1,c45f496dade5f0fc38f66f831df9170c750538e39137b9b1a68538fda08badbd,1.30425,random_3_regular,16384.0,,m2:random_3_regular:n6:p2:g2027:a2,6,2,0.006958,338034688.0,0.062875,6,4096,,OK,warm_single,21.612291,20.198625
0.0485,statevector,335544320.0,1,85db46789100561cafd95fdbcbe3a945eefd571be0df7d0b4560ff35210ae448,1.34125,random_3_regular,49152.0,,m2:random_3_regular:n6:p2:g2027:a3,6,2,0.011667,338083840.0,0.063333,7,4096,,OK,warm_single,21.686124999999997,20.221375
0.039708,statevector,335544320.0,1,c914f2953af11b5f44071734123287d022270391efebad30ffc2f8e4b644e91d,1.263917,random_3_regular,0.0,,m2:random_3_regular:n6:p2:g2028:a0,6,2,0.006542,338083840.0,0.084,8,4096,,OK,warm_single,21.775624999999998,20.381458
0.038125,statevector,335544320.0,1,331f6740858af98e08ce9c0552077fa8d9eed01c16baad85691dbc5d3f9c5f95,1.273291,random_3_regular,32768.0,,m2:random_3_regular:n6:p2:g2028:a1,6,2,0.00625,338116608.0,0.062875,9,4096,,OK,warm_single,21.561041,20.1805
0.050625,statevector,,1,,1.713083,random_3_regular,,0.06375,,6,3,0.008541,,0.127458,,4096,,,cold_start,28.811082000000003,26.847625
0.042958,statevector,335593472.0,1,8396513103e38168ee392570c1350fcb337863fe3e605364ed76ac929d98eea5,1.321084,random_3_regular,16384.0,,m2:random_3_regular:n6:p3:g2026:a0,6,3,0.007584,338067456.0,0.082417,0,4096,,OK,warm_single,21.910959,20.456916
0.037417,statevector,335593472.0,1,e00cc98e9728cf05ea6d0e6b362648e8b34e0a788485da9125dcb855aca4dd0b,1.364125,random_3_regular,32768.0,,m2:random_3_regular:n6:p3:g2026:a1,6,3,0.006875,338100224.0,0.086333,1,4096,,OK,warm_single,22.467458000000004,20.972708
0.043125,statevector,335593472.0,1,04a24947af1efbc123498bec0ececfed1e0d1294e3d8a791f45abb714362f343,1.339042,random_3_regular,32768.0,,m2:random_3_regular:n6:p3:g2026:a2,6,3,0.00775,338132992.0,0.081083,2,4096,,OK,warm_single,22.230625,20.759625
0.04125,statevector,335593472.0,1,b644735bdd21fc2c0f7de552f81f7ab5b349e1b74c979da8e3641e07eb6b6b7c,1.351125,random_3_regular,0.0,,m2:random_3_regular:n6:p3:g2026:a3,6,3,0.007084,338132992.0,0.081125,3,4096,,OK,warm_single,22.307834,20.82725
0.043792,statevector,335593472.0,1,da5bfacf45bf7069da151410466c095900ab614e6e49bf8bbbabb6d7190fd323,1.332208,random_3_regular,16384.0,,m2:random_3_regular:n6:p3:g2027:a0,6,3,0.007625,338149376.0,0.084416,4,4096,,OK,warm_single,21.770291000000004,20.30225
0.040167,statevector,335593472.0,1,e1ac7a60e6f6df620e4c32c302d519297156abc80c6364163e0e5ad7c0953568,1.3135,random_3_regular,114688.0,,m2:random_3_regular:n6:p3:g2027:a1,6,3,0.006917,338264064.0,0.088666,5,4096,,OK,warm_single,21.798959000000004,20.349709
0.041,statevector,335593472.0,1,107f87019ee86bbc970ee367895da90c24065941c87ba6d5b0135b978ce3db4f,1.364291,random_3_regular,16384.0,,m2:random_3_regular:n6:p3:g2027:a2,6,3,0.007125,338280448.0,0.078916,6,4096,,OK,warm_single,22.218582,20.72725
0.043125,statevector,335593472.0,1,21e92fcb714c6abfe6c800108f49fde609cb217968b698b62cc9cc4d4a6e8b5d,1.361042,random_3_regular,32768.0,,m2:random_3_regular:n6:p3:g2027:a3,6,3,0.007958,338313216.0,0.083583,7,4096,,OK,warm_single,22.318583,20.822875
0.046542,statevector,335593472.0,1,54ada1f7483ffb1dc3351775afd15c7f6c8f0e334bcff4dabb0e09fb5a8b15d8,1.343625,random_3_regular,0.0,,m2:random_3_regular:n6:p3:g2028:a0,6,3,0.007,338313216.0,0.08225,8,4096,,OK,warm_single,22.228834,20.749417
0.045458,statevector,335593472.0,1,ffa42b5118c21366b77410d25cb183da06f3c44fb45e221e6b930e0edffd88dc,1.314209,random_3_regular,49152.0,,m2:random_3_regular:n6:p3:g2028:a1,6,3,0.008709,338362368.0,0.078584,9,4096,,OK,warm_single,22.168210000000002,20.72125
0.149333,statevector,,1,,1.942083,random_3_regular,,0.069292,,8,1,0.032125,,0.1065,,4096,,,cold_start,28.879833,26.5805
0.138291,statevector,335740928.0,1,4b4e2abc44d0b8c7d577b94faad6d9fd5469b6519450f2a6a46ee95357e55444,1.633291,random_3_regular,0.0,,m2:random_3_regular:n8:p1:g2026:a0,8,1,0.027625,338182144.0,0.075666,0,4096,,OK,warm_single,23.207748,21.332875
0.136334,statevector,335740928.0,1,743eb8ab75b2048e29eb3a17b9f5b0ed7499687533f021ec8ae938844a767b99,1.631042,random_3_regular,16384.0,,m2:random_3_regular:n8:p1:g2026:a1,8,1,0.028416,338198528.0,0.066833,1,4096,,OK,warm_single,22.964459,21.101834
0.136625,statevector,335740928.0,1,9dff8567018e7f7ac3b077b5b7a01795304850e5874b53e794c184b696fbe815,1.581458,random_3_regular,0.0,,m2:random_3_regular:n8:p1:g2026:a2,8,1,0.029417,338198528.0,0.067833,2,4096,,OK,warm_single,22.974375,21.159042
0.109708,statevector,335740928.0,1,2e4cef21503d306579cd59393438b9873a2d3a3aa53676e6516ac633dce9387f,1.625375,random_3_regular,49152.0,,m2:random_3_regular:n8:p1:g2026:a3,8,1,0.021542,338247680.0,0.067625,3,4096,,OK,warm_single,22.981291,21.157041
0.140375,statevector,335740928.0,1,36d4828cc0e5dd2e0864273b5694ed41302c8bb4d58f18a5d53bef101cba8ca5,1.613583,random_3_regular,16384.0,,m2:random_3_regular:n8:p1:g2027:a0,8,1,0.030334,338264064.0,0.058084,4,4096,,OK,warm_single,23.086834,21.244458
0.133291,statevector,335740928.0,1,a2af36af0b96e0234bceff901e94dfa1dfc55a2eebc8989112aa4981bf33c927,1.618416,random_3_regular,32768.0,,m2:random_3_regular:n8:p1:g2027:a1,8,1,0.027375,338296832.0,0.061042,5,4096,,OK,warm_single,23.103874,21.26375
0.124333,statevector,335740928.0,1,f00a5a7d9b3edc3399c1027504a19d5377a3f32a5e925f626622ba1f4567815a,1.588917,random_3_regular,0.0,,m2:random_3_regular:n8:p1:g2027:a2,8,1,0.026542,338296832.0,0.063083,6,4096,,OK,warm_single,22.928749999999997,21.125875
0.119916,statevector,335740928.0,1,93aa501e1a45d946cb01f6ebf11f9e2bbe0ce7792980df26a08206d18ff31a4b,1.623458,random_3_regular,49152.0,,m2:random_3_regular:n8:p1:g2027:a3,8,1,0.025834,338345984.0,0.064166,7,4096,,OK,warm_single,22.940165999999998,21.106792
0.138541,statevector,335740928.0,1,fd2871d2ed15b95542fe4a032fa75ce3f6e8a2baad9b4ae03e785d8b76c0938e,1.586,random_3_regular,16384.0,,m2:random_3_regular:n8:p1:g2028:a0,8,1,0.029917,338362368.0,0.060125,8,4096,,OK,warm_single,22.915041,21.100458
0.136375,statevector,335740928.0,1,020ca4c97501f345b2f0a63c06af036e760c0b8edcf3e5f583eb3339c942c488,1.635625,random_3_regular,32768.0,,m2:random_3_regular:n8:p1:g2028:a1,8,1,0.029375,338395136.0,0.063542,9,4096,,OK,warm_single,23.126542000000004,21.261625
0.157208,statevector,,1,,2.07325,random_3_regular,,0.070333,,8,2,0.029125,,0.127417,,4096,,,cold_start,28.446542,25.989209
0.132125,statevector,335659008.0,1,3652f7414d555cfb45eba07389f4221498c7f9b1c3a89a29df879a81b6f8a220,1.735291,random_3_regular,0.0,,m2:random_3_regular:n8:p2:g2026:a0,8,2,0.028083,338149376.0,0.086125,0,4096,,OK,warm_single,22.641207999999995,20.659584
0.126583,statevector,335659008.0,1,411accdf050887bd1662acf3df8e621e292dc289cdbdd59759b0e4e26df75bd9,1.725125,random_3_regular,16384.0,,m2:random_3_regular:n8:p2:g2026:a1,8,2,0.027542,338165760.0,0.088708,1,4096,,OK,warm_single,22.674083,20.706125
0.123625,statevector,335659008.0,1,e6a847a8aebd47573c310fbe554d6a2298fdc49e315d3a8dd9e8a4691df72558,1.678333,random_3_regular,49152.0,,m2:random_3_regular:n8:p2:g2026:a2,8,2,0.0295,338214912.0,0.084958,2,4096,,OK,warm_single,22.424166,20.50775
0.1365,statevector,335659008.0,1,54891cf0f388bee3e6d6518351109e6826997af3b5cdda40536bc58757a76094,1.727542,random_3_regular,32768.0,,m2:random_3_regular:n8:p2:g2026:a3,8,2,0.027541,338247680.0,0.097209,3,4096,,OK,warm_single,22.755417,20.766625
0.139542,statevector,335659008.0,1,7dccc16e214964d0208cb1d7a704b1e466895c321a4cd69ce7c8ab575b18569c,1.681375,random_3_regular,16384.0,,m2:random_3_regular:n8:p2:g2027:a0,8,2,0.030333,338264064.0,0.083625,4,4096,,OK,warm_single,22.529749999999996,20.594875
0.133833,statevector,335659008.0,1,3ee5b0b979354ea4ab133c7d75017855847d5b725390bccb1a866b104accc6be,1.729291,random_3_regular,98304.0,,m2:random_3_regular:n8:p2:g2027:a1,8,2,0.026792,338362368.0,0.087625,5,4096,,OK,warm_single,22.580707999999998,20.603167
0.117417,statevector,335659008.0,1,575e9df16d144b6899f75d522e4f58a7af288e22ecd46450b60d2f38ba581fbf,1.683958,random_3_regular,16384.0,,m2:random_3_regular:n8:p2:g2027:a2,8,2,0.025084,338378752.0,0.076917,6,4096,,OK,warm_single,22.689668,20.786292
0.128541,statevector,335659008.0,1,d520e0e9683ebfa3667e5a94e2d180ac68257541c49c33805b09d51c05e1ac69,1.672375,random_3_regular,49152.0,,m2:random_3_regular:n8:p2:g2027:a3,8,2,0.029583,338427904.0,0.079292,7,4096,,OK,warm_single,22.466707999999993,20.556917
0.125208,statevector,335659008.0,1,67b32c8c59564c319d2216e4815c59ec093baf90ef3433f5d79c8e654844349a,1.704417,random_3_regular,32768.0,,m2:random_3_regular:n8:p2:g2028:a0,8,2,0.028,338460672.0,0.088083,8,4096,,OK,warm_single,22.071042,20.125334
0.130333,statevector,335659008.0,1,d3f21e3a31d1b735c7d980dc3f6130c65578f099b708ec5fdaf78f8a99c11bf8,1.685667,random_3_regular,16384.0,,m2:random_3_regular:n8:p2:g2028:a1,8,2,0.030666,338477056.0,0.086292,9,4096,,OK,warm_single,21.955833,20.022875
0.157,statevector,,1,,2.218459,random_3_regular,,0.067625,,8,3,0.032084,,0.152166,,4096,,,cold_start,29.241209,26.613875
0.141042,statevector,335642624.0,1,49eeb222b528900f16c21a8074ef915cd32fd6e9a74a569e5ab888edd901a0e4,1.853167,random_3_regular,16384.0,,m2:random_3_regular:n8:p3:g2026:a0,8,3,0.031334,338083840.0,0.115834,0,4096,,OK,warm_single,23.000877,20.8595
0.139291,statevector,335642624.0,1,4ee54e84c41a57c9ab15a3c86f2f8e5364650f102c32d400fda4b1ef3398ff5e,1.850709,random_3_regular,16384.0,,m2:random_3_regular:n8:p3:g2026:a1,8,3,0.030334,338100224.0,0.11675,1,4096,,OK,warm_single,22.967042,20.829958
0.138625,statevector,335642624.0,1,6b28ff887e5d20451ac644dbb92c3c58946be96a02b3f49fd61fe62b65231eb2,1.822334,random_3_regular,32768.0,,m2:random_3_regular:n8:p3:g2026:a2,8,3,0.030125,338132992.0,0.110875,2,4096,,OK,warm_single,22.814751000000005,20.712792
0.128291,statevector,335642624.0,1,541f474d49ae1d49d5bfb2c23df5f3cd97fbe73849a9c63f3fdf95db6c21e015,1.836875,random_3_regular,65536.0,,m2:random_3_regular:n8:p3:g2026:a3,8,3,0.028083,338198528.0,0.110833,3,4096,,OK,warm_single,22.874623999999997,20.770542
0.137334,statevector,335642624.0,1,44e5cdb76f5a377f05c2f7d3999a250d621cd08f3994b3fe6257d390072afeba,1.813458,random_3_regular,16384.0,,m2:random_3_regular:n8:p3:g2027:a0,8,3,0.030334,338214912.0,0.111,4,4096,,OK,warm_single,23.006168,20.914042
0.138291,statevector,335642624.0,1,627c050615cd5e82b5118b67dff648d4c969b4a0744a5f787ace13bcd1bcb641,1.787583,random_3_regular,32768.0,,m2:random_3_regular:n8:p3:g2027:a1,8,3,0.030042,338247680.0,0.109375,5,4096,,OK,warm_single,22.910791000000003,20.8455
0.123334,statevector,335642624.0,1,20d54b5537034a6e2d2fac48b03a112cc8711140305de9a4299ebf2e75e322d7,1.829667,random_3_regular,16384.0,,m2:random_3_regular:n8:p3:g2027:a2,8,3,0.027792,338264064.0,0.111625,6,4096,,OK,warm_single,22.763085000000004,20.670667
0.123083,statevector,335642624.0,1,2c222763f130e7ac86737968253f15fbaab4704a6798acfa53ecae5355acdfe4,1.84325,random_3_regular,49152.0,,m2:random_3_regular:n8:p3:g2027:a3,8,3,0.027208,338313216.0,0.108333,7,4096,,OK,warm_single,22.728791,20.626917
0.134541,statevector,335642624.0,1,daa51331183d8768453c9e2dfaae0f0af95329456c8b05f724a26e3cc524bd6d,1.857834,random_3_regular,16384.0,,m2:random_3_regular:n8:p3:g2028:a0,8,3,0.030333,338329600.0,0.107708,8,4096,,OK,warm_single,22.841874999999998,20.711459
0.139667,statevector,335642624.0,1,d82ffce26638661cf0273f385cb8a83c7e5a661b1bdb1693980153518c86abe3,1.87725,random_3_regular,49152.0,,m2:random_3_regular:n8:p3:g2028:a1,8,3,0.03025,338378752.0,0.109709,9,4096,,OK,warm_single,22.895583999999996,20.738708
0.510917,statevector,,1,,4.116917,random_3_regular,,0.062417,,10,1,0.154958,,0.113542,,4096,,,cold_start,31.51421,26.555459
0.501375,statevector,335740928.0,1,8c17447a8e139ef59c1b6d3e0b13a63c9cc49fd0da5a2886adf110f7e8c0a484,3.787917,random_3_regular,16384.0,,m2:random_3_regular:n10:p1:g2026:a0,10,1,0.143875,338329600.0,0.076542,0,4096,,OK,warm_single,25.008542000000002,20.498833
0.134458,statevector,335740928.0,1,e56e40725a0dbddc0f506a5984f7b28ec738975963c5af3468f1c8ded5a5db32,3.7785,random_3_regular,16384.0,,m2:random_3_regular:n10:p1:g2026:a1,10,1,0.027708,338345984.0,0.072167,1,4096,,OK,warm_single,24.3735,20.360667
0.332709,statevector,335740928.0,1,f24f42a67fc70fe5d90eb51c959a2340de8934820b5d9689de4dd6d4f2e2715a,3.75725,random_3_regular,0.0,,m2:random_3_regular:n10:p1:g2026:a2,10,1,0.092458,338345984.0,0.062667,2,4096,,OK,warm_single,24.604917,20.359833
0.278167,statevector,335740928.0,1,42c381643582d02f54118f0c564ebd3d1c92a54c480b21b6404f01d3761e60a0,3.74475,random_3_regular,32768.0,,m2:random_3_regular:n10:p1:g2026:a3,10,1,0.072167,338378752.0,0.071333,3,4096,,OK,warm_single,24.619958999999998,20.453542
0.519417,statevector,335740928.0,1,ab4d0b367190e36b21f5906a654760065c5acbbd6dba03ac3854a21f9ece767f,3.725042,random_3_regular,16384.0,,m2:random_3_regular:n10:p1:g2027:a0,10,1,0.155042,338395136.0,0.063125,4,4096,,OK,warm_single,24.780626,20.318
0.142292,statevector,335740928.0,1,c322fbc2932a49350c3733aaeb0f77bc66f03b02828b76156d28249f51f21e75,3.778208,random_3_regular,65536.0,,m2:random_3_regular:n10:p1:g2027:a1,10,1,0.031708,338460672.0,0.072417,5,4096,,OK,warm_single,24.871708,20.847083
0.311292,statevector,335740928.0,1,ae3ca7658d16acadab042a260c8042ffc079b82307bac359429ca11ecae035ec,3.767459,random_3_regular,0.0,,m2:random_3_regular:n10:p1:g2027:a2,10,1,0.0975,338460672.0,0.065708,6,4096,,OK,warm_single,25.263293,21.021334
0.303542,statevector,335740928.0,1,c1f2e9240143deccbc0b2eea891d050b89e2849a6562d8527b0b5b38c0966bab,3.779625,random_3_regular,32768.0,,m2:random_3_regular:n10:p1:g2027:a3,10,1,0.079667,338493440.0,0.074125,7,4096,,OK,warm_single,25.043167999999998,20.806209
0.519834,statevector,335740928.0,1,13eda4dccf918974d71d9c3f4606f2b4e76fe67c2dc2bd0cee22899b6c08d390,3.822875,random_3_regular,16384.0,,m2:random_3_regular:n10:p1:g2028:a0,10,1,0.164583,338509824.0,0.067875,8,4096,,OK,warm_single,25.405626,20.830459
0.519625,statevector,335740928.0,1,08885a035ba38a65dce3a9853cc57a978e3d3d6eb323a61fbe9b00f103356e87,3.855541,random_3_regular,32768.0,,m2:random_3_regular:n10:p1:g2028:a1,10,1,0.146667,338542592.0,0.081333,9,4096,,OK,warm_single,25.721833,21.118667
0.528,statevector,,1,,4.2875,random_3_regular,,0.070125,,10,2,0.15475,,0.157459,,4096,,,cold_start,31.236417,26.038583
0.491291,statevector,335691776.0,1,99b89baccddacbfa36cd2934bf955a8d88da189ad662ef71a61280e33cbebd80,3.975291,random_3_regular,32768.0,,m2:random_3_regular:n10:p2:g2026:a0,10,2,0.151792,338313216.0,0.105667,0,4096,,OK,warm_single,25.56675,20.842709
0.487208,statevector,335691776.0,1,dfde5edfe3b0ab9f4e6755036edc7c5540da880c2916f121e6af4c62288eaf4f,3.958416,random_3_regular,16384.0,,m2:random_3_regular:n10:p2:g2026:a1,10,2,0.14925,338329600.0,0.106167,1,4096,,OK,warm_single,25.416999999999998,20.715959
0.396625,statevector,335691776.0,1,0959b808f276199ccc0c4bd852e1c56e2f1868761202cf554c5c2ce8a4dcced9,3.915292,random_3_regular,0.0,,m2:random_3_regular:n10:p2:g2026:a2,10,2,0.118,338329600.0,0.100334,2,4096,,OK,warm_single,25.142792,20.612541
0.429417,statevector,335691776.0,1,cf5868c7a6aab71435ba8a8afc6bd77a3fa7c78e34b67fdbdf63ad152a73a260,3.951,random_3_regular,32768.0,,m2:random_3_regular:n10:p2:g2026:a3,10,2,0.119416,338362368.0,0.09925,3,4096,,OK,warm_single,25.255500000000005,20.656417
0.501291,statevector,335691776.0,1,a76866ad82c2fc76c2e6ced54ac9befca2a57215b01800094e1d66a4e601bf0a,4.071667,random_3_regular,32768.0,,m2:random_3_regular:n10:p2:g2027:a0,10,2,0.156625,338395136.0,0.097875,4,4096,,OK,warm_single,25.18729099999999,20.359833
0.499667,statevector,335691776.0,1,ee9a4b32f22e48030ca2e55e5b1455f1568f748077c1bd1216592298c5740779,3.90925,random_3_regular,65536.0,,m2:random_3_regular:n10:p2:g2027:a1,10,2,0.148834,338460672.0,0.101875,5,4096,,OK,warm_single,24.812168,20.152542
0.379375,statevector,335691776.0,1,16207ce89e3bfe1e9b078cdf941908b13ac2f085b455fdb382adb9b87682a418,3.843584,random_3_regular,32768.0,,m2:random_3_regular:n10:p2:g2027:a2,10,2,0.112,338493440.0,0.09975,6,4096,,OK,warm_single,24.501666999999998,20.066958
0.446125,statevector,335691776.0,1,b10a1a1b005e606609345874a9f11652aa30323d8600f18944c47c7c076e382b,3.912459,random_3_regular,16384.0,,m2:random_3_regular:n10:p2:g2027:a3,10,2,0.121042,338509824.0,0.102333,7,4096,,OK,warm_single,25.286126000000003,20.704167
0.513208,statevector,335691776.0,1,39ae5d639831d34656c002dcd834d45b7c6262e97e2489da92640b67f0ff359e,3.962958,random_3_regular,49152.0,,m2:random_3_regular:n10:p2:g2028:a0,10,2,0.1535,338558976.0,0.098958,8,4096,,OK,warm_single,25.457041,20.728417
0.5095,statevector,335691776.0,1,33818c821840350dc58948d05ebc6e939c52687c186e5ce1b4e16dfed490d24f,3.974583,random_3_regular,0.0,,m2:random_3_regular:n10:p2:g2028:a1,10,2,0.148084,338558976.0,0.0995,9,4096,,OK,warm_single,25.414624999999997,20.682958
0.499167,statevector,,1,,4.444917,random_3_regular,,0.06775,,10,3,0.153125,,0.173042,,4096,,,cold_start,31.515209,26.177208
0.486292,statevector,335642624.0,1,3eeccaa095c2b2fcef7610934cbc81415712cf7e5f915a7e63d7a162166f25a1,4.071708,random_3_regular,32768.0,,m2:random_3_regular:n10:p3:g2026:a0,10,3,0.1475,338231296.0,0.121458,0,4096,,OK,warm_single,24.873791,20.046833
0.020292,statevector,335642624.0,1,27affb74989b2cfa1753436dc95dec8d97e0701535fd86d51342a13af2722c35,4.03,random_3_regular,16384.0,,m2:random_3_regular:n10:p3:g2026:a1,10,3,0.002125,338247680.0,0.125042,1,4096,,OK,warm_single,24.353376,20.175917
0.370667,statevector,335642624.0,1,09604831017d0289832d4f02f9eeed4dfdb6970e751afaf5e824ea831a5bcae4,4.031,random_3_regular,49152.0,,m2:random_3_regular:n10:p3:g2026:a2,10,3,0.107458,338296832.0,0.118834,2,4096,,OK,warm_single,24.692251,20.064292
0.36825,statevector,335642624.0,1,3cfd82589ae43d74c40460aced970103061eb48df07b4914cbdf06ed632c616c,4.082875,random_3_regular,65536.0,,m2:random_3_regular:n10:p3:g2026:a3,10,3,0.1055,338362368.0,0.134292,3,4096,,OK,warm_single,24.962833999999997,20.271917
0.512458,statevector,335642624.0,1,0b6c77357d78111d117762ba88ab6c246f5d1a383e8d968b223c327c38758b27,4.029542,random_3_regular,32768.0,,m2:random_3_regular:n10:p3:g2027:a0,10,3,0.152584,338395136.0,0.1235,4,4096,,OK,warm_single,24.783834,19.96575
0.019583,statevector,335642624.0,1,d9c0100e503afa3f35a0b0953e149de51bc0a7bb6e60956a2d36540b3f1bb24a,3.999542,random_3_regular,49152.0,,m2:random_3_regular:n10:p3:g2027:a1,10,3,0.002167,338444288.0,0.126459,5,4096,,OK,warm_single,24.390960000000003,20.243209
0.323959,statevector,335642624.0,1,cd2fa22b00409c2a5b6f25552a4dd16fcaf41bcb64733d0c6fc2a66408bc3ace,3.987041,random_3_regular,32768.0,,m2:random_3_regular:n10:p3:g2027:a2,10,3,0.087667,338477056.0,0.116542,6,4096,,OK,warm_single,24.686293,20.171084
0.372,statevector,335642624.0,1,77791a90d1f87886355518b297011c2081f6accee39f2c2d0e7e5040561f1bfd,4.015333,random_3_regular,49152.0,,m2:random_3_regular:n10:p3:g2027:a3,10,3,0.101875,338526208.0,0.12225,7,4096,,OK,warm_single,24.751790999999997,20.140333
0.505208,statevector,335642624.0,1,3107524e24c3feee6fbe8a65e7810f9812068aee0ace9046d8a6846dbfe705c7,4.033042,random_3_regular,16384.0,,m2:random_3_regular:n10:p3:g2028:a0,10,3,0.156083,338542592.0,0.136292,8,4096,,OK,warm_single,25.82875,20.998125
0.4945,statevector,335642624.0,1,35360a87c6942c5b295f879cc1ca7e5732cec9599f8c750d5df34e6b645af8b6,4.085542,random_3_regular,65536.0,,m2:random_3_regular:n10:p3:g2028:a1,10,3,0.152417,338608128.0,0.12475,9,4096,,OK,warm_single,25.642666999999996,20.785458
1.328458,statevector,,1,,4.547125,random_3_regular,,0.075708,,12,1,0.518875,,0.130875,,4096,,,cold_start,32.789999,26.188958
1.257792,statevector,335478784.0,1,6367fdf1a60fbb8c97f3eb7ddcd4b9bfda1077e23fb77fc249e6ba217ee2068e,4.138125,random_3_regular,16384.0,,m2:random_3_regular:n12:p1:g2026:a0,12,1,0.443666,338165760.0,0.080292,0,4096,,OK,warm_single,26.048083,20.128208
0.147416,statevector,335478784.0,1,9ddb13db88293be9ae97fb6bf5babbc8fec0b8153fc44c5b86b90a5cab495ba2,4.146041,random_3_regular,32768.0,,m2:random_3_regular:n12:p1:g2026:a1,12,1,0.032625,338198528.0,0.077209,1,4096,,OK,warm_single,24.499665999999998,20.096375
0.701125,statevector,335478784.0,1,25f703950c62458287352531070eb146ad8efaf12c69c0e3669db48379e0b7da,4.461166,random_3_regular,49152.0,,m2:random_3_regular:n12:p1:g2026:a2,12,1,0.205584,338247680.0,0.082416,2,4096,,OK,warm_single,26.244875,20.794584
0.65925,statevector,335478784.0,1,b8e73ec1d661111ae55f12ace0ffdac1ea48c95d94f87919af7c7d721f12d808,4.068833,random_3_regular,16384.0,,m2:random_3_regular:n12:p1:g2026:a3,12,1,0.206084,338264064.0,0.138125,3,4096,,OK,warm_single,25.22825,20.155958
1.309209,statevector,335478784.0,1,59739e009b7506f9dff3ddb59bdc673541c4d94bf527fa7078efc9d2473d7779,4.201875,random_3_regular,49152.0,,m2:random_3_regular:n12:p1:g2027:a0,12,1,0.460625,338313216.0,0.081458,4,4096,,OK,warm_single,26.560250000000003,20.507083
1.270458,statevector,335478784.0,1,8db38367f0c4db7fdfa9ac601084c6c9fa68748c6589098aaf3ef0fde9173ee1,4.206542,random_3_regular,147456.0,,m2:random_3_regular:n12:p1:g2027:a1,12,1,0.464834,338460672.0,0.081167,5,4096,,OK,warm_single,26.600459,20.577458
0.654292,statevector,335478784.0,1,79ce16f42779d948a05f85de99589f79f93aaf2135844a02ae584bc8cf2212cc,4.110167,random_3_regular,16384.0,,m2:random_3_regular:n12:p1:g2027:a2,12,1,0.20575,338477056.0,0.079375,6,4096,,OK,warm_single,25.476293,20.426709
0.595334,statevector,335478784.0,1,205a64c03e37fd033567ebf04959aeede447931a9eaf40c97297691a12be9ebf,4.071333,random_3_regular,32768.0,,m2:random_3_regular:n12:p1:g2027:a3,12,1,0.165791,338509824.0,0.0895,7,4096,,OK,warm_single,24.987958,20.066
1.256,statevector,335478784.0,1,de04585fb64daae08b078d227754869581c349d327211239fe83f78f46c3a6cb,4.0855,random_3_regular,32768.0,,m2:random_3_regular:n12:p1:g2028:a0,12,1,0.444792,338542592.0,0.077042,8,4096,,OK,warm_single,26.021041999999998,20.157708
0.519542,statevector,335478784.0,1,207d8052edcf168d945dbacb1b8f784d090a3eb0f10482dc1a67fcd571a2d1b0,4.049292,random_3_regular,65536.0,,m2:random_3_regular:n12:p1:g2028:a1,12,1,0.153833,338608128.0,0.079958,9,4096,,OK,warm_single,24.809666000000004,20.007041
1.331458,statevector,,1,,4.921166,random_3_regular,,0.06425,,12,2,0.525625,,0.158666,,4096,,,cold_start,32.748456,25.747291
1.277625,statevector,335986688.0,1,50d923e9021bfaf93949635f98595731cdc2f1bbd760d47c6b850995f0e0c6a9,4.482375,random_3_regular,49152.0,,m2:random_3_regular:n12:p2:g2026:a0,12,2,0.44475,338657280.0,0.122583,0,4096,,OK,warm_single,26.327208,19.999875
1.259583,statevector,335986688.0,1,fb8d325c498313c0f241e5206abc356e3d2b709f8d1adacad2a175ab48383e17,4.55375,random_3_regular,32768.0,,m2:random_3_regular:n12:p2:g2026:a1,12,2,0.439166,338690048.0,0.11525,1,4096,,OK,warm_single,26.31754,19.949791
0.914083,statevector,335986688.0,1,09ccd9f0affe01a29ae5050e68a3aee3d133ffb72de5c5318eb0a62ffda55f74,4.500792,random_3_regular,49152.0,,m2:random_3_regular:n12:p2:g2026:a2,12,2,0.298292,338739200.0,0.111958,2,4096,,OK,warm_single,25.681875000000005,19.85675
0.976459,statevector,335986688.0,1,90fe94e1c4b10b9f5099a52e612f119d511d0ad182adf81d53652a74912d2fb5,4.511542,random_3_regular,65536.0,,m2:random_3_regular:n12:p2:g2026:a3,12,2,0.327917,338804736.0,0.112291,3,4096,,OK,warm_single,25.780083999999995,19.851875
1.280125,statevector,335986688.0,1,801cef68bc83e1317ab0d03831e74c165a49c41e3b2cf68f2c7ef77db0a7455e,4.417667,random_3_regular,65536.0,,m2:random_3_regular:n12:p2:g2027:a0,12,2,0.446625,338870272.0,0.11175,4,4096,,OK,warm_single,25.994083999999997,19.737917
1.247542,statevector,335986688.0,1,08ff4c249f0fb3528649c65050854c87a24b50ac0e91f81e6266236628ef3c3a,4.490416,random_3_regular,65536.0,,m2:random_3_regular:n12:p2:g2027:a1,12,2,0.444083,338935808.0,0.112417,5,4096,,OK,warm_single,26.199624,19.905166
0.913541,statevector,335986688.0,1,b78eaf9e2ce25c2624e2fa29cb4510434366a92cdea469f56c45d49064ae1b9c,4.41575,random_3_regular,16384.0,,m2:random_3_regular:n12:p2:g2027:a2,12,2,0.30725,338952192.0,0.111083,6,4096,,OK,warm_single,25.689749,19.942125
0.999583,statevector,335986688.0,1,6e599060551855292897bd671098ab7dbefcc2e2473f5c17a8b124ab0b89500a,4.405208,random_3_regular,65536.0,,m2:random_3_regular:n12:p2:g2027:a3,12,2,0.341583,339017728.0,0.110458,7,4096,,OK,warm_single,25.636041000000006,19.779209
1.269333,statevector,335986688.0,1,5b6d467b00f8ab34e74997af470a33ec0c0baec5a219c80a9113d0dd98c784a4,4.403542,random_3_regular,49152.0,,m2:random_3_regular:n12:p2:g2028:a0,12,2,0.455167,339066880.0,0.117458,8,4096,,OK,warm_single,26.567457999999995,20.321958
0.135542,statevector,335986688.0,1,7dcebb930a76afa3a12f865dd206187a6f4a5b4ba1613b34005f3366aab25a2f,4.467541,random_3_regular,49152.0,,m2:random_3_regular:n12:p2:g2028:a1,12,2,0.033333,339116032.0,0.118,9,4096,,OK,warm_single,25.066166,20.31175
1.334125,statevector,,1,,5.121125,random_3_regular,,0.076584,,12,3,0.508708,,0.226,,4096,,,cold_start,34.155083999999995,26.888542
1.291792,statevector,335544320.0,1,411c9c682947fe472ac06c7be1f67d7735f0781128b92f8b2091437c0b772c01,4.718958,random_3_regular,65536.0,,m2:random_3_regular:n12:p3:g2026:a0,12,3,0.466334,338313216.0,0.154959,0,4096,,OK,warm_single,27.645418000000003,21.013375
1.286792,statevector,335544320.0,1,1a857a84524b86ac1a71e9e333428b6334830be602ff9bdc7552448d656a300d,4.897541,random_3_regular,49152.0,,m2:random_3_regular:n12:p3:g2026:a1,12,3,0.455916,338362368.0,0.153416,1,4096,,OK,warm_single,27.676872999999997,20.883208
0.678083,statevector,335544320.0,1,a124f4f8f96972fdfb66b7c68aaa7d12b60c8c476cef8b98cd82de09a42f485d,4.750667,random_3_regular,65536.0,,m2:random_3_regular:n12:p3:g2026:a2,12,3,0.209625,338427904.0,0.14925,2,4096,,OK,warm_single,26.651374999999998,20.86375
0.818917,statevector,335544320.0,1,67cbee250d75b4d46bdebb6c5514cb3ce9df9d4e0edca80740c3976ebdfc5ff2,4.813333,random_3_regular,65536.0,,m2:random_3_regular:n12:p3:g2026:a3,12,3,0.267209,338493440.0,0.148042,3,4096,,OK,warm_single,26.494668,20.447167
1.287875,statevector,335544320.0,1,226805621d138f50fe4c587c4593c7a1a11ff5ef9cdc01db781257c90b14132e,4.675125,random_3_regular,32768.0,,m2:random_3_regular:n12:p3:g2027:a0,12,3,0.4595,338526208.0,0.143625,4,4096,,OK,warm_single,27.032375,20.46625
1.311708,statevector,335544320.0,1,223963958dc07222a87c2922e4fbec5f0f9125257da772e12a6f73544dbf3269,4.819583,random_3_regular,81920.0,,m2:random_3_regular:n12:p3:g2027:a1,12,3,0.460833,338608128.0,0.154709,5,4096,,OK,warm_single,27.258166,20.511333
0.757458,statevector,335544320.0,1,0d6ea3b3d492e82ebbdf067284df1a63c6ad216cead442dd1c9bf620baca18a5,4.810625,random_3_regular,65536.0,,m2:random_3_regular:n12:p3:g2027:a2,12,3,0.24175,338673664.0,0.147875,6,4096,,OK,warm_single,26.805916999999997,20.848209
0.849542,statevector,335544320.0,1,cb8756af6f8a58dc482630aecdf70e569edd45fcc1267c6d950d757e791f172b,4.802,random_3_regular,32768.0,,m2:random_3_regular:n12:p3:g2027:a3,12,3,0.283959,338706432.0,0.145709,7,4096,,OK,warm_single,26.953626999999997,20.872417
1.289708,statevector,335544320.0,1,cd40af6a0513e5ecc58be9198b51dbb2276b269264aaa04f433cc6395d82a5f8,4.697125,random_3_regular,65536.0,,m2:random_3_regular:n12:p3:g2028:a0,12,3,0.462291,338771968.0,0.143625,8,4096,,OK,warm_single,27.440458,20.847709
1.303291,statevector,335544320.0,1,b20deb7bceb9e964a6f56ee77c6d15f91fcfe0f3e0ff700716fd92053d7049af,4.947959,random_3_regular,32768.0,,m2:random_3_regular:n12:p3:g2028:a1,12,3,0.454375,338804736.0,0.156,9,4096,,OK,warm_single,28.099125,21.2375
1.846167,statevector,,1,,5.436,random_3_regular,,0.071417,,14,1,0.735708,,0.146291,,4096,,,cold_start,34.863208,26.627625
1.81,statevector,336035840.0,1,6a14913778304a3ca5dde6737e2f00d963696177ee342d054a5e91007ce1a256,5.044917,random_3_regular,16384.0,,m2:random_3_regular:n14:p1:g2026:a0,14,1,0.661958,339066880.0,0.089916,0,4096,,OK,warm_single,27.939707999999992,20.332917
1.298417,statevector,336035840.0,1,a08f3fdb6ae9f643757ed48b2b74825a2ce920ddb2a50fe5d335580fd3c77482,5.208583,random_3_regular,49152.0,,m2:random_3_regular:n14:p1:g2026:a1,14,1,0.449,339116032.0,0.089209,1,4096,,OK,warm_single,27.207250000000002,20.162041
1.048041,statevector,336035840.0,1,2c43653b661bdd802e6c9f41877fb424daee5d8a5a118c63fcd7fa32a2f40201,5.184333,random_3_regular,32768.0,,m2:random_3_regular:n14:p1:g2026:a2,14,1,0.357042,339148800.0,0.089833,2,4096,,OK,warm_single,27.35004,20.670791
1.066625,statevector,336035840.0,1,f946386aded359b79bdfabe6248ebe6378d422c01d09658d8ecfbd3c1e0c1930,5.138375,random_3_regular,49152.0,,m2:random_3_regular:n14:p1:g2026:a3,14,1,0.356625,339197952.0,0.087833,3,4096,,OK,warm_single,27.443915999999998,20.794458
1.811,statevector,336035840.0,1,e558d75ff216fc3833ed3513ac2c81508f6ce84c77311f1e831961a5eaef091e,5.003417,random_3_regular,81920.0,,m2:random_3_regular:n14:p1:g2027:a0,14,1,0.6565,339279872.0,0.089334,4,4096,,OK,warm_single,27.715210000000003,20.154959
1.294917,statevector,336035840.0,1,07e6a54342fe34b99ed6a85f89fa7f144f9f6856f7a255a904141637db85b7cb,5.185417,random_3_regular,0.0,,m2:random_3_regular:n14:p1:g2027:a1,14,1,0.44575,339279872.0,0.087292,5,4096,,OK,warm_single,27.224626000000004,20.21125
1.08725,statevector,336035840.0,1,bacedc0bccd3e87460a1094e14f12a56f30bd467ba6fa2e8f72bcddb9c136997,5.118625,random_3_regular,49152.0,,m2:random_3_regular:n14:p1:g2027:a2,14,1,0.370917,339329024.0,0.083,6,4096,,OK,warm_single,26.827541999999998,20.16775
1.089166,statevector,336035840.0,1,b52359198c5196fff4609cb2a97cbbd3de7d4d7c80b284d17377a25293fd7efe,5.251167,random_3_regular,65536.0,,m2:random_3_regular:n14:p1:g2027:a3,14,1,0.36225,339394560.0,0.092,7,4096,,OK,warm_single,27.727749999999997,20.933167
1.84,statevector,336035840.0,1,ded379b39c4b26df293620b37cd8de85f85b4939a35763e436d77ad7f2a8a0d9,5.017292,random_3_regular,32768.0,,m2:random_3_regular:n14:p1:g2028:a0,14,1,0.678584,339427328.0,0.086542,8,4096,,OK,warm_single,28.180876000000005,20.558458
1.336333,statevector,336035840.0,1,3ddd2f2cd15c9cb82cd7a5b25346bc3496bc974fc0f33a1cb5e072404b870f10,5.2395,random_3_regular,49152.0,,m2:random_3_regular:n14:p1:g2028:a1,14,1,0.454042,339476480.0,0.094458,9,4096,,OK,warm_single,28.005499,20.881166
1.890459,statevector,,1,,6.209833,random_3_regular,,0.071333,,14,2,0.742917,,0.177833,,4096,,,cold_start,35.886666999999996,26.794292
1.814,statevector,335577088.0,1,062d0fe6b817e4a8b7ec21904ca8d863e27ed26a7f4ba0b91ffe0742e4be724e,5.712083,random_3_regular,32768.0,,m2:random_3_regular:n14:p2:g2026:a0,14,2,0.66075,338722816.0,0.129084,0,4096,,OK,warm_single,28.800957999999998,20.485041
1.805417,statevector,335577088.0,1,fecb9bea943ba5fd3d7654ba48b53c3bdbea1b6b341a6f2377f4e377025d31fd,6.339,random_3_regular,16384.0,,m2:random_3_regular:n14:p2:g2026:a1,14,2,0.656542,338739200.0,0.125084,1,4096,,OK,warm_single,29.321293000000004,20.39525
1.46525,statevector,335577088.0,1,3ba7e09547b6544d00ccc4f6587f220e995b62e6be344694acde7fd2f1bc0ce5,6.196875,random_3_regular,49152.0,,m2:random_3_regular:n14:p2:g2026:a2,14,2,0.525708,338788352.0,0.132458,2,4096,,OK,warm_single,28.757332,20.437041
1.59425,statevector,335577088.0,1,cec1a81a574e9d174edb31aa4565f6eecdbbc46fd2f73935d7a9a1255ed25aa8,6.378167,random_3_regular,65536.0,,m2:random_3_regular:n14:p2:g2026:a3,14,2,0.587042,338853888.0,0.129875,3,4096,,OK,warm_single,29.676792,20.987458
1.824042,statevector,335577088.0,1,9a7b3d9eea79ad0b98334b093ac179c93ebd9f205fd2583733da740f3212719f,5.678625,random_3_regular,81920.0,,m2:random_3_regular:n14:p2:g2027:a0,14,2,0.66525,338935808.0,0.132792,4,4096,,OK,warm_single,28.715918,20.415209
1.847875,statevector,335577088.0,1,9260c9fb6fafb74ea1c0398603a459c1c1e111f14381c6afc03b15140aa34f0e,6.296167,random_3_regular,32768.0,,m2:random_3_regular:n14:p2:g2027:a1,14,2,0.674958,338968576.0,0.125334,5,4096,,OK,warm_single,29.467875,20.523541
1.506667,statevector,335577088.0,1,8a465f5c69ec8d2b328421110b4acecb0992dff0c38bd78963c61427c5c05af4,6.187208,random_3_regular,49152.0,,m2:random_3_regular:n14:p2:g2027:a2,14,2,0.533666,339017728.0,0.132708,6,4096,,OK,warm_single,28.792666,20.432417
1.637375,statevector,335577088.0,1,01564c83a9ae3fbcbe83507d52c4fefb151204d6f2b4ac96cdc25ed7dd421409,6.351542,random_3_regular,49152.0,,m2:random_3_regular:n14:p2:g2027:a3,14,2,0.5805,339066880.0,0.126166,7,4096,,OK,warm_single,29.205875,20.510292
1.847917,statevector,335577088.0,1,0aa2daa3fc531ece3f71240fa51f6c35ec365473698955254fe83b1707070153,5.734667,random_3_regular,32768.0,,m2:random_3_regular:n14:p2:g2028:a0,14,2,0.664833,339099648.0,0.123,8,4096,,OK,warm_single,28.762667000000004,20.39225
1.800458,statevector,335577088.0,1,81a440af68727686b67f6199fc43746f7b8575ae4327b04633ce58272c3f6025,6.34675,random_3_regular,49152.0,,m2:random_3_regular:n14:p2:g2028:a1,14,2,0.655209,339148800.0,0.125792,9,4096,,OK,warm_single,29.162001,20.233792
1.844791,statevector,,1,,6.99225,random_3_regular,,0.071791,,14,3,0.738875,,0.220917,,4096,,,cold_start,36.810666,26.942042
1.813458,statevector,335642624.0,1,1d9ae642d2340ff0c7431667eb586e2b2ee07f9557cfd611fa8c0247b86bcbdd,6.46175,random_3_regular,65536.0,,m2:random_3_regular:n14:p3:g2026:a0,14,3,0.669083,338657280.0,0.169542,0,4096,,OK,warm_single,30.146333000000002,21.0325
1.830708,statevector,335642624.0,1,6f5d2237f763662b22361ae00d8bafa6cfbf9795a7cf78d0141116b2913556a5,7.326875,random_3_regular,81920.0,,m2:random_3_regular:n14:p3:g2026:a1,14,3,0.681375,338739200.0,0.167209,1,4096,,OK,warm_single,31.046292,21.040125
1.095125,statevector,335642624.0,1,c1dac8f4926b1865ff7959ac3a978ae760575a7fc651b1251c06ccbae732519b,7.217709,random_3_regular,49152.0,,m2:random_3_regular:n14:p3:g2026:a2,14,3,0.37225,338788352.0,0.166667,2,4096,,OK,warm_single,29.901417,21.049666
1.297791,statevector,335642624.0,1,91b69a105bf9735e8cfd6ababe5f666bc8a41e6c6fe2d37e8df2a190532581c7,7.164958,random_3_regular,65536.0,,m2:random_3_regular:n14:p3:g2026:a3,14,3,0.450209,338853888.0,0.165,3,4096,,OK,warm_single,29.928666000000003,20.850708
1.804417,statevector,335642624.0,1,03e042683d729bcb8f642c47267affd3edab055345e75060905786b493c985c2,6.468083,random_3_regular,81920.0,,m2:random_3_regular:n14:p3:g2027:a0,14,3,0.652583,338935808.0,0.170125,4,4096,,OK,warm_single,29.673958,20.57875
1.840416,statevector,335642624.0,1,d7636a848bd38347d218f2542ab13aa2497b8c44114927bdef514be773db6835,7.283084,random_3_regular,65536.0,,m2:random_3_regular:n14:p3:g2027:a1,14,3,0.683667,339001344.0,0.166,5,4096,,OK,warm_single,30.527292,20.554125
1.0765,statevector,335642624.0,1,9f1f64de5a10799ba0330c84b55c559bc15ef9166a32ca45ea645400e9f87617,7.392792,random_3_regular,49152.0,,m2:random_3_regular:n14:p3:g2027:a2,14,3,0.347,339050496.0,0.169291,6,4096,,OK,warm_single,29.861250000000002,20.875667
1.344084,statevector,335642624.0,1,fa94f2238ff9b71ea77ba313f966479296b1ad7a717e1a8fe3d388db8cafe3b2,7.194542,random_3_regular,81920.0,,m2:random_3_regular:n14:p3:g2027:a3,14,3,0.471959,339132416.0,0.173583,7,4096,,OK,warm_single,29.736127000000003,20.551959
1.830958,statevector,335642624.0,1,fe9a62590d37a8fe664070476831fe725a32d1eedf3c1d5bbb1104822e91064b,6.433541,random_3_regular,65536.0,,m2:random_3_regular:n14:p3:g2028:a0,14,3,0.658417,339197952.0,0.166375,8,4096,,OK,warm_single,29.565915999999998,20.476625
0.146958,statevector,335642624.0,1,042c5fa2f1ed99098df38d0967e16f048e9554a719c0e9b00b6363195b3542f3,7.040416,random_3_regular,98304.0,,m2:random_3_regular:n14:p3:g2028:a1,14,3,0.033167,339296256.0,0.165208,9,4096,,OK,warm_single,27.766582,20.380833
2.076666,statevector,,1,,8.704291,random_3_regular,,0.0655,,16,1,0.871125,,0.142167,,4096,,,cold_start,39.417374,27.557625
1.990791,statevector,335527936.0,1,cdb456b64164a698e6ea956dc06fe4fc504ed1cef5d561c50bc40a05d4e11349,7.982417,random_3_regular,32768.0,,m2:random_3_regular:n16:p1:g2026:a0,16,1,0.858333,338771968.0,0.096875,0,4096,,OK,warm_single,32.106833,21.178417
2.007583,statevector,335527936.0,1,42dca2ba77f7b0ab66826cacde38cea14a1706507cc4e91da47de6407a87e86a,8.804333,random_3_regular,0.0,,m2:random_3_regular:n16:p1:g2026:a1,16,1,0.862667,338771968.0,0.105459,1,4096,,OK,warm_single,32.752459,20.972417
1.521542,statevector,335527936.0,1,8064325540970d0cff7ae8bcc4add3486878cd20c6e93599075127206c34086a,8.639917,random_3_regular,32768.0,,m2:random_3_regular:n16:p1:g2026:a2,16,1,0.560542,338804736.0,0.104208,2,4096,,OK,warm_single,31.643293000000003,20.817084
1.358417,statevector,335527936.0,1,efb9a3b50d07a0acd09e6c56ade4a4499f162c005054d03c716ae815842e9d63,8.822792,random_3_regular,65536.0,,m2:random_3_regular:n16:p1:g2026:a3,16,1,0.498083,338870272.0,0.09575,3,4096,,OK,warm_single,31.446084,20.671042
1.994541,statevector,335527936.0,1,384ff5597d2e7470597ecb13f59d00fc39ff81bcc5db82741843786c43d66ccb,8.473208,random_3_regular,81920.0,,m2:random_3_regular:n16:p1:g2027:a0,16,1,0.876125,338952192.0,0.09875,4,4096,,OK,warm_single,32.192041,20.749417
1.324791,statevector,335527936.0,1,67cc9355df7b9dfc0ff4319835af967c35e126833acd0400c74b19efa480ccd0,8.851167,random_3_regular,0.0,,m2:random_3_regular:n16:p1:g2027:a1,16,1,0.484542,338952192.0,0.093917,5,4096,,OK,warm_single,31.354667000000003,20.60025
1.575209,statevector,335527936.0,1,03baf90725897f04896da8504371aac4b2e2bb390b042adc01fb5d9261553756,8.912875,random_3_regular,0.0,,m2:random_3_regular:n16:p1:g2027:a2,16,1,0.590417,338952192.0,0.100375,6,4096,,OK,warm_single,32.411835,21.232959
1.371208,statevector,335527936.0,1,c1f2af5eba25a7a554ef202ea942e454d071c58813ca5f7c2816fa376a398a49,8.820083,random_3_regular,32768.0,,m2:random_3_regular:n16:p1:g2027:a3,16,1,0.490208,338984960.0,0.099042,7,4096,,OK,warm_single,31.913624,21.133083
1.998667,statevector,335527936.0,1,bd8bf1dd63c0a10833589fa95a4eaec85093ad587f37397ca52b0e5831a27e98,8.273833,random_3_regular,65536.0,,m2:random_3_regular:n16:p1:g2028:a0,16,1,1.486416,339050496.0,0.093667,8,4096,,OK,warm_single,32.560416000000004,20.707833
1.812417,statevector,335527936.0,1,46a5e73940ca5aa760e0d3301f39419bc7ba56657f44299b455d30f2d8555aba,8.798791,random_3_regular,0.0,,m2:random_3_regular:n16:p1:g2028:a1,16,1,0.686041,339050496.0,0.098167,9,4096,,OK,warm_single,32.193624,20.798208
2.053583,statevector,,1,,10.4845,random_3_regular,,0.071083,,16,2,0.861542,,0.201167,,4096,,,cold_start,40.984916000000005,27.313041
2.012291,statevector,335413248.0,1,ff09d3d588bf7ab5a3f2ded510f3802033cd267f9867677a88ec4cfb2e4343fc,10.325708,random_3_regular,49152.0,,m2:random_3_regular:n16:p2:g2026:a0,16,2,0.8895,338788352.0,0.145083,0,4096,,OK,warm_single,34.414832,21.04225
2.01975,statevector,335413248.0,1,4332b90651209d094f9c36c4d38a7b0a71eac87b435c8e97e07f3c8b1e10af59,12.188375,random_3_regular,0.0,,m2:random_3_regular:n16:p2:g2026:a1,16,2,0.887917,338788352.0,0.140167,1,4096,,OK,warm_single,36.29458400000001,21.058375
1.904375,statevector,335413248.0,1,178b35fe69e81b1d0bec12a5885553be565fda0d3e2f8d94c3e34062df6de0f9,12.25875,random_3_regular,32768.0,,m2:random_3_regular:n16:p2:g2026:a2,16,2,0.737125,338821120.0,0.144208,2,4096,,OK,warm_single,36.417125,21.372667
1.963417,statevector,335413248.0,1,52979eefb20903460ba0a97044b72aa237acea6b97a624ca3d97335dc0206549,12.148166,random_3_regular,65536.0,,m2:random_3_regular:n16:p2:g2026:a3,16,2,0.754167,338886656.0,0.142875,3,4096,,OK,warm_single,36.145334000000005,21.136709
2.047666,statevector,335413248.0,1,0c4e19191578ade8719f07aaed6b7b779d78cc04437f0af226921709f1dbfa17,10.219917,random_3_regular,98304.0,,m2:random_3_regular:n16:p2:g2027:a0,16,2,0.91675,338984960.0,0.139208,4,4096,,OK,warm_single,34.440833,21.117292
2.055875,statevector,335413248.0,1,58cd2b4548325aa1997054a1079f4101d1e1dbc027381485dfdd9b2b3148a35f,12.3525,random_3_regular,0.0,,m2:random_3_regular:n16:p2:g2027:a1,16,2,1.546416,338984960.0,0.141833,5,4096,,OK,warm_single,37.442791,21.346167
1.886542,statevector,335413248.0,1,e9880bd49c9b8f816edeb0d30e6bb26f34754d6a47eb1688154d7aff149bdb9f,12.324625,random_3_regular,0.0,,m2:random_3_regular:n16:p2:g2027:a2,16,2,0.724958,338984960.0,0.1425,6,4096,,OK,warm_single,36.338791,21.260166
1.938958,statevector,335413248.0,1,d3f3c22fc44ad9b3547b7d52103edd5ee88a9f5e4d632b333b8050825f012793,12.25,random_3_regular,16384.0,,m2:random_3_regular:n16:p2:g2027:a3,16,2,0.747333,339001344.0,0.139083,7,4096,,OK,warm_single,36.252748999999994,21.177375
2.03525,statevector,335413248.0,1,3a4b41648736e1fd45a894d53725c30c4193299b3e91bcaf0987192233e5b172,9.8915,random_3_regular,32768.0,,m2:random_3_regular:n16:p2:g2028:a0,16,2,0.912625,339034112.0,0.144375,8,4096,,OK,warm_single,34.163582999999996,21.179833
1.331084,statevector,335413248.0,1,f6c83e9c06c301c47c69bd6f698150888a2d1c24798caa60865076492f9b7560,12.012625,random_3_regular,0.0,,m2:random_3_regular:n16:p2:g2028:a1,16,2,0.489083,339034112.0,0.142792,9,4096,,OK,warm_single,35.233250999999996,21.257667
2.125042,statevector,,1,,12.133833,random_3_regular,,0.069625,,16,3,0.843458,,0.224708,,4096,,,cold_start,42.751291,27.354625
2.030708,statevector,335380480.0,1,b50b513d7fb2aa2cf2cb0d01b2ea4920cc140ff2543ce474deea1b84b1cce297,11.768834,random_3_regular,81920.0,,m2:random_3_regular:n16:p3:g2026:a0,16,3,0.896417,338657280.0,0.188,0,4096,,OK,warm_single,35.75375,20.869791
2.016125,statevector,335380480.0,1,399c1deaf49ced0f92cdf24d098a6d300436617dd404a1d8136d65372e1de734,15.268792,random_3_regular,0.0,,m2:random_3_regular:n16:p3:g2026:a1,16,3,0.888458,338657280.0,0.185584,1,4096,,OK,warm_single,39.265751,20.906792
1.661167,statevector,335380480.0,1,eb20902943d40a5c975da809a766e5edb78f4c15d5c88e0f5688404fd22cb9a4,15.326209,random_3_regular,114688.0,,m2:random_3_regular:n16:p3:g2026:a2,16,3,0.623417,338771968.0,0.18675,2,4096,,OK,warm_single,38.676127,20.878584
1.791291,statevector,335380480.0,1,2ae14319804128f7e92786104accc2764c96fb1ebabd42254041ec979ef9a2f3,15.279334,random_3_regular,65536.0,,m2:random_3_regular:n16:p3:g2026:a3,16,3,0.664708,338837504.0,0.186083,3,4096,,OK,warm_single,38.469208,20.547792
1.997959,statevector,335380480.0,1,3e49aca20d25da5a1c42b35e32b5855c796f22b13e41c3f5c9a97fd1390c1115,11.595083,random_3_regular,180224.0,,m2:random_3_regular:n16:p3:g2027:a0,16,3,0.866209,339017728.0,0.183042,4,4096,,OK,warm_single,35.022043000000004,20.37975
2.01475,statevector,335380480.0,1,97979c75ebd8347737d2ff4456a55fe432e6801f32060b7f204ed007bc9d2335,15.979416,random_3_regular,32768.0,,m2:random_3_regular:n16:p3:g2027:a1,16,3,0.857625,339050496.0,0.184375,5,4096,,OK,warm_single,39.454083,20.417917
1.578,statevector,335380480.0,1,8a8f77f13b6fa1cf8598657e58558aeed353af9d0f042d5f2850ea33ac4e2496,15.88575,random_3_regular,16384.0,,m2:random_3_regular:n16:p3:g2027:a2,16,3,0.588917,339066880.0,0.180625,6,4096,,OK,warm_single,38.713376000000004,20.480084
1.76825,statevector,335380480.0,1,c3ccbaab66403afa0206d110bdd1090beffede969f1cbf625694f43d6be04f7e,15.955959,random_3_regular,65536.0,,m2:random_3_regular:n16:p3:g2027:a3,16,3,0.667583,339132416.0,0.179458,7,4096,,OK,warm_single,39.0115,20.44025
2.035125,statevector,335380480.0,1,1ce2f85e9011e44d4959ac72a6a49ef91eb6570f12aa509bba1262d86dcda74f,11.640083,random_3_regular,81920.0,,m2:random_3_regular:n16:p3:g2028:a0,16,3,1.427208,339214336.0,0.180917,8,4096,,OK,warm_single,35.614333,20.331
2.010875,statevector,335380480.0,1,cdc2ec1c601865188b991c8431253dc93438e19b267819fd0f8aad40dcd0324c,15.438084,random_3_regular,0.0,,m2:random_3_regular:n16:p3:g2028:a1,16,3,0.768792,339214336.0,0.19025,9,4096,,OK,warm_single,39.53279299999999,21.124792
2.138,statevector,,1,,22.496916,random_3_regular,,0.070583,,18,1,0.872792,,0.159125,,4096,,,cold_start,52.39279099999999,26.655375
2.076292,statevector,335577088.0,1,74272a58b0b9b1fe285123f7bb5a3be1bbe554b53806692459f7b381adf1f51f,21.639666,random_3_regular,81920.0,,m2:random_3_regular:n18:p1:g2026:a0,18,1,0.879375,343064576.0,0.112875,0,4096,,OK,warm_single,44.87816600000001,20.169958
2.123,statevector,335577088.0,1,863b9f930c4d03da9ac52cae15289c4ae2abc2c96f377c331894b4fe7e89f785,24.538542,random_3_regular,16384.0,,m2:random_3_regular:n18:p1:g2026:a1,18,1,0.893583,343080960.0,0.103541,1,4096,,OK,warm_single,47.882999999999996,20.224334
1.8225,statevector,335577088.0,1,cdf92dd8fe3e47ebd5850e1acfdebe31157b10d89fd9bf3d09425d1459a0fe76,24.480958,random_3_regular,16384.0,,m2:random_3_regular:n18:p1:g2026:a2,18,1,0.684209,343097344.0,0.109333,2,4096,,OK,warm_single,47.232833,20.135833
1.775541,statevector,335577088.0,1,29f0ea66514f1e3307e641bff00c04d15ec74213d2f932ba57a7eefbb3b19847,24.563875,random_3_regular,98304.0,,m2:random_3_regular:n18:p1:g2026:a3,18,1,0.682125,343195648.0,0.107792,3,4096,,OK,warm_single,47.34820799999999,20.218875
2.12425,statevector,335577088.0,1,9ddf1af78e4b944e9e89bdee1cd250903a739c695c508c952f83faf21ef3763c,21.179916,random_3_regular,65536.0,,m2:random_3_regular:n18:p1:g2027:a0,18,1,0.934958,343261184.0,0.12625,4,4096,,OK,warm_single,45.216457,20.851083
2.134583,statevector,,1,,27.847542,random_3_regular,,0.068708,,18,2,0.899875,,0.203417,,4096,,,cold_start,57.865875,26.71175
2.102458,statevector,336199680.0,1,8178f475593eb14ec7ef7ff7ca15b996a12a2f3a911a1a9f12cc6bbfbd29aec0,27.060041,random_3_regular,81920.0,,m2:random_3_regular:n18:p2:g2026:a0,18,2,0.954792,343752704.0,0.184041,0,4096,,OK,warm_single,51.238915999999996,20.937584
1.839791,statevector,336199680.0,1,7adf8a98cdbbe52c244a1b8f0ac29e2623e1234e5e563c4867b88d93235eca88,38.086375,random_3_regular,0.0,,m2:random_3_regular:n18:p2:g2026:a1,18,2,0.713542,343752704.0,0.161792,1,4096,,OK,warm_single,61.92424999999999,21.12275
2.051875,statevector,336199680.0,1,10c2221cd99258605b44e1ee74dfc4a9bee414e400ef2e5d0357b75329ae1d3a,38.110208,random_3_regular,0.0,,m2:random_3_regular:n18:p2:g2026:a2,18,2,0.902208,343752704.0,0.160083,2,4096,,OK,warm_single,62.201541000000006,20.977167
2.089417,statevector,336199680.0,1,4b480273e599d9ca49db6f98373b332a53ac1cb38b966a7b0cbe496b436057d2,38.128,random_3_regular,81920.0,,m2:random_3_regular:n18:p2:g2026:a3,18,2,0.911,343834624.0,0.157708,3,4096,,OK,warm_single,62.10625,20.820125
2.07225,statevector,336199680.0,1,9e6d0e3632197f73cbfd1cfe441b8631a8488ee64b4c3611c4013e35369fdabc,28.674167,random_3_regular,16384.0,,m2:random_3_regular:n18:p2:g2027:a0,18,2,0.886375,343851008.0,0.175833,4,4096,,OK,warm_single,52.658083,20.849458
2.090625,statevector,,1,,34.314542,random_3_regular,,0.068667,,18,3,0.887709,,0.243125,,4096,,,cold_start,63.89908500000001,26.294417
2.085542,statevector,335626240.0,1,2871788776a871ad11f935e12151448bbdb1017eeb9a378e8304c7064dc1f7ff,33.7015,random_3_regular,81920.0,,m2:random_3_regular:n18:p3:g2026:a0,18,3,0.895917,343392256.0,0.205375,0,4096,,OK,warm_single,57.250959,20.362625
2.060958,statevector,335626240.0,1,9b0c720405a47d9874996cbda24aaad23721ef5100eb2ea206f0e3081a0e4743,54.677375,random_3_regular,0.0,,m2:random_3_regular:n18:p3:g2026:a1,18,3,0.902291,343392256.0,0.210666,1,4096,,OK,warm_single,78.182374,20.331084
1.778291,statevector,335626240.0,1,11094a2671ecd5e3d28b0c8ad21f1058bc6244e4d79f51979d6cadd5e4de4844,54.641333,random_3_regular,114688.0,,m2:random_3_regular:n18:p3:g2026:a2,18,3,0.6745,343506944.0,0.238792,2,4096,,OK,warm_single,77.98258299999999,20.649667
2.007542,statevector,335626240.0,1,f651f8d5c8ebb284d49fc8f0f518ad1ac58315632ef6d32d066806b61abfd2da,54.697375,random_3_regular,147456.0,,m2:random_3_regular:n18:p3:g2026:a3,18,3,0.76025,343654400.0,0.221417,3,4096,,OK,warm_single,78.048793,20.362209
2.128125,statevector,335626240.0,1,69eda23c5622680372467c70050f128bf0ee535c5d0ec1ad76ebc06e0be18645,35.834375,random_3_regular,98304.0,,m2:random_3_regular:n18:p3:g2027:a0,18,3,0.927125,343752704.0,0.21475,4,4096,,OK,warm_single,59.463542,20.359167
2.161625,statevector,,1,,79.769125,random_3_regular,,0.0695,,20,1,0.904417,,0.16625,,4096,,,cold_start,109.79200100000001,26.721084
2.134584,statevector,335495168.0,1,976c88feb268f49141b3609ebf35bee76bccf40c7080f82e3c18b617d3cb45a0,75.671458,random_3_regular,81920.0,,m2:random_3_regular:n20:p1:g2026:a0,20,1,0.939375,355680256.0,0.153083,0,4096,,OK,warm_single,99.991708,21.093208
2.221458,statevector,335495168.0,1,930b0b41c2cdab3d173457451acc762a4bd012cceed7904d9b07f48486a513f6,90.836833,random_3_regular,0.0,,m2:random_3_regular:n20:p1:g2026:a1,20,1,0.944458,355680256.0,0.141375,1,4096,,OK,warm_single,115.913208,21.769084
2.045167,statevector,335495168.0,1,03567a37bdad48aa5dbe32ce2aaf35e5895515f730f37730b26a8322635be891,90.395834,random_3_regular,49152.0,,m2:random_3_regular:n20:p1:g2026:a2,20,1,0.787667,355729408.0,0.147792,2,4096,,OK,warm_single,114.893918,21.517458
1.99875,statevector,335495168.0,1,abb43f15a8dd899a7f809fc62d7953a8d8c9563ac7b396c04ee0249e3d07b69c,90.127375,random_3_regular,65536.0,,m2:random_3_regular:n20:p1:g2026:a3,20,1,0.770583,355794944.0,0.167,3,4096,,OK,warm_single,114.719666,21.655958
2.141958,statevector,335495168.0,1,bc563569a54a596bb560ce03aee6ca21afa3f23b302834a7523bc92aa3024cf5,89.573917,random_3_regular,114688.0,,m2:random_3_regular:n20:p1:g2027:a0,20,1,0.957666,355909632.0,0.1495,4,4096,,OK,warm_single,114.461791,21.63875
2.152166,statevector,,1,,110.549,random_3_regular,,0.068042,,20,2,0.898542,,0.214083,,4096,,,cold_start,139.769333,25.8875
2.132,statevector,335675392.0,1,3d186695672b980bee2883c926c1e60ac0f0437393dc05dd5f8923ebea4bf9d4,108.550583,random_3_regular,212992.0,,m2:random_3_regular:n20:p2:g2026:a0,20,2,0.957,355942400.0,0.214375,0,4096,,OK,warm_single,132.51570800000002,20.66175
2.225959,statevector,335675392.0,1,2b441998f146854e24997e73b6a268592b01bf32e85f247e4f3f1fbd6d367950,151.843125,random_3_regular,49152.0,,m2:random_3_regular:n20:p2:g2026:a1,20,2,0.949125,355991552.0,0.220666,1,4096,,OK,warm_single,176.117125,20.87825
2.183041,statevector,335675392.0,1,bb29b17f4a7fa660791571389aea45ba45ba4b674ace8490ed25e61ee39083b9,151.517375,random_3_regular,98304.0,,m2:random_3_regular:n20:p2:g2026:a2,20,2,0.948916,356089856.0,0.215791,2,4096,,OK,warm_single,175.76841499999998,20.903292
2.157208,statevector,335675392.0,1,2f8f4e0d34fc960b5945b69d17e3ec81a55dac7926ad926569b91efe414909b9,150.516333,random_3_regular,49152.0,,m2:random_3_regular:n20:p2:g2026:a3,20,2,1.460583,356139008.0,0.229458,3,4096,,OK,warm_single,175.162291,20.798709
2.163708,statevector,335675392.0,1,f6104ddbcccf25e843bef0f41aea254c4e859686676fc47320192e556651397f,113.671875,random_3_regular,32768.0,,m2:random_3_regular:n20:p2:g2027:a0,20,2,0.976375,356171776.0,0.205416,4,4096,,OK,warm_single,137.78312400000002,20.76575
2.19175,statevector,,1,,137.437375,random_3_regular,,0.070334,,20,3,0.890958,,0.279083,,4096,,,cold_start,167.21312500000002,26.343625
2.121625,statevector,335708160.0,1,0e007bc7878151a1313adf33f1bb750c4faffc7fa68f18c92edd19001d12629a,132.876542,random_3_regular,98304.0,,m2:random_3_regular:n20:p3:g2026:a0,20,3,0.915666,356024320.0,0.253666,0,4096,,OK,warm_single,157.05203999999998,20.884541
2.16525,statevector,335708160.0,1,857a608ba18f9524e452b4bb4210cf08ed193d8550c9688de522e3bda37707d2,203.787,random_3_regular,0.0,,m2:random_3_regular:n20:p3:g2026:a1,20,3,0.911417,356024320.0,0.249334,1,4096,,OK,warm_single,227.719042,20.606041
2.006541,statevector,335708160.0,1,11b7454aeef108f25aa2194101631ad8d9c38bd8d407e21d64b8edb488812319,206.78,random_3_regular,147456.0,,m2:random_3_regular:n20:p3:g2026:a2,20,3,0.769875,356171776.0,0.267208,2,4096,,OK,warm_single,230.73808200000002,20.914458
2.131125,statevector,335708160.0,1,57c18f906ffcaa59acfa9d1dd294408868793641141b85dfb9617f668739f8ed,205.242792,random_3_regular,98304.0,,m2:random_3_regular:n20:p3:g2026:a3,20,3,0.9165,356270080.0,0.266125,3,4096,,OK,warm_single,229.18258400000002,20.626042
2.20675,statevector,335708160.0,1,575caa9d533e90cf0e1dd66b9892c46b95b439ea22062f387cd86ae3e5d8b101,140.245584,random_3_regular,0.0,,m2:random_3_regular:n20:p3:g2027:a0,20,3,0.913583,356270080.0,0.252958,4,4096,,OK,warm_single,164.29,20.671125
0.05675,matrix_product_state,,1,,7.772333,cycle,,0.073,,6,1,0.008833,,0.095125,,4096,,,cold_start,26.170958,18.164917
0.044625,matrix_product_state,335691776.0,1,3ec8e57b4a30f9afe33d26b4248107d7561d116a7d36216e2be2d2308b836527,6.436875,cycle,32768.0,,m2:cycle:n6:p1:g2026:a0,6,1,0.008667,338739200.0,0.063042,0,4096,,OK,warm_single,18.665958999999997,12.11275
0.020125,matrix_product_state,335691776.0,1,bb10332816bb6b75c128ce08a08b0df352e427ad22d28120420b2eaf1c15a85e,34.670084,cycle,0.0,,m2:cycle:n6:p1:g2026:a1,6,1,0.002209,338739200.0,0.051917,1,4096,,OK,warm_single,46.597335,11.853
0.03775,matrix_product_state,335691776.0,1,d32663e6b229d7edc851bb2fe572a2bcb1bb509ab7be3a2699844afae12eb44d,34.906583,cycle,16384.0,,m2:cycle:n6:p1:g2026:a2,6,1,0.006166,338755584.0,0.04775,2,4096,,OK,warm_single,46.908749,11.9105
0.039167,matrix_product_state,335691776.0,1,b015fde8b4fd3a4137e03ca6bd7c3f4fa96140ec46c08562af5cda70bfdef207,34.99525,cycle,32768.0,,m2:cycle:n6:p1:g2026:a3,6,1,0.006166,338788352.0,0.047333,3,4096,,OK,warm_single,46.925458,11.837542
0.044792,matrix_product_state,335691776.0,1,2b9ca88b4d7bd89a7ab03196167cdcd37029df4dba3f1bf8475d6b97b91a6980,6.529167,cycle,16384.0,,m2:cycle:n6:p1:g2027:a0,6,1,0.008416,338804736.0,0.057208,4,4096,,OK,warm_single,18.620041,11.980458
0.02025,matrix_product_state,335691776.0,1,a6a546fbb9fbb30c3c4196afa442553626f5b0bb01740ee27391e78b1cd2755a,35.360792,cycle,0.0,,m2:cycle:n6:p1:g2027:a1,6,1,0.002209,338804736.0,0.05225,5,4096,,OK,warm_single,47.750083999999994,12.314583
0.037958,matrix_product_state,335691776.0,1,50a80b8916c82fd9cc7f8f20104ef19f49f9f93f4e21947bfbff5bf9e8ffc08d,35.327334,cycle,16384.0,,m2:cycle:n6:p1:g2027:a2,6,1,0.006625,338821120.0,0.048667,6,4096,,OK,warm_single,47.709126000000005,12.288542
0.041416,matrix_product_state,335691776.0,1,167bf714d6a6b32b01486c9122d870425c00c240caecff3ca9608c15712fc989,35.2395,cycle,16384.0,,m2:cycle:n6:p1:g2027:a3,6,1,0.00675,338837504.0,0.051375,7,4096,,OK,warm_single,47.606165999999995,12.267125
0.045625,matrix_product_state,335691776.0,1,fbbe5961b6fb83ef40c4843fea67c75f88636ed44990e3558a29fc424656d7c6,6.517292,cycle,16384.0,,m2:cycle:n6:p1:g2028:a0,6,1,0.008667,338853888.0,0.057084,8,4096,,OK,warm_single,19.105376,12.476708
0.020166,matrix_product_state,335691776.0,1,0562a8d43a34a94d58d9ae3c075d48098b96bf3450bc5c2412231aeef3e4f7ea,35.377875,cycle,32768.0,,m2:cycle:n6:p1:g2028:a1,6,1,0.00225,338886656.0,0.05325,9,4096,,OK,warm_single,47.713208,12.259667
0.056125,matrix_product_state,,1,,7.822125,cycle,,0.068416,,6,2,0.009042,,0.110708,,4096,,,cold_start,26.476916,18.4105
0.042667,matrix_product_state,335560704.0,1,93a86b4fe586156c777a1cdd944052e44d96957848f270b0d9781f98c9082cd4,6.614875,cycle,49152.0,,m2:cycle:n6:p2:g2026:a0,6,2,0.007333,338706432.0,0.063958,0,4096,,OK,warm_single,18.651292,11.922459
0.0415,matrix_product_state,335560704.0,1,af4573338a0fd6365b10e2a852400eb512fb4dd0aada85baa1913ac6bd0d4721,35.006959,cycle,0.0,,m2:cycle:n6:p2:g2026:a1,6,2,0.006958,338706432.0,0.061583,1,4096,,OK,warm_single,47.016583,11.899583
0.046583,matrix_product_state,335560704.0,1,43db8ed9ef06b3c0eab7c918dce17c92cb77398a5aa670152e60d6a09bfcbe63,39.202458,cycle,32768.0,,m2:cycle:n6:p2:g2026:a2,6,2,0.008958,338739200.0,0.059417,2,4096,,OK,warm_single,51.186,11.868584
0.050542,matrix_product_state,335560704.0,1,39bd8ee1536a00343d6869795b774fe2a14982119582bdc88a7b96fcc1aa9d3d,39.350791,cycle,32768.0,,m2:cycle:n6:p2:g2026:a3,6,2,0.010208,338771968.0,0.072958,3,4096,,OK,warm_single,51.931540999999996,12.447042
0.042834,matrix_product_state,335560704.0,1,1dd348263a1342198cfcae8809c69321d6f178aab9b03bee9adda74e476000a7,6.65775,cycle,0.0,,m2:cycle:n6:p2:g2027:a0,6,2,0.007666,338771968.0,0.124041,4,4096,,OK,warm_single,19.257875,12.425584
0.0415,matrix_product_state,335560704.0,1,a922d011846cc4b08bec6e90ae66bf7bd1f50ac9eb6b3d35ce90f15131e1d6ae,35.335041,cycle,0.0,,m2:cycle:n6:p2:g2027:a1,6,2,0.007791,338771968.0,0.062667,5,4096,,OK,warm_single,47.67920699999999,12.232208
0.041042,matrix_product_state,335560704.0,1,e7abb2615c4fc70e4a1e772d0f3372c2dc5a84ab1bc709b1f214645f2bcf4978,39.29875,cycle,49152.0,,m2:cycle:n6:p2:g2027:a2,6,2,0.007583,338821120.0,0.063541,6,4096,,OK,warm_single,51.63579099999999,12.224875
0.041333,matrix_product_state,335560704.0,1,4830d0d59aa4be15e176011b0fb725e9865fd84c265e33d2d682a3d83d911ea9,39.377375,cycle,16384.0,,m2:cycle:n6:p2:g2027:a3,6,2,0.007875,338837504.0,0.06875,7,4096,,OK,warm_single,51.678208,12.182875
0.04525,matrix_product_state,335560704.0,1,39181341a6b9f6afea882f8b35277718cf028f6badbbd025d372604f003c0b3c,6.704375,cycle,0.0,,m2:cycle:n6:p2:g2028:a0,6,2,0.008875,338837504.0,0.064458,8,4096,,OK,warm_single,19.141125,12.318167
0.043959,matrix_product_state,335560704.0,1,15443e68e9ba5ddf4ca0b7a77e7501e24afb8902c76e771467373245038fd799,35.808875,cycle,32768.0,,m2:cycle:n6:p2:g2028:a1,6,2,0.008,338870272.0,0.075,9,4096,,OK,warm_single,48.033792000000005,12.097958
0.057125,matrix_product_state,,1,,8.151166,cycle,,0.062917,,6,3,0.009,,0.114667,,4096,,,cold_start,26.312417,17.917542
0.043542,matrix_product_state,335462400.0,1,5e901bddc3d942a39b0ca3f1eb7d98a200398e3f5f2847baa6eca45eddf5b26d,6.631083,cycle,16384.0,,m2:cycle:n6:p3:g2026:a0,6,3,0.007667,338624512.0,0.0825,0,4096,,OK,warm_single,18.688042,11.92325
0.042417,matrix_product_state,335462400.0,1,598e076b6e7922e379edbf62e98e2dfa8887070d26e40e3e06b269f2383e1029,6.659625,cycle,49152.0,,m2:cycle:n6:p3:g2026:a1,6,3,0.007166,338673664.0,0.077708,1,4096,,OK,warm_single,18.943958000000002,12.157042
0.045333,matrix_product_state,335462400.0,1,fe332c31461318b60af08ea7dd9108f3590e82c9fec97cea3adaf776010233e4,39.778625,cycle,65536.0,,m2:cycle:n6:p3:g2026:a2,6,3,0.008083,338739200.0,0.073875,2,4096,,OK,warm_single,52.081790999999996,12.175875
0.045708,matrix_product_state,335462400.0,1,4fdb3702816c868f5be3427b494dc2bd483e9aefc75f41dd851fc1c29cb146eb,39.610417,cycle,49152.0,,m2:cycle:n6:p3:g2026:a3,6,3,0.009292,338788352.0,0.078125,3,4096,,OK,warm_single,52.054041999999995,12.3105
0.046459,matrix_product_state,335462400.0,1,4828f5dddd3651a5279dc9acb76ab05ee0aa953df713cab9fb96a3c990367fc6,6.6175,cycle,0.0,,m2:cycle:n6:p3:g2027:a0,6,3,0.009125,338788352.0,0.0845,4,4096,,OK,warm_single,19.088209,12.330625
0.04425,matrix_product_state,335462400.0,1,d9c54750a111d859c3b26f5dbee133d604d6bac3a55469093d111784a27bb39a,6.726917,cycle,0.0,,m2:cycle:n6:p3:g2027:a1,6,3,0.008584,338788352.0,0.088417,5,4096,,OK,warm_single,18.888252,12.020084
0.043541,matrix_product_state,335462400.0,1,bf0262d303d77bf6807c2965a54c3bc8411e311ac76a945a919d517cecddc55f,39.35025,cycle,16384.0,,m2:cycle:n6:p3:g2027:a2,6,3,0.007625,338804736.0,0.078167,6,4096,,OK,warm_single,51.339166,11.859583
0.044166,matrix_product_state,335462400.0,1,6c32f475d2e076bf414aaeee6cae72eb734bb698a8c8c1cf30b7b5ca49256331,39.400916,cycle,49152.0,,m2:cycle:n6:p3:g2027:a3,6,3,0.008209,338853888.0,0.075625,7,4096,,OK,warm_single,51.418416,11.8895
0.042208,matrix_product_state,335462400.0,1,ee797e8a7c71807f3a29962cfb1bf2a5903052ced38ff12036ccf7a4383db8f8,6.553375,cycle,32768.0,,m2:cycle:n6:p3:g2028:a0,6,3,0.0075,338886656.0,0.0815,8,4096,,OK,warm_single,18.929416,12.244833
0.041125,matrix_product_state,335462400.0,1,dd8604d2cbf7af36c12061d1335211406a29ce92bb49ccc2c6d8fd0e0c82a436,6.723375,cycle,49152.0,,m2:cycle:n6:p3:g2028:a1,6,3,0.007625,338935808.0,0.075,9,4096,,OK,warm_single,19.085542,12.238417
0.157,matrix_product_state,,1,,9.303667,cycle,,0.066,,8,1,0.032041,,0.095083,,4096,,,cold_start,27.830457,18.176666
0.142917,matrix_product_state,335462400.0,1,273c6d994cb379e9051b7f5f24619f1ee861887be6fd30ae8b3f2ea2d9a39314,8.289667,cycle,0.0,,m2:cycle:n8:p1:g2026:a0,8,1,0.031875,338558976.0,0.05975,0,4096,,OK,warm_single,20.747291999999998,12.223083
0.140292,matrix_product_state,335462400.0,1,0f71bee2fcbe4d22aef6294f2d08ef635682b096c56096e1c9b52d6c627c0bf2,50.101209,cycle,16384.0,,m2:cycle:n8:p1:g2026:a1,8,1,0.030583,338575360.0,0.066583,1,4096,,OK,warm_single,62.463292,12.124625
0.107708,matrix_product_state,335462400.0,1,8741132bd1c7ae1d2132bfee2dfac119db415bee1f32a3a1db477ff60a71dfa9,49.428333,cycle,32768.0,,m2:cycle:n8:p1:g2026:a2,8,1,0.022709,338608128.0,0.059584,2,4096,,OK,warm_single,61.506167000000005,11.887833
0.110875,matrix_product_state,335462400.0,1,8ff1c6408eac597158a392dcf8df453e240b60f6950b8f61f23101a3921d01cd,49.358875,cycle,65536.0,,m2:cycle:n8:p1:g2026:a3,8,1,0.023,338673664.0,0.062125,3,4096,,OK,warm_single,61.430583,11.875708
0.138833,matrix_product_state,335462400.0,1,a93cfcc81528762a88064f0603b5d3fbf4671182fe78875bb84ad41dcc1a5f04,8.086459,cycle,0.0,,m2:cycle:n8:p1:g2027:a0,8,1,0.031292,338673664.0,0.06,4,4096,,OK,warm_single,20.531751000000003,12.215167
0.140084,matrix_product_state,335462400.0,1,9df874e1d4f59e3c0da2967befbceced6ce3de11fb368d9733e65a0726f3b86b,48.880125,cycle,0.0,,m2:cycle:n8:p1:g2027:a1,8,1,0.030375,338673664.0,0.057625,5,4096,,OK,warm_single,61.271459,12.16325
0.106375,matrix_product_state,335462400.0,1,e132215c9aa3f70ffa007c43a4c014a02069d4e96fcb59c2d2c4a61d3bfa3865,48.640291,cycle,16384.0,,m2:cycle:n8:p1:g2027:a2,8,1,0.021583,338690048.0,0.055083,6,4096,,OK,warm_single,61.03158199999999,12.20825
0.10075,matrix_product_state,335462400.0,1,8a0b9ffe62e92cfad7106a6e30a8ba3bb2964a76796c698b79269250ab9235e7,48.55075,cycle,49152.0,,m2:cycle:n8:p1:g2027:a3,8,1,0.020792,338739200.0,0.056417,7,4096,,OK,warm_single,60.918793,12.190084
0.144333,matrix_product_state,335462400.0,1,341d6f964a1ba97c87634613031cfa91281b0f85eadc494077acb613ca33003f,8.217125,cycle,16384.0,,m2:cycle:n8:p1:g2028:a0,8,1,0.032333,338755584.0,0.052375,8,4096,,OK,warm_single,20.697791,12.251625
0.145958,matrix_product_state,335462400.0,1,e7e920347ed999e838081e5af746587a43f5cf28b0b8169a68d8af66ae0c8e5e,49.519792,cycle,32768.0,,m2:cycle:n8:p1:g2028:a1,8,1,0.034042,338788352.0,0.066209,9,4096,,OK,warm_single,62.19071,12.424709
0.15875,matrix_product_state,,1,,9.600042,cycle,,0.07425,,8,2,0.031875,,0.124291,,4096,,,cold_start,28.812707999999997,18.8235
0.139583,matrix_product_state,335364096.0,1,8cc57a62662e855e86cc8c84a007bf51a4e0fc354398d23048851318afb2ca5d,8.467458,cycle,0.0,,m2:cycle:n8:p2:g2026:a0,8,2,0.030625,338673664.0,0.078791,0,4096,,OK,warm_single,21.392415,12.675958
0.145125,matrix_product_state,335364096.0,1,f1361e5382f39679a567f4e2872d8503b4e1ed56f0b0606f08bbaca7e65c3862,69.728667,cycle,49152.0,,m2:cycle:n8:p2:g2026:a1,8,2,0.029458,338722816.0,0.075917,1,4096,,OK,warm_single,82.581833,12.602666
0.138583,matrix_product_state,335364096.0,1,d7c7069caded36d62b886d9b32075eefc0a8df734bbbedf49914f74ea210274a,69.102125,cycle,0.0,,m2:cycle:n8:p2:g2026:a2,8,2,0.030041,338722816.0,0.075209,2,4096,,OK,warm_single,81.98599899999999,12.640041
0.135208,matrix_product_state,335364096.0,1,e63c945ceb501d58678f0f5d1feec379905b7ca2f9458fe452982fa6c232306c,69.220209,cycle,49152.0,,m2:cycle:n8:p2:g2026:a3,8,2,0.029541,338771968.0,0.090833,3,4096,,OK,warm_single,82.101874,12.626083
0.138291,matrix_product_state,335364096.0,1,82f424448fcbac7a071cb8f426b42c3a13e347b71615cd815485f881fe8b3f79,8.34075,cycle,16384.0,,m2:cycle:n8:p2:g2027:a0,8,2,0.030709,338788352.0,0.081167,4,4096,,OK,warm_single,21.017042,12.426125
0.136666,matrix_product_state,335364096.0,1,805abd21f6e80a82590dd14c9bca8e4f3646f9762e8185c426bb376e270846d9,68.984542,cycle,0.0,,m2:cycle:n8:p2:g2027:a1,8,2,0.030084,338788352.0,0.076,5,4096,,OK,warm_single,81.50966700000001,12.282375
0.134,matrix_product_state,335364096.0,1,781a0f9a226a7273f11f4250eec4263893191ad61ab858b429c451105ef250b3,69.348042,cycle,32768.0,,m2:cycle:n8:p2:g2027:a2,8,2,0.032,338821120.0,0.078042,6,4096,,OK,warm_single,81.907792,12.315708
0.133125,matrix_product_state,335364096.0,1,b71bc0854128c663636a4d06e94617fdc2eb67d890ae7c5d8b16d9c1751d23b0,69.149417,cycle,49152.0,,m2:cycle:n8:p2:g2027:a3,8,2,0.0285,338870272.0,0.08725,7,4096,,OK,warm_single,82.007917,12.609625
0.137958,matrix_product_state,335364096.0,1,4564b95e38add658cd9d21b80f946a7a1238dd6a7f1bed2d0e99deb403a1ed64,8.346167,cycle,16384.0,,m2:cycle:n8:p2:g2028:a0,8,2,0.030208,338886656.0,0.081292,8,4096,,OK,warm_single,21.2605,12.664875
0.137958,matrix_product_state,335364096.0,1,69a6bac178a5ac38ea49dbd8e478b2598ff120ab631b291e487392ed18a7f8b5,69.275584,cycle,32768.0,,m2:cycle:n8:p2:g2028:a1,8,2,0.030834,338919424.0,0.074417,9,4096,,OK,warm_single,82.07475099999999,12.555958
0.163833,matrix_product_state,,1,,9.598208,cycle,,0.065042,,8,3,0.033083,,0.128125,,4096,,,cold_start,27.945999,17.957708
0.142709,matrix_product_state,335560704.0,1,19dd7b05a50b117e8f554ec7a9bc7ff9e61caab3011521d9114ae5ac108d9201,8.423292,cycle,0.0,,m2:cycle:n8:p3:g2026:a0,8,3,0.03025,338788352.0,0.105625,0,4096,,OK,warm_single,21.282168,12.580292
0.139167,matrix_product_state,335560704.0,1,8d26bee0793a790738fe24cae5eb47ee307ba38fd887abf05e623dd0c57e2b92,49.349292,cycle,16384.0,,m2:cycle:n8:p3:g2026:a1,8,3,0.030291,338804736.0,0.093584,1,4096,,OK,warm_single,61.805792,12.193458
0.148375,matrix_product_state,335560704.0,1,d4ab5d9088bfa814353cecb67e77afdc0adec2dc4bba16057ab56dc6856ee1fc,68.920459,cycle,16384.0,,m2:cycle:n8:p3:g2026:a2,8,3,0.029833,338821120.0,0.09575,2,4096,,OK,warm_single,81.46791699999999,12.2735
0.132709,matrix_product_state,335560704.0,1,e08c0813fe7923dfc84672824558da013cf11fe5bf99b3e68b39d03a7adecdd0,69.02225,cycle,16384.0,,m2:cycle:n8:p3:g2026:a3,8,3,0.028416,338837504.0,0.090792,3,4096,,OK,warm_single,81.50050000000002,12.226333
0.14,matrix_product_state,335560704.0,1,8924a31893b224c7dbf3c1247dc0ebfd7dc651e22b3522ad1f573946991e9977,8.242541,cycle,98304.0,,m2:cycle:n8:p3:g2027:a0,8,3,0.02925,338935808.0,0.099375,4,4096,,OK,warm_single,20.7725,12.261334
0.141875,matrix_product_state,335560704.0,1,6c977049597d074183686c7d896426cd4e433800aa7d9acdfe35174b4baf5486,48.575541,cycle,32768.0,,m2:cycle:n8:p3:g2027:a1,8,3,0.031167,338968576.0,0.08725,5,4096,,OK,warm_single,60.981916000000005,12.146083
0.132792,matrix_product_state,335560704.0,1,9697d60a88b7e35aba8e4be0a4df27218b2660e42ec3d891aead00831738fc51,70.162667,cycle,0.0,,m2:cycle:n8:p3:g2027:a2,8,3,0.028292,338968576.0,0.096417,6,4096,,OK,warm_single,82.97479299999999,12.554625
0.138875,matrix_product_state,335560704.0,1,074b4bee6e1d4813be7c3f448856dd82af37484a8903dcc8cbba9e719c4df7c7,70.225458,cycle,49152.0,,m2:cycle:n8:p3:g2027:a3,8,3,0.032833,339017728.0,0.090625,7,4096,,OK,warm_single,82.674166,12.186375
0.1385,matrix_product_state,335560704.0,1,23f0b5a6554fd1dca9c7627d8852c924cda1057ad217106b34a9b48086472c95,8.516083,cycle,16384.0,,m2:cycle:n8:p3:g2028:a0,8,3,0.030791,339034112.0,0.10325,8,4096,,OK,warm_single,21.063999000000003,12.275375
0.136208,matrix_product_state,335560704.0,1,bdc091a5a306b2f708b6c4458e1aa1ad32e452093acd318adfb2584e259c4234,49.234417,cycle,16384.0,,m2:cycle:n8:p3:g2028:a1,8,3,0.030584,339050496.0,0.090292,9,4096,,OK,warm_single,61.620709000000005,12.129208
0.520875,matrix_product_state,,1,,11.339833,cycle,,0.064292,,10,1,0.15175,,0.110584,,4096,,,cold_start,30.201459,18.014125
0.517459,matrix_product_state,335364096.0,1,8d61eea5df7f0f0e992acc6e4f139afd66d9d9d1a607498953f6868bcbe13fb1,10.05475,cycle,0.0,,m2:cycle:n10:p1:g2026:a0,10,1,0.156,338821120.0,0.084166,0,4096,,OK,warm_single,22.954708,12.142333
0.510291,matrix_product_state,335364096.0,1,a844817ea50ac1d4f580ad256b5533c6818e235e35a9c99ff86fdafbeb176062,62.456,cycle,49152.0,,m2:cycle:n10:p1:g2026:a1,10,1,0.153292,338870272.0,0.074584,1,4096,,OK,warm_single,75.522875,12.328708
0.246333,matrix_product_state,335364096.0,1,961699bacdd1aa07b21cf831a5ec8a3f5644919275c34d69869e49a2c625f8d5,63.802792,cycle,0.0,,m2:cycle:n10:p1:g2026:a2,10,1,0.064167,338870272.0,0.069792,2,4096,,OK,warm_single,76.172792,11.989708
0.246583,matrix_product_state,335364096.0,1,13331538567f8b67d21227f9991d1e13ac16850695dcdd237e77d50db288ae09,61.858084,cycle,32768.0,,m2:cycle:n10:p1:g2026:a3,10,1,0.062833,338903040.0,0.065458,3,4096,,OK,warm_single,74.268667,12.035709
0.518792,matrix_product_state,335364096.0,1,c7ae7e98f2236e5746ed1fe126b5e0813247cac69de4644812c7102ec3597941,9.74625,cycle,49152.0,,m2:cycle:n10:p1:g2027:a0,10,1,0.157334,338952192.0,0.065417,4,4096,,OK,warm_single,22.451501,11.963708
0.518666,matrix_product_state,335364096.0,1,dd96f686bf27ea0fa406b91ee16c485f53ec9ebb679ed43a8bbcda714562d659,62.174875,cycle,0.0,,m2:cycle:n10:p1:g2027:a1,10,1,0.154667,338952192.0,0.07825,5,4096,,OK,warm_single,75.501875,12.575417
0.249042,matrix_product_state,335364096.0,1,cf217fc2a30126b87504ec0b1269bc03f266e4bc127f6bc592128fa8b55e5f68,62.274084,cycle,32768.0,,m2:cycle:n10:p1:g2027:a2,10,1,0.063542,338984960.0,0.068708,6,4096,,OK,warm_single,75.00270900000001,12.347333
0.265416,matrix_product_state,335364096.0,1,6aa8c3b21ab45f81eb780607441299c2f7adddfcff4822fed54826c47585d93c,67.72375,cycle,32768.0,,m2:cycle:n10:p1:g2027:a3,10,1,0.076958,339017728.0,0.068584,7,4096,,OK,warm_single,80.65375,12.519042
0.508875,matrix_product_state,335364096.0,1,ab2ca144868c4d37ab639cdccccebaf575417f72c11af80407acc8c939bd4d38,11.659167,cycle,49152.0,,m2:cycle:n10:p1:g2028:a0,10,1,0.157375,339066880.0,0.07675,8,4096,,OK,warm_single,24.661042,12.258875
0.500875,matrix_product_state,335364096.0,1,67112694a05ae496cfdbcf3a1da19b4cb2fef507df60c61b34615aa46ecdd6e3,61.514333,cycle,32768.0,,m2:cycle:n10:p1:g2028:a1,10,1,0.148375,339099648.0,0.070041,9,4096,,OK,warm_single,74.351291,12.117667
0.525875,matrix_product_state,,1,,11.522208,cycle,,0.06675,,10,2,0.1485,,0.123959,,4096,,,cold_start,30.146499999999996,17.759208
0.513166,matrix_product_state,336134144.0,1,973d59b8375d4d8882425a84850346588a40f7c7dfe6c04ce57b342eced0e78e,10.381166,cycle,0.0,,m2:cycle:n10:p2:g2026:a0,10,2,0.151125,339640320.0,0.094667,0,4096,,OK,warm_single,23.290999,12.150875
0.046208,matrix_product_state,336134144.0,1,994f5445a772671b50fbfe7bd4c4f4c8a03e9a1bb541fb20d4572255d1073152,110.193958,cycle,0.0,,m2:cycle:n10:p2:g2026:a1,10,2,0.007333,339640320.0,0.0875,1,4096,,OK,warm_single,122.41020799999998,12.075209
0.420291,matrix_product_state,336134144.0,1,a72fa722b903e2d692a561458f43516dca16862822ce58aa8580cca63c114d7b,110.467667,cycle,32768.0,,m2:cycle:n10:p2:g2026:a2,10,2,0.129625,339673088.0,0.087833,2,4096,,OK,warm_single,123.20133200000002,12.095916
0.451709,matrix_product_state,336134144.0,1,0e2af60f0a70f32481d1947b3c486863854525eb9ce869fc83296708fe6bd665,110.623042,cycle,16384.0,,m2:cycle:n10:p2:g2026:a3,10,2,0.145125,339689472.0,0.094125,3,4096,,OK,warm_single,123.42562599999998,12.111625
0.51375,matrix_product_state,336134144.0,1,82626f141d06ebd22b1d7abf04a196db66c69764eb88e37a11382ff187524ae2,10.316625,cycle,49152.0,,m2:cycle:n10:p2:g2027:a0,10,2,0.160791,339738624.0,0.193125,4,4096,,OK,warm_single,23.642291000000004,12.458
0.04925,matrix_product_state,336134144.0,1,89341b2f956d2b5e819c758e79682638826cff8da01c22dc7b8d0c2f2c78601d,110.320333,cycle,16384.0,,m2:cycle:n10:p2:g2027:a1,10,2,0.009375,339755008.0,0.101792,5,4096,,OK,warm_single,123.00887500000002,12.528125
0.42875,matrix_product_state,336134144.0,1,8de57bda1a5bd50164aa52cfd4fdddc3df6437f24d13ab8d42382c33eb859675,110.181458,cycle,32768.0,,m2:cycle:n10:p2:g2027:a2,10,2,0.133542,339787776.0,0.094792,6,4096,,OK,warm_single,123.30062500000001,12.462083
0.421917,matrix_product_state,336134144.0,1,85fbf605eec04bef13c61ae6476e11899270503bd241738050a841a6b064cceb,110.557042,cycle,65536.0,,m2:cycle:n10:p2:g2027:a3,10,2,0.127625,339853312.0,0.096291,7,4096,,OK,warm_single,123.71162499999998,12.50875
0.514459,matrix_product_state,336134144.0,1,07b596cf96d4c4ae6df85fe7f267df51ca63354378ea0402fa73b3637aa3d857,10.455041,cycle,32768.0,,m2:cycle:n10:p2:g2028:a0,10,2,0.159542,339886080.0,0.094416,8,4096,,OK,warm_single,23.760875,12.537417
0.049792,matrix_product_state,336134144.0,1,7e7c2fc03ff831618b10a65eafc79d594bbd518ed3833ba90b6a5a34caa145cc,110.03975,cycle,32768.0,,m2:cycle:n10:p2:g2028:a1,10,2,0.010167,339918848.0,0.086209,9,4096,,OK,warm_single,122.59191799999999,12.406
0.519416,matrix_product_state,,1,,12.236625,cycle,,0.06625,,10,3,0.148,,0.1525,,4096,,,cold_start,31.040874,17.918083
0.508417,matrix_product_state,335659008.0,1,5126c515a6d1d5895571ab916d1f74ebf41eb3b74fcf1d920e9a9e88294fc1da,10.844917,cycle,0.0,,m2:cycle:n10:p3:g2026:a0,10,3,0.149166,339394560.0,0.121,0,4096,,OK,warm_single,23.796292,12.172792
0.50825,matrix_product_state,335659008.0,1,f0f4ce7e880155ef081e1f8089357197ad292e544d89636daec86b46d5bb1836,112.106041,cycle,32768.0,,m2:cycle:n10:p3:g2026:a1,10,3,0.148,339427328.0,0.111375,1,4096,,OK,warm_single,124.9435,12.069834
0.428833,matrix_product_state,335659008.0,1,2fbcad3bf41b67f2cb1510ee92611565b7adf8487be43d81534f904e41ac1998,149.256208,cycle,16384.0,,m2:cycle:n10:p3:g2026:a2,10,3,0.126292,339443712.0,0.108166,2,4096,,OK,warm_single,161.949583,12.030084
0.437167,matrix_product_state,335659008.0,1,ecac3294cdbb9f279c66685b146033c90d99883342629365c480b4a5e5dcb8ee,149.533375,cycle,49152.0,,m2:cycle:n10:p3:g2026:a3,10,3,0.145333,339492864.0,0.111583,3,4096,,OK,warm_single,162.266708,12.03925
0.511917,matrix_product_state,335659008.0,1,3e290640eee19bbaead302f6821f6b0a6260ad2036a95871904f2e6b69efa3f0,10.764458,cycle,65536.0,,m2:cycle:n10:p3:g2027:a0,10,3,0.148875,339558400.0,0.151167,4,4096,,OK,warm_single,24.050959,12.474542
0.520042,matrix_product_state,335659008.0,1,455e5de6fc8ade847a853a0419afde22c94cc4a37e304d60326fdaa9c0490d7a,111.34125,cycle,0.0,,m2:cycle:n10:p3:g2027:a1,10,3,0.153916,339558400.0,0.108333,5,4096,,OK,warm_single,124.164416,12.040875
0.423791,matrix_product_state,335659008.0,1,4f42a7d1a4d1ff3e52e2d6b57cd7f93ba34fb409a229ce9f70c5b694c52726aa,148.386,cycle,32768.0,,m2:cycle:n10:p3:g2027:a2,10,3,0.126875,339591168.0,0.116917,6,4096,,OK,warm_single,161.112291,12.058708
0.427917,matrix_product_state,335659008.0,1,7762531c56f448f46a8d9463864aef0b07dfd893fa31ee688b7874ce5e6991b5,150.405375,cycle,65536.0,,m2:cycle:n10:p3:g2027:a3,10,3,0.132416,339656704.0,0.120667,7,4096,,OK,warm_single,163.20991700000002,12.123542
0.517292,matrix_product_state,335659008.0,1,c284656043e0c59a3f3ca58bab4f75062b5958bde4f38db51d2374c2af6810af,10.997959,cycle,32768.0,,m2:cycle:n10:p3:g2028:a0,10,3,0.151875,339689472.0,0.14475,8,4096,,OK,warm_single,24.103293,12.291417
0.519416,matrix_product_state,335659008.0,1,bf45841ca9bba5043eed34bd86541958a2703631b7911d95344c30d99922b351,112.838667,cycle,32768.0,,m2:cycle:n10:p3:g2028:a1,10,3,0.153375,339722240.0,0.110583,9,4096,,OK,warm_single,125.613499,11.991458
1.268958,matrix_product_state,,1,,13.962708,cycle,,0.066625,,12,1,0.5365,,0.119458,,4096,,,cold_start,34.028499,18.07425
1.284708,matrix_product_state,335839232.0,1,677ed217e870a96215b25bc99ce48147af341880583f071514a3464cf3144245,11.991416,cycle,32768.0,,m2:cycle:n12:p1:g2026:a0,12,1,0.45125,339427328.0,0.073208,0,4096,,OK,warm_single,26.040165,12.239583
0.509708,matrix_product_state,335839232.0,1,feb884ac26f3e6663753efed77b2dee9195938628d89c9a4a4a31a24b49e57be,76.095875,cycle,16384.0,,m2:cycle:n12:p1:g2026:a1,12,1,0.153,339443712.0,0.07425,1,4096,,OK,warm_single,88.93925000000002,12.106417
0.5,matrix_product_state,335839232.0,1,89d0dc008f1bc43b2f93b68b2765be7aac93e3b3f94ee0e617c59f08771dfb0d,75.520708,cycle,49152.0,,m2:cycle:n12:p1:g2026:a2,12,1,0.150041,339492864.0,0.074708,2,4096,,OK,warm_single,88.272249,12.026792
0.502833,matrix_product_state,335839232.0,1,8c7e03e56a6e8b9e443aeea27689952bde1461ffa889f5d0213513ae16868266,75.534083,cycle,32768.0,,m2:cycle:n12:p1:g2026:a3,12,1,0.148708,339525632.0,0.070417,3,4096,,OK,warm_single,88.25270699999999,11.996666
1.277041,matrix_product_state,335839232.0,1,1aaa538c3bbb07a8406e82cd624e1708ec5c3c93b40a789e0556db74a2eb134b,12.135041,cycle,16384.0,,m2:cycle:n12:p1:g2027:a0,12,1,0.447959,339542016.0,0.069292,4,4096,,OK,warm_single,25.894999000000002,11.965666
0.501292,matrix_product_state,335839232.0,1,b3cc9c2787eef165dccab4b9da337d21351da45cb01cd74b138f80332bd33bf8,75.730875,cycle,32768.0,,m2:cycle:n12:p1:g2027:a1,12,1,0.156917,339574784.0,0.07525,5,4096,,OK,warm_single,88.432167,11.967833
0.502208,matrix_product_state,335839232.0,1,954b095cd5d24bf89b5daf5ea422afe65292445fb4af14857f26efb272ad18f3,75.63425,cycle,49152.0,,m2:cycle:n12:p1:g2027:a2,12,1,0.152875,339623936.0,0.070666,6,4096,,OK,warm_single,88.29379099999998,11.933792
0.496792,matrix_product_state,335839232.0,1,e65d7cb6dc21596e71be54b5c08a41df1f4e5d8f251569dc510e79e3b3e6b8b4,75.82125,cycle,65536.0,,m2:cycle:n12:p1:g2027:a3,12,1,0.153125,339689472.0,0.069667,7,4096,,OK,warm_single,88.44550100000001,11.904667
1.316042,matrix_product_state,335839232.0,1,d94a80a249eb5f69ee021749b0baefc2c5a541c4825530c81c0f7552f0c66e39,11.865458,cycle,32768.0,,m2:cycle:n12:p1:g2028:a0,12,1,0.463958,339722240.0,0.072375,8,4096,,OK,warm_single,25.647291000000003,11.929458
0.516416,matrix_product_state,335839232.0,1,0142d5d5f355f875d1801763b805bec844858737e8d4dae6a800b82a71d3a70e,75.12425,cycle,32768.0,,m2:cycle:n12:p1:g2028:a1,12,1,0.162375,339755008.0,0.075958,9,4096,,OK,warm_single,88.260332,12.381333
1.284083,matrix_product_state,,1,,13.526875,cycle,,0.063417,,12,2,0.525709,,0.137875,,4096,,,cold_start,33.849251,18.311292
1.280084,matrix_product_state,335691776.0,1,850810eab77d2c2965ac05c77b553a73ca0199c0375a15fb89500002ed358d17,12.172917,cycle,0.0,,m2:cycle:n12:p2:g2026:a0,12,2,0.443916,339329024.0,0.131959,0,4096,,OK,warm_single,26.164251,12.135375
1.289125,matrix_product_state,335691776.0,1,6e9d8249a26c5914b911d8952ab8042860660da47b78a2832865c9d1191c47a5,153.04225,cycle,32768.0,,m2:cycle:n12:p2:g2026:a1,12,2,0.45475,339361792.0,0.097959,1,4096,,OK,warm_single,166.848875,11.964791
0.96625,matrix_product_state,335691776.0,1,63e4e2c3a8b3fbfa18262f163e2a1250f6545dd5f90ac417aaf4477735646e73,150.247875,cycle,0.0,,m2:cycle:n12:p2:g2026:a2,12,2,0.331416,339361792.0,0.102208,2,4096,,OK,warm_single,163.605165,11.957416
0.94,matrix_product_state,335691776.0,1,efc06293d22825c7a17975dddc106a98be97b4952d417aef81699b5d605b32e8,150.867542,cycle,16384.0,,m2:cycle:n12:p2:g2026:a3,12,2,0.334666,339378176.0,0.110375,3,4096,,OK,warm_single,164.64887399999998,12.396291
1.286875,matrix_product_state,335691776.0,1,cf802a51516f2d98c95ca46eec4b3af49bba4da6708e7565941237efe392d100,12.341041,cycle,65536.0,,m2:cycle:n12:p2:g2027:a0,12,2,0.458292,339443712.0,0.130584,4,4096,,OK,warm_single,26.672,12.455208
1.302542,matrix_product_state,335691776.0,1,d6230ea19d7037585d1cfd5a555ecea4a0a942492246bbf8b2eceed957b04e6b,149.799875,cycle,65536.0,,m2:cycle:n12:p2:g2027:a1,12,2,0.467208,339509248.0,0.1015,5,4096,,OK,warm_single,164.00183299999998,12.330708
0.929292,matrix_product_state,335691776.0,1,2444ff4c6f91f37a4b417addbaa33ac3af20a280e04b06df3ff785072ae39f3c,150.090625,cycle,65536.0,,m2:cycle:n12:p2:g2027:a2,12,2,0.319,339574784.0,0.109083,6,4096,,OK,warm_single,163.84208399999997,12.394084
0.943459,matrix_product_state,335691776.0,1,812536f7414fcac84bbec2c38d3722312affb3574c3d02f0f14c0876e397e3d3,150.875208,cycle,32768.0,,m2:cycle:n12:p2:g2027:a3,12,2,0.3325,339607552.0,0.106208,7,4096,,OK,warm_single,164.633208,12.375833
1.287125,matrix_product_state,335691776.0,1,0192070b8c68b14e7189308781f48fe36f937b629ded2c754a21dc724bab7f7c,12.449125,cycle,32768.0,,m2:cycle:n12:p2:g2028:a0,12,2,0.458541,339640320.0,0.123541,8,4096,,OK,warm_single,26.784081999999998,12.46575
1.287375,matrix_product_state,335691776.0,1,73ca266ca6885f9a067bd7ef53c80bb9758ba7076fc8907c3e4d48400872161a,151.666666,cycle,32768.0,,m2:cycle:n12:p2:g2028:a1,12,2,0.460916,339673088.0,0.09775,9,4096,,OK,warm_single,165.766666,12.253959
1.294125,matrix_product_state,,1,,14.397334,cycle,,0.063292,,12,3,0.536833,,0.169792,,4096,,,cold_start,34.262418,17.801042
1.279208,matrix_product_state,335675392.0,1,0229f4a079860fba60a092f66a3649282854c6983a69cce1e5d1598d81a2331f,12.739959,cycle,16384.0,,m2:cycle:n12:p3:g2026:a0,12,3,0.444667,340049920.0,0.155875,0,4096,,OK,warm_single,27.104042,12.484333
1.306833,matrix_product_state,335675392.0,1,e03b75090cd2f1fc5cba559d22d0614b41e4b4e72e8d89064d1c7daaeb70af5a,475.7925,cycle,49152.0,,m2:cycle:n12:p3:g2026:a1,12,3,0.479458,340099072.0,0.121208,1,4096,,OK,warm_single,489.911874,12.211875
0.869458,matrix_product_state,335675392.0,1,bb5994a19c081eca08237cf7bc31a33c189da8b32b212ff2c50810694d0488cc,480.379625,cycle,49152.0,,m2:cycle:n12:p3:g2026:a2,12,3,0.315166,340148224.0,0.161459,2,4096,,OK,warm_single,494.54974999999996,12.824042
0.864958,matrix_product_state,335675392.0,1,ee238a9ebce8b530768291bf78dbd0f11520ab838867810659cf74f0ee3eb0e8,476.353083,cycle,32768.0,,m2:cycle:n12:p3:g2026:a3,12,3,0.30375,340180992.0,0.156875,3,4096,,OK,warm_single,490.111666,12.433
1.283583,matrix_product_state,335675392.0,1,3291f7cf4f5bce32edcce61e8bf2cffc248b9faf9f44136da5a9fc74aa532e30,12.663958,cycle,32768.0,,m2:cycle:n12:p3:g2027:a0,12,3,0.452458,340213760.0,0.1565,4,4096,,OK,warm_single,26.872624,12.316125
1.331083,matrix_product_state,335675392.0,1,a5bfb0c8f30323f1208b503c04d30983c210f13d497ede3ac4b0d5a28a12d406,474.565459,cycle,65536.0,,m2:cycle:n12:p3:g2027:a1,12,3,0.487916,340279296.0,0.126625,5,4096,,OK,warm_single,488.7055419999999,12.194459
0.862166,matrix_product_state,335675392.0,1,a78cacfb5cd7b75d74d844d8d888e17093366741a8ded59ba474cfc2369dec10,481.237,cycle,49152.0,,m2:cycle:n12:p3:g2027:a2,12,3,0.303167,340328448.0,0.161084,6,4096,,OK,warm_single,495.277584,12.714167
0.866041,matrix_product_state,335675392.0,1,e9fa92d387eb89d8c3c3020f645648fb5871b5fde6c5cc91020fa2138c1d9834,475.011542,cycle,81920.0,,m2:cycle:n12:p3:g2027:a3,12,3,0.305083,340410368.0,0.163917,7,4096,,OK,warm_single,488.77816600000006,12.431583
1.296916,matrix_product_state,335675392.0,1,64013f126ce715ba086d3e298defbd0f01873da89de4b3290df16a0fac8d03cf,13.008542,cycle,32768.0,,m2:cycle:n12:p3:g2028:a0,12,3,0.453667,340443136.0,0.161375,8,4096,,OK,warm_single,27.356082999999998,12.435583
1.278958,matrix_product_state,335675392.0,1,285a399eccef8028bfad5339d979c4566edb07aa6d5961cd413096dd8e14b4b9,475.37025,cycle,32768.0,,m2:cycle:n12:p3:g2028:a1,12,3,0.477708,340475904.0,0.125292,9,4096,,OK,warm_single,489.42199999999997,12.169792
1.862541,matrix_product_state,,1,,15.68375,cycle,,0.062459,,14,1,0.755959,,0.121333,,4096,,,cold_start,36.77825099999999,18.292209
1.827834,matrix_product_state,335970304.0,1,1b0b01554533b3db5edf30e13585d0d90d65cf6dad4ea1c94f9d1c054921a1ff,14.571833,cycle,49152.0,,m2:cycle:n14:p1:g2026:a0,14,1,0.65975,340017152.0,0.098958,0,4096,,OK,warm_single,29.396541999999997,12.238167
1.879791,matrix_product_state,335970304.0,1,7ff86f04e164451c465924603bb1ff45973f69c542749fd74934bd24735731d0,92.920625,cycle,32768.0,,m2:cycle:n14:p1:g2026:a1,14,1,0.697792,340049920.0,0.078041,1,4096,,OK,warm_single,107.75004100000001,12.173792
0.905792,matrix_product_state,335970304.0,1,24cac8d61c669351062c3615ea8bb96dce9cc54df1e03a55ded1c49d7d1a0ff5,91.517542,cycle,65536.0,,m2:cycle:n14:p1:g2026:a2,14,1,0.298791,340115456.0,0.087333,2,4096,,OK,warm_single,105.476916,12.667458
0.882875,matrix_product_state,335970304.0,1,49c7ed82cda78a244c2d1c0840f99f010e1db11360167bc302c21dae1a8f966e,90.752167,cycle,16384.0,,m2:cycle:n14:p1:g2026:a3,14,1,0.284917,340131840.0,0.089125,3,4096,,OK,warm_single,104.14920899999998,12.140125
1.844166,matrix_product_state,335970304.0,1,d1b30ddc8bad5abb59f98ac3695ae29ed8c86c799f5203d9100d6868f2b95e02,14.108209,cycle,32768.0,,m2:cycle:n14:p1:g2027:a0,14,1,0.666041,340164608.0,0.083166,4,4096,,OK,warm_single,28.795291000000002,12.093709
1.876916,matrix_product_state,335970304.0,1,807482dbcde0e8286f6d4294e042c037bff03b583d35de07b471f91fd5e4d1f2,92.736208,cycle,16384.0,,m2:cycle:n14:p1:g2027:a1,14,1,0.693583,340180992.0,0.081416,5,4096,,OK,warm_single,107.64429,12.256167
0.906292,matrix_product_state,335970304.0,1,8a055f6574d88c9a0cc0a5a2e22eaebcb2a1340c3c912919270b4842b82b1f40,91.141875,cycle,49152.0,,m2:cycle:n14:p1:g2027:a2,14,1,0.305792,340230144.0,0.134042,6,4096,,OK,warm_single,105.086334,12.598333
0.907667,matrix_product_state,335970304.0,1,0dbe0714951a9fc8b91de1084e02365e56368be2b981169d5401b69dc623d2cc,90.604417,cycle,131072.0,,m2:cycle:n14:p1:g2027:a3,14,1,0.289791,340361216.0,0.097709,7,4096,,OK,warm_single,104.742417,12.842833
1.866875,matrix_product_state,335970304.0,1,ee03e1b41bccddd83d679098c3134d25fa4a4e2bdce81adcad5ca7d4adde7b5a,14.31475,cycle,65536.0,,m2:cycle:n14:p1:g2028:a0,14,1,0.67075,340426752.0,0.087083,8,4096,,OK,warm_single,29.182373999999996,12.242916
1.841875,matrix_product_state,335970304.0,1,c370e427d56926f5a32a83ab3a51ca9a4c034e6c9ee8b6edf6d98381742f5cef,91.533458,cycle,32768.0,,m2:cycle:n14:p1:g2028:a1,14,1,0.812334,340459520.0,0.083334,9,4096,,OK,warm_single,106.44116700000001,12.170166
1.873625,matrix_product_state,,1,,15.994084,cycle,,0.062625,,14,2,0.757875,,0.152,,4096,,,cold_start,36.806625999999994,17.966417
1.826083,matrix_product_state,335429632.0,1,d56140cc739c87fd1ef6eba3684ddd556f68154d0b61efbfedead21e9b2d9561,14.302916,cycle,65536.0,,m2:cycle:n14:p2:g2026:a0,14,2,0.672083,339722240.0,0.147541,0,4096,,OK,warm_single,29.622040000000002,12.673417
1.868875,matrix_product_state,335429632.0,1,3e0dcbb0ffc3367ac0379869a93f079e9fd88f68196a55232bdaf873b15be11b,192.91275,cycle,32768.0,,m2:cycle:n14:p2:g2026:a1,14,2,0.69775,339755008.0,0.113542,1,4096,,OK,warm_single,208.032417,12.4395
1.56675,matrix_product_state,335429632.0,1,262525cc0b3b536318908776d3223d4094777ce9af7f4fe191ba42a1648e866c,192.764292,cycle,32768.0,,m2:cycle:n14:p2:g2026:a2,14,2,0.579583,339787776.0,0.125709,2,4096,,OK,warm_single,207.60054300000004,12.564209
1.557208,matrix_product_state,335429632.0,1,9926328cc5542f2832a8ce493ad2444da38e7b680dbb2ad5293af14b273ef6e7,194.661916,cycle,49152.0,,m2:cycle:n14:p2:g2026:a3,14,2,0.565083,339836928.0,0.163375,3,4096,,OK,warm_single,209.91462399999998,12.967042
1.822709,matrix_product_state,335429632.0,1,f66d4e908b37621a1a6c0f85124a15376bd147de355ca8726eab591f0c8a5738,14.593625,cycle,32768.0,,m2:cycle:n14:p2:g2027:a0,14,2,0.662375,339869696.0,0.127959,4,4096,,OK,warm_single,29.525335,12.318667
1.834625,matrix_product_state,335429632.0,1,85fc6fbd15b0eebdaa8e759da787b6d5bc6d4e50338ca18749ba12c73e7f589c,191.886083,cycle,32768.0,,m2:cycle:n14:p2:g2027:a1,14,2,0.669041,339902464.0,0.111625,5,4096,,OK,warm_single,206.604291,12.102917
1.587,matrix_product_state,335429632.0,1,2610c015a540ab0061d64850f2b9bb8a867c3ad508ebbce41d8d812797faaad1,192.6935,cycle,81920.0,,m2:cycle:n14:p2:g2027:a2,14,2,0.574209,339984384.0,0.133625,6,4096,,OK,warm_single,207.237834,12.2495
1.556042,matrix_product_state,335429632.0,1,049c8229f25add282f6e39e8caa20d4b106f30098e81eee40a935ed4553b71ac,194.30125,cycle,131072.0,,m2:cycle:n14:p2:g2027:a3,14,2,0.5555,340115456.0,0.14175,7,4096,,OK,warm_single,208.845667,12.291125
1.855666,matrix_product_state,335429632.0,1,454fb904d606209b8ae623a5a7c1da3a44bc5e0cf73f4f9ff048a7edcd7a7bdf,14.592334,cycle,65536.0,,m2:cycle:n14:p2:g2028:a0,14,2,0.68725,340180992.0,0.121166,8,4096,,OK,warm_single,29.395999999999997,12.139584
1.859666,matrix_product_state,335429632.0,1,e0ed50ae8a5345311cef03ec4360b5bad82686a64f27fc796fcacfe514010ca4,192.660583,cycle,16384.0,,m2:cycle:n14:p2:g2028:a1,14,2,0.871833,340197376.0,0.118792,9,4096,,OK,warm_single,208.11699900000002,12.606125
1.847292,matrix_product_state,,1,,16.346458,cycle,,0.074584,,14,3,0.759416,,0.182583,,4096,,,cold_start,37.554875,18.344542
1.815458,matrix_product_state,336183296.0,1,f3881af1ee071f152e5ff33a477986cadfd803ce8c1627c73675c981fd18351f,14.981333,cycle,81920.0,,m2:cycle:n14:p3:g2026:a0,14,3,0.660792,341426176.0,0.184542,0,4096,,OK,warm_single,29.962,12.319875
0.156458,matrix_product_state,336183296.0,1,fd89ec99a5a3b1111171605a0134ac531790c56910fdff5d956c1ae44886d724,1041.896,cycle,65536.0,,m2:cycle:n14:p3:g2026:a1,14,3,0.048292,341491712.0,0.145959,1,4096,,OK,warm_single,1054.4688339999998,12.222125
1.399125,matrix_product_state,336183296.0,1,548948cd620646528c598f46a5f72fc9f8cb513ebdc1c24bd67c05045960d97b,1048.864375,cycle,49152.0,,m2:cycle:n14:p3:g2026:a2,14,3,0.52825,341540864.0,0.189625,2,4096,,OK,warm_single,1063.762833,12.781458
1.372083,matrix_product_state,336183296.0,1,e073024e3d66390aea821e89d189bc5d5e9fccf3f2727706defdc8e6924fedd1,1043.826167,cycle,65536.0,,m2:cycle:n14:p3:g2026:a3,14,3,0.514583,341606400.0,0.240209,3,4096,,OK,warm_single,1058.415959,12.462917
1.841167,matrix_product_state,336183296.0,1,a851e799694096c10f7f24510f2ef76ba670c3c9a8184cefada20ba2ba96096d,14.622,cycle,16384.0,,m2:cycle:n14:p3:g2027:a0,14,3,0.662375,341622784.0,0.189208,4,4096,,OK,warm_single,30.116583000000002,12.801833
0.154,matrix_product_state,336183296.0,1,ea3333480d7b85fbcea64f7840d5a3edb6c77857f37369e3f6ce7b686c73090e,1042.4655,cycle,32768.0,,m2:cycle:n14:p3:g2027:a1,14,3,0.049375,341655552.0,0.150125,5,4096,,OK,warm_single,1055.0252500000001,12.20625
1.376834,matrix_product_state,336183296.0,1,33079fa605660db51612ca6bcb18cd6980a0fd81130be2e2dc4c128716efdddd,1049.471584,cycle,81920.0,,m2:cycle:n14:p3:g2027:a2,14,3,0.504875,341737472.0,0.179917,6,4096,,OK,warm_single,1063.9143769999998,12.381167
1.366417,matrix_product_state,336183296.0,1,2d0d1fd31d5819eefa2b291ad69b2cb65f1a0972debd09a0f4aeac8a77f9a88a,1043.963,cycle,114688.0,,m2:cycle:n14:p3:g2027:a3,14,3,0.514708,341852160.0,0.193208,7,4096,,OK,warm_single,1058.8714169999998,12.834084
1.878625,matrix_product_state,336183296.0,1,593e8a6ef96a1f508deb64b77324deafbf644d724c845e7c76d22db4cc4746ac,14.52075,cycle,81920.0,,m2:cycle:n14:p3:g2028:a0,14,3,0.684666,341934080.0,0.183083,8,4096,,OK,warm_single,30.041291,12.774167
0.155333,matrix_product_state,336183296.0,1,d19633d96a2432f1862dfde095768a8e7ef7444cf7d0313c6a5b4bab05e6d61e,1041.777667,cycle,49152.0,,m2:cycle:n14:p3:g2028:a1,14,3,0.048625,341983232.0,0.142334,9,4096,,OK,warm_single,1054.5494999999999,12.425541
2.067375,matrix_product_state,,1,,17.1465,cycle,,0.073458,,16,1,0.852791,,0.136584,,4096,,,cold_start,38.62645800000001,18.34975
2.052833,matrix_product_state,335642624.0,1,4e302e90d9eb888043a5989a96d7731288fc48fcef941b907313dc5229cd4423,16.226541,cycle,32768.0,,m2:cycle:n16:p1:g2026:a0,16,1,0.908042,339804160.0,0.118625,0,4096,,OK,warm_single,31.9705,12.664459
2.042583,matrix_product_state,335642624.0,1,b8488170de9f2d18d45df434336a6f827ae46b346f81f52db653be069e074dde,104.506375,cycle,0.0,,m2:cycle:n16:p1:g2026:a1,16,1,0.785125,339804160.0,0.089875,1,4096,,OK,warm_single,119.907833,12.483875
1.332458,matrix_product_state,335642624.0,1,a925c926943e4c37be691236b42c9ababb309e736fda6646e041303e38928531,106.225,cycle,16384.0,,m2:cycle:n16:p1:g2026:a2,16,1,0.485583,339820544.0,0.098917,2,4096,,OK,warm_single,120.609583,12.467625
1.290583,matrix_product_state,335642624.0,1,c448785ffaf461a60ce4c904ec3d3091d39fdb46a0e0d4f885be9fde5fb0a31e,104.58175,cycle,81920.0,,m2:cycle:n16:p1:g2026:a3,16,1,0.458916,339902464.0,0.162333,3,4096,,OK,warm_single,118.94654,12.452958
2.034417,matrix_product_state,335642624.0,1,a0f66639d44545a819bd065928dcab4db2d4199cbfae5dbe216f15ed9a292346,16.565167,cycle,81920.0,,m2:cycle:n16:p1:g2027:a0,16,1,0.884042,339984384.0,0.091375,4,4096,,OK,warm_single,31.699335,12.124334
2.04975,matrix_product_state,335642624.0,1,084e9505c1f5d8d2af4c3571fffa2180057bd5b097dffb6bc01d822e9f00bdf7,105.608167,cycle,16384.0,,m2:cycle:n16:p1:g2027:a1,16,1,0.872833,340000768.0,0.097667,5,4096,,OK,warm_single,120.973709,12.345292
1.3035,matrix_product_state,335642624.0,1,26347c324a5904c6ed09d5bd3eded4691df1dda019c15a7a0b7b6d8886e2ad27,104.543042,cycle,0.0,,m2:cycle:n16:p1:g2027:a2,16,1,0.474583,340000768.0,0.103375,6,4096,,OK,warm_single,118.80449999999999,12.38
1.304083,matrix_product_state,335642624.0,1,c793a9ab5c2b8400bf2a8868b6df84034c68c26669f7596141b3ef81274884d1,104.476375,cycle,0.0,,m2:cycle:n16:p1:g2027:a3,16,1,0.465958,340000768.0,0.094333,7,4096,,OK,warm_single,118.52345700000001,12.182708
2.029125,matrix_product_state,335642624.0,1,8dd349743d29f29692da7c91044f1aeeea3fa9b00e189171e6f1a487ea2b02b7,15.924625,cycle,32768.0,,m2:cycle:n16:p1:g2028:a0,16,1,1.506,340033536.0,0.086708,8,4096,,OK,warm_single,31.609,12.062542
2.026708,matrix_product_state,335642624.0,1,7f0891d7486c61acd67a5b9b377b901eccfa040eca23751458a6d69507806b94,105.003959,cycle,0.0,,m2:cycle:n16:p1:g2028:a1,16,1,0.852583,340033536.0,0.086458,9,4096,,OK,warm_single,120.247458,12.27775
2.05725,matrix_product_state,,1,,17.547083,cycle,,0.06675,,16,2,0.86175,,0.163333,,4096,,,cold_start,39.02175,18.325584
2.038417,matrix_product_state,336052224.0,1,e1929b9f3118e3365661b98c83e2e96059ef223b17efbd30d84c45ea52dd8585,15.921208,cycle,65536.0,,m2:cycle:n16:p2:g2026:a0,16,2,0.877458,340525056.0,0.138542,0,4096,,OK,warm_single,31.607625,12.632
2.058334,matrix_product_state,336052224.0,1,0aa6cb7bb7dc1b40df32f0334ce327db99c27a93f857461a71f9d2cfbba1d41a,233.509125,cycle,0.0,,m2:cycle:n16:p2:g2026:a1,16,2,0.814709,340525056.0,0.13425,1,4096,,OK,warm_single,248.986501,12.470083
1.913292,matrix_product_state,336052224.0,1,733fc0f94795f31a0494fdfce528a0974007e08907a5dcc7f0d4e920e24a8968,235.596625,cycle,32768.0,,m2:cycle:n16:p2:g2026:a2,16,2,0.74525,340557824.0,0.170667,2,4096,,OK,warm_single,251.242292,12.816458
1.885667,matrix_product_state,336052224.0,1,5392a984d75e27e6ba338c6da6d909fce9d1f5f386ea41541684f5cf22b124dd,234.123291,cycle,65536.0,,m2:cycle:n16:p2:g2026:a3,16,2,0.738,340623360.0,0.1375,3,4096,,OK,warm_single,249.5275,12.643042
2.014042,matrix_product_state,336052224.0,1,642c2c33d4b14c47e3d03411342b116194b4edc672fe89cb2e6f7bd608a7b076,16.112083,cycle,114688.0,,m2:cycle:n16:p2:g2027:a0,16,2,0.878708,340738048.0,0.154209,4,4096,,OK,warm_single,31.518958999999995,12.359917
2.051042,matrix_product_state,336052224.0,1,117e30cf503862d5a4d47d5b6a575ce437470c28a49cbb95bc8b1282f5531c24,234.962375,cycle,0.0,,m2:cycle:n16:p2:g2027:a1,16,2,0.882292,340738048.0,0.122125,5,4096,,OK,warm_single,250.12512600000002,12.107292
1.890458,matrix_product_state,336052224.0,1,9fb341948a7013e84fdcb74a05e02d3f6ba0f2c27cb133893309f60223d36727,234.001791,cycle,0.0,,m2:cycle:n16:p2:g2027:a2,16,2,0.734417,340738048.0,0.131792,6,4096,,OK,warm_single,248.938083,12.179625
1.8985,matrix_product_state,336052224.0,1,fb0292cad55c9799aa26aa0441496f20d59903a26ecef9429a192e303e62001e,236.007041,cycle,16384.0,,m2:cycle:n16:p2:g2027:a3,16,2,0.718375,340754432.0,0.154042,7,4096,,OK,warm_single,251.0945,12.316542
2.010208,matrix_product_state,336052224.0,1,d96ddf03e7c00e05ee19abd245a49a60a3cc4b4c6300ce13a91e9ae532616b3c,16.177542,cycle,49152.0,,m2:cycle:n16:p2:g2028:a0,16,2,0.878208,340803584.0,0.127458,8,4096,,OK,warm_single,31.312458,12.119042
2.006625,matrix_product_state,336052224.0,1,6ed8be3687c614061990bd1b51ed181a0a7fcfef1e11298fcbc8b8979afaadb2,237.758209,cycle,0.0,,m2:cycle:n16:p2:g2028:a1,16,2,1.425125,340803584.0,0.117125,9,4096,,OK,warm_single,253.355209,12.048125
2.08225,matrix_product_state,,1,,18.002083,cycle,,0.065,,16,3,0.85375,,0.20125,,4096,,,cold_start,38.931417,17.727084
2.042291,matrix_product_state,335609856.0,1,ef464ebfa7c48b40ff7deb62b88e1d07fe522eeddc85219d5fb5219e0223a684,16.79475,cycle,81920.0,,m2:cycle:n16:p3:g2026:a0,16,3,0.8795,340836352.0,0.227334,0,4096,,OK,warm_single,32.55625,12.612375
2.033083,matrix_product_state,335609856.0,1,0ea9a6074191f652ba5a6fda9490f6c8db1dd60f998d7ebef709e9835495e909,1601.938542,cycle,0.0,,m2:cycle:n16:p3:g2026:a1,16,3,0.789583,340836352.0,0.161125,1,4096,,OK,warm_single,1617.027583,12.10525
1.782542,matrix_product_state,335609856.0,1,a3a68a42d21b06e93312caa15105701e2a309c93f1b1eeb5bab22933e2890f0e,1609.045041,cycle,32768.0,,m2:cycle:n16:p3:g2026:a2,16,3,0.674041,340869120.0,0.201917,2,4096,,OK,warm_single,1624.17275,12.469209
1.731459,matrix_product_state,335609856.0,1,6cb36bffc75ceda7f453e5fc411ec35c490711c4ecfae1fa2ed01df1e9e496a9,1604.285375,cycle,65536.0,,m2:cycle:n16:p3:g2026:a3,16,3,0.670583,340934656.0,0.191333,3,4096,,OK,warm_single,1619.2105410000001,12.331791
2.068875,matrix_product_state,335609856.0,1,4c7dc184b342d6695d84fa8aaa804c361af3c439ee98d66fea1809ace9980edf,16.558,cycle,81920.0,,m2:cycle:n16:p3:g2027:a0,16,3,0.912083,341016576.0,0.20075,4,4096,,OK,warm_single,32.596375,12.856667
2.060875,matrix_product_state,335609856.0,1,fbfe85d79f7bd49dd81d1230abb6e863e40d449843f04904460db667c7a0b390,1603.09725,cycle,0.0,,m2:cycle:n16:p3:g2027:a1,16,3,0.88675,341016576.0,0.156125,5,4096,,OK,warm_single,1618.6242919999997,12.423292
1.73675,matrix_product_state,335609856.0,1,999b26dc27194efd0ea152058c0336a204655dfe2daedd7fa7da0b5dc73018b1,1603.915917,cycle,0.0,,m2:cycle:n16:p3:g2027:a2,16,3,0.662458,341016576.0,0.188917,6,4096,,OK,warm_single,1618.862292,12.35825
1.742542,matrix_product_state,335609856.0,1,ba55f41344c958f84345b2223bc0c2cc160ccd10ad902668e09acaac73be47af,1607.700291,cycle,0.0,,m2:cycle:n16:p3:g2027:a3,16,3,0.663916,341016576.0,0.198666,7,4096,,OK,warm_single,1622.859915,12.5545
2.063625,matrix_product_state,335609856.0,1,9258b119dc7dd6c60658082de73af87140df19feff451395c0b1121dc7c66c22,16.660791,cycle,65536.0,,m2:cycle:n16:p3:g2028:a0,16,3,1.524334,341065728.0,0.198542,8,4096,,OK,warm_single,32.823917,12.376625
2.066666,matrix_product_state,335609856.0,1,209c3802be3896816019c035c8c8d761303b6be3dfba879ff99d212f05aa2c15,1603.727708,cycle,0.0,,m2:cycle:n16:p3:g2028:a1,16,3,0.932583,341065728.0,0.165125,9,4096,,OK,warm_single,1619.4219979999998,12.529916
2.237125,matrix_product_state,,1,,19.036833,cycle,,0.063667,,18,1,0.889625,,0.13825,,4096,,,cold_start,40.511416000000004,18.145916
2.122584,matrix_product_state,336068608.0,1,7feaf60a79d90620334a07e1c19d0168a7c8c00e732531763444e977b9e87f9f,17.84725,cycle,65536.0,,m2:cycle:n18:p1:g2026:a0,18,1,0.928375,340312064.0,0.107208,0,4096,,OK,warm_single,33.372541999999996,12.367125
2.087,matrix_product_state,336068608.0,1,56f9a93f0c912921169bb46dbc595263c83ed337551c796b248d53abc60aa647,117.389083,cycle,0.0,,m2:cycle:n18:p1:g2026:a1,18,1,0.895708,340312064.0,0.094125,1,4096,,OK,warm_single,132.836624,12.370708
1.722625,matrix_product_state,336068608.0,1,abea4087d8430676db093cc9eaeaef9682943295f26bdeecc6d8fce3abcf6069,118.699875,cycle,16384.0,,m2:cycle:n18:p1:g2026:a2,18,1,0.632334,340328448.0,0.098167,2,4096,,OK,warm_single,133.48975099999998,12.33675
1.686125,matrix_product_state,336068608.0,1,2bd5ee5d451d7d2749b214a4c53121d95f4b4f0b2cbda7785eeb52ecdbcd2134,119.483041,cycle,16384.0,,m2:cycle:n18:p1:g2026:a3,18,1,0.655167,340344832.0,0.095417,3,4096,,OK,warm_single,134.174083,12.254333
2.096667,matrix_product_state,336068608.0,1,bd7db07e89fd53efa48f28f2ce36b5d79835b627fdcf71ec055dd9eb310e2594,17.794459,cycle,81920.0,,m2:cycle:n18:p1:g2027:a0,18,1,0.927708,340426752.0,0.123292,4,4096,,OK,warm_single,33.418709,12.476583
2.1245,matrix_product_state,,1,,19.377,cycle,,0.064292,,18,2,0.864875,,0.174375,,4096,,,cold_start,40.872959,18.267917
2.103959,matrix_product_state,335331328.0,1,0ed38aa5fddb76d50d0d6bc586b8b82276d58d475099273444c3bed01d780e31,18.482875,cycle,65536.0,,m2:cycle:n18:p2:g2026:a0,18,2,0.931166,340049920.0,0.163167,0,4096,,OK,warm_single,34.190501,12.509334
2.128458,matrix_product_state,335331328.0,1,12021430517bda644f923e22899e4383b6111f3a546b2267dc8c01832dce09fd,273.896209,cycle,49152.0,,m2:cycle:n18:p2:g2026:a1,18,2,0.929167,340099072.0,0.144792,1,4096,,OK,warm_single,289.53320900000006,12.434583
2.055292,matrix_product_state,335331328.0,1,f7e6b988bdb0c6dbeca6f4f5b464787335bd959bfb7638e33ff8babe0d82e5d4,273.184542,cycle,81920.0,,m2:cycle:n18:p2:g2026:a2,18,2,0.794583,340180992.0,0.150083,2,4096,,OK,warm_single,288.70612500000004,12.521625
2.110625,matrix_product_state,335331328.0,1,eff4de90631d9d4059b8b56931f8b309a8ca510c66b56a70b9c9a8b23f6f2463,275.854792,cycle,114688.0,,m2:cycle:n18:p2:g2026:a3,18,2,1.686709,340295680.0,0.166208,3,4096,,OK,warm_single,292.098709,12.280375
2.084542,matrix_product_state,335331328.0,1,bd208fcf79a0b355fe15ba6aee6432ff8bdda7b1a08fe614c584b4bec97b64a9,18.551917,cycle,0.0,,m2:cycle:n18:p2:g2027:a0,18,2,0.889958,340295680.0,0.167667,4,4096,,OK,warm_single,34.420876,12.726792
2.117458,matrix_product_state,,1,,20.290875,cycle,,0.06425,,18,3,0.866375,,0.212625,,4096,,,cold_start,41.649791,18.098208
2.096334,matrix_product_state,335675392.0,1,8f61eb8f8cb67c1424a77a9dfe7e1cec14a53dc3cde9cc7c1bd0b8f46740ad27,19.166333,cycle,98304.0,,m2:cycle:n18:p3:g2026:a0,18,3,0.884625,341475328.0,0.217125,0,4096,,OK,warm_single,34.694208,12.329791
2.146792,matrix_product_state,335675392.0,1,2d422175ee2bc2a6aa3a6f85735838041d12469f9e53f721a22ee5cef2df2ba0,2169.9685,cycle,0.0,,m2:cycle:n18:p3:g2026:a1,18,3,0.943209,341475328.0,0.165667,1,4096,,OK,warm_single,2185.30296,12.078792
1.972333,matrix_product_state,335675392.0,1,c53e23a356e0ec79838d85240d052f7dd77b441a4f4422cab53da0f027bf92a8,2166.191625,cycle,16384.0,,m2:cycle:n18:p3:g2026:a2,18,3,0.755709,341491712.0,0.233416,2,4096,,OK,warm_single,2181.83725,12.684167
1.957834,matrix_product_state,335675392.0,1,46d5c18f2d06f4e38ec37a5fb8434d0672f63e64eefaea079c8e40e24e2d513a,2169.51425,cycle,65536.0,,m2:cycle:n18:p3:g2026:a3,18,3,0.770833,341557248.0,0.216625,3,4096,,OK,warm_single,2184.8612080000003,12.401666
2.111625,matrix_product_state,335675392.0,1,bf273dc22edc613c03e91d90372f384e2f73ef1caeb84b8dda4821d6f6a598d2,18.293666,cycle,65536.0,,m2:cycle:n18:p3:g2027:a0,18,3,0.925,341622784.0,0.218125,4,4096,,OK,warm_single,34.185958,12.637542
2.138458,matrix_product_state,,1,,22.559708,cycle,,0.082083,,20,1,0.872333,,0.1595,,4096,,,cold_start,43.555791,17.743709
2.124375,matrix_product_state,335675392.0,1,fd2de602155d0cddaa99bbcc14802cb0c6a947773f7e43a8c778ee1463f37613,19.809166,cycle,65536.0,,m2:cycle:n20:p1:g2026:a0,20,1,0.896667,340213760.0,0.11375,0,4096,,OK,warm_single,35.059875,12.115917
2.238791,matrix_product_state,335675392.0,1,f6700b87d0c7842f5161e79e0d425d341200244b8ed390a0d02eaeab588396ec,133.65075,cycle,0.0,,m2:cycle:n20:p1:g2026:a1,20,1,0.923334,340213760.0,0.10225,1,4096,,OK,warm_single,148.896459,11.981334
1.918167,matrix_product_state,335675392.0,1,ba1aca1b743e5b8ca4868563ad05221a3caa93e06fa296b5250e06d1bb7c7f5b,132.713375,cycle,16384.0,,m2:cycle:n20:p1:g2026:a2,20,1,0.726625,340230144.0,0.119041,2,4096,,OK,warm_single,147.56133300000005,12.084125
1.949167,matrix_product_state,335675392.0,1,1d28994aeb215dab357d28d0d1047f8de1639a676cb56f235f1a54c63f8b8057,133.792875,cycle,65536.0,,m2:cycle:n20:p1:g2026:a3,20,1,0.729291,340295680.0,0.103625,3,4096,,OK,warm_single,148.545583,11.970625
2.137625,matrix_product_state,335675392.0,1,fb510734b2e68ee7ae5d491a2e1bec2b850745aa158d4f3e72ef1901df03cfd7,20.599292,cycle,98304.0,,m2:cycle:n20:p1:g2027:a0,20,1,0.904417,340393984.0,0.114792,4,4096,,OK,warm_single,35.888417,12.132291
2.1465,matrix_product_state,,1,,22.270041,cycle,,0.0665,,20,2,0.890833,,0.193791,,4096,,,cold_start,43.606373,18.038708
2.130084,matrix_product_state,335298560.0,1,bab2a96ccabb8e63efd7004dfa4f56aee6f522ff6545795022d0d7ddaa429047,20.73325,cycle,49152.0,,m2:cycle:n20:p2:g2026:a0,20,2,0.895375,340099072.0,0.183292,0,4096,,OK,warm_single,36.390001,12.448
2.066542,matrix_product_state,335298560.0,1,6cdd520d603873eb0fc5cae886037a91a4d3f669251d253e4682a07ba405d0c2,315.909625,cycle,98304.0,,m2:cycle:n20:p2:g2026:a1,20,2,0.812292,340197376.0,0.142667,1,4096,,OK,warm_single,331.179251,12.248125
2.150125,matrix_product_state,335298560.0,1,b0971789ae632f812fc3704d094836db942de25083966b19a7052c9c7bb576d1,316.047292,cycle,65536.0,,m2:cycle:n20:p2:g2026:a2,20,2,0.936625,340262912.0,0.189041,2,4096,,OK,warm_single,331.719291,12.396208
2.140958,matrix_product_state,335298560.0,1,dbc75bceb0c311731947aaaf0ab7b6a93a3e51544baca9b268e09c65b7143017,316.32325,cycle,0.0,,m2:cycle:n20:p2:g2026:a3,20,2,1.592333,340262912.0,0.155708,3,4096,,OK,warm_single,332.489874,12.277625
2.11025,matrix_product_state,335298560.0,1,09576187faa7c20941479f38b6d2ab76d2a8b1c813d48aa5da3196f635dadd22,20.807625,cycle,0.0,,m2:cycle:n20:p2:g2027:a0,20,2,0.91575,340262912.0,0.175792,4,4096,,OK,warm_single,36.551542000000005,12.542125
2.152375,matrix_product_state,,1,,25.150792,cycle,,0.066792,,20,3,0.89325,,0.236083,,4096,,,cold_start,46.636459,18.137167
2.108083,matrix_product_state,335446016.0,1,683568123908a9cc09a3f4422f0bdaf8e66bef6f4c96b42e80cb9d4a538ad14f,20.481833,cycle,81920.0,,m2:cycle:n20:p3:g2026:a0,20,3,0.899334,341229568.0,0.235084,0,4096,,OK,warm_single,36.07458400000001,12.35025
2.099958,matrix_product_state,335446016.0,1,6a99b368ce3b661ee58b1ea5ae1de86a64f64a713ec2999992a377898bb23da6,2730.94875,cycle,1458176.0,,m2:cycle:n20:p3:g2026:a1,20,3,0.913542,342687744.0,0.178,1,4096,,OK,warm_single,2746.1846669999995,12.044417
2.086334,matrix_product_state,335446016.0,1,e57666e3b4278268b76754a7baaabb34b4801b684a5a9eddfa67ce20aae90d62,2736.467667,cycle,32768.0,,m2:cycle:n20:p3:g2026:a2,20,3,0.798459,342720512.0,0.236667,2,4096,,OK,warm_single,2752.215002,12.625875
2.075,matrix_product_state,335446016.0,1,25f95d8725c5de4bc59ef22c1449afcc93045ec74bd1ac84ed2965912179509e,2732.947292,cycle,32768.0,,m2:cycle:n20:p3:g2026:a3,20,3,0.905417,342753280.0,0.227625,3,4096,,OK,warm_single,2748.4934179999996,12.338084
2.102959,matrix_product_state,335446016.0,1,e0c939d940b97d4bc27892f69648756b19c05b93dca0d03cf85fc553f609c6bc,20.833333,cycle,16384.0,,m2:cycle:n20:p3:g2027:a0,20,3,1.509334,342769664.0,0.225084,4,4096,,OK,warm_single,37.214793,12.544083
0.055834,matrix_product_state,,1,,7.708167,random_3_regular,,0.065333,,6,1,0.008584,,0.091958,,4096,,,cold_start,25.904584,17.974708
0.048125,matrix_product_state,335921152.0,1,cf604f1bba3903e9bc81125d1594917344abb870225c17a68586acb60bbf80b2,6.640667,random_3_regular,49152.0,,m2:random_3_regular:n6:p1:g2026:a0,6,1,0.00825,338935808.0,0.058667,0,4096,,OK,warm_single,19.060209,12.3045
0.021583,matrix_product_state,335921152.0,1,09636ac497251b7f08f67e9d6bd4fb78f0f82209f27805b7510efeb0cf9aee38,39.420916,random_3_regular,0.0,,m2:random_3_regular:n6:p1:g2026:a1,6,1,0.002333,338935808.0,0.058541,1,4096,,OK,warm_single,51.867123,12.36375
0.042917,matrix_product_state,335921152.0,1,195688f3a3e355a52f00194f11a24460e6325d4369b5bbc853ad4ff540aa21a5,38.905584,random_3_regular,16384.0,,m2:random_3_regular:n6:p1:g2026:a2,6,1,0.0075,338952192.0,0.05775,2,4096,,OK,warm_single,51.300251,12.2865
0.044375,matrix_product_state,335921152.0,1,1a6d400a04137cfc1d30c2324ae414762e156d87e016e0ab6376c6eae551b18d,39.229083,random_3_regular,32768.0,,m2:random_3_regular:n6:p1:g2026:a3,6,1,0.008584,338984960.0,0.055,3,4096,,OK,warm_single,51.630583,12.293541
0.042125,matrix_product_state,335921152.0,1,45a930821ac7b7469258e215b7001db222fd3950dd1875a3c2f2cae0bdafd962,6.471291,random_3_regular,0.0,,m2:random_3_regular:n6:p1:g2027:a0,6,1,0.007667,338984960.0,0.05775,4,4096,,OK,warm_single,18.905542,12.326709
0.0135,matrix_product_state,335921152.0,1,9803a92bb736a2b6c66c59b532e87b2523669efe66eee5e441715e6bb975b8a8,34.55925,random_3_regular,0.0,,m2:random_3_regular:n6:p1:g2027:a1,6,1,0.001084,338984960.0,0.053083,5,4096,,OK,warm_single,46.878667,12.25175
0.047458,matrix_product_state,335921152.0,1,153a9cefa79b65deda1a76d13b1fdc57f70f2176fb72b3083db3b25db1c6c090,38.205916,random_3_regular,49152.0,,m2:random_3_regular:n6:p1:g2027:a2,6,1,0.008959,339034112.0,0.053917,6,4096,,OK,warm_single,50.616166,12.299916
0.043958,matrix_product_state,335921152.0,1,e477b49f5270961c5f2d4b37ede60a662274433b452890d6b715ed81788bae48,38.25525,random_3_regular,49152.0,,m2:random_3_regular:n6:p1:g2027:a3,6,1,0.007958,339083264.0,0.0675,7,4096,,OK,warm_single,50.563582000000004,12.188916
0.042834,matrix_product_state,335921152.0,1,7e3ba8baaa2ef4635869ff1bad645ddbe098b9297ea457cc1e393eeff106e78a,6.702375,random_3_regular,32768.0,,m2:random_3_regular:n6:p1:g2028:a0,6,1,0.007791,339116032.0,0.058375,8,4096,,OK,warm_single,18.782875,11.9715
0.013958,matrix_product_state,335921152.0,1,ed49653d2c8370a4777e1bee6c4f77b21eeeea302a6c6ac1c83c44785fb0bfd1,34.815292,random_3_regular,32768.0,,m2:random_3_regular:n6:p1:g2028:a1,6,1,0.001166,339148800.0,0.056167,9,4096,,OK,warm_single,47.177917,12.291334
0.054416,matrix_product_state,,1,,7.952417,random_3_regular,,0.068125,,6,2,0.009,,0.121875,,4096,,,cold_start,25.905832999999998,17.7
0.044375,matrix_product_state,335495168.0,1,3541dc77331d3dc81fa15120e29726b57df2725d2e04c571a7396a651f88c427,6.842083,random_3_regular,32768.0,,m2:random_3_regular:n6:p2:g2026:a0,6,2,0.007625,338591744.0,0.172,0,4096,,OK,warm_single,19.846,12.779917
0.043875,matrix_product_state,335495168.0,1,b69c75a3d9ca8ecb281ffeddb8ee045966eee057cae2ac3870e7163286473dd0,40.031334,random_3_regular,16384.0,,m2:random_3_regular:n6:p2:g2026:a1,6,2,0.008209,338608128.0,0.074125,1,4096,,OK,warm_single,52.481335,12.323792
0.047542,matrix_product_state,335495168.0,1,3c5004aedd599f9020c944a1a373d3102c87d1edcab4201428fbfeab3b4e7eca,39.988292,random_3_regular,65536.0,,m2:random_3_regular:n6:p2:g2026:a2,6,2,0.008333,338673664.0,0.074042,2,4096,,OK,warm_single,52.473292,12.355083
0.045292,matrix_product_state,335495168.0,1,adffb8cb6d230345b158abfc935bd013c0245b2eb164472ad04035dcaeca7336,39.415291,random_3_regular,49152.0,,m2:random_3_regular:n6:p2:g2026:a3,6,2,0.008375,338722816.0,0.077583,3,4096,,OK,warm_single,51.78737400000001,12.240833
0.042625,matrix_product_state,335495168.0,1,f3ee8a9a1a0e9c8892671bab796d06b806f38c039af389a88fe6a01e5b5ff222,6.687166,random_3_regular,16384.0,,m2:random_3_regular:n6:p2:g2027:a0,6,2,0.008083,338739200.0,0.077542,4,4096,,OK,warm_single,18.935124,12.119708
0.04175,matrix_product_state,335495168.0,1,06535fcf14ca0e1d21ad7cb1516435505fb2d4f9d6a23703f7927ce6d758d659,34.614625,random_3_regular,0.0,,m2:random_3_regular:n6:p2:g2027:a1,6,2,0.007375,338739200.0,0.070417,5,4096,,OK,warm_single,46.762333,12.028166
0.047167,matrix_product_state,335495168.0,1,c45f496dade5f0fc38f66f831df9170c750538e39137b9b1a68538fda08badbd,38.161375,random_3_regular,49152.0,,m2:random_3_regular:n6:p2:g2027:a2,6,2,0.009041,338788352.0,0.070959,6,4096,,OK,warm_single,50.357375000000005,12.068833
0.044916,matrix_product_state,335495168.0,1,85db46789100561cafd95fdbcbe3a945eefd571be0df7d0b4560ff35210ae448,38.340167,random_3_regular,49152.0,,m2:random_3_regular:n6:p2:g2027:a3,6,2,0.008333,338837504.0,0.078667,7,4096,,OK,warm_single,50.657833000000004,12.18575
0.042208,matrix_product_state,335495168.0,1,c914f2953af11b5f44071734123287d022270391efebad30ffc2f8e4b644e91d,6.68725,random_3_regular,32768.0,,m2:random_3_regular:n6:p2:g2028:a0,6,2,0.007875,338870272.0,0.078375,8,4096,,OK,warm_single,18.889499999999995,12.073792
0.043458,matrix_product_state,335495168.0,1,331f6740858af98e08ce9c0552077fa8d9eed01c16baad85691dbc5d3f9c5f95,34.662083,random_3_regular,32768.0,,m2:random_3_regular:n6:p2:g2028:a1,6,2,0.008209,338903040.0,0.071208,9,4096,,OK,warm_single,46.756333000000005,11.971375
0.0565,matrix_product_state,,1,,8.210625,random_3_regular,,0.06575,,6,3,0.008875,,0.129166,,4096,,,cold_start,26.542999000000002,18.072083
0.042917,matrix_product_state,335577088.0,1,8396513103e38168ee392570c1350fcb337863fe3e605364ed76ac929d98eea5,6.765542,random_3_regular,16384.0,,m2:random_3_regular:n6:p3:g2026:a0,6,3,0.007375,338673664.0,0.094625,0,4096,,OK,warm_single,18.996667,12.086208
0.045541,matrix_product_state,335577088.0,1,e00cc98e9728cf05ea6d0e6b362648e8b34e0a788485da9125dcb855aca4dd0b,32.894,random_3_regular,16384.0,,m2:random_3_regular:n6:p3:g2026:a1,6,3,0.008583,338690048.0,0.088709,1,4096,,OK,warm_single,45.02775,11.990917
0.044958,matrix_product_state,335577088.0,1,04a24947af1efbc123498bec0ececfed1e0d1294e3d8a791f45abb714362f343,39.4785,random_3_regular,16384.0,,m2:random_3_regular:n6:p3:g2026:a2,6,3,0.008042,338706432.0,0.094709,2,4096,,OK,warm_single,52.08625,12.460041
0.047541,matrix_product_state,335577088.0,1,b644735bdd21fc2c0f7de552f81f7ab5b349e1b74c979da8e3641e07eb6b6b7c,39.321625,random_3_regular,49152.0,,m2:random_3_regular:n6:p3:g2026:a3,6,3,0.008375,338755584.0,0.091542,3,4096,,OK,warm_single,51.819,12.349917
0.043417,matrix_product_state,335577088.0,1,da5bfacf45bf7069da151410466c095900ab614e6e49bf8bbbabb6d7190fd323,6.812667,random_3_regular,32768.0,,m2:random_3_regular:n6:p3:g2027:a0,6,3,0.007833,338788352.0,0.092667,4,4096,,OK,warm_single,19.440000000000005,12.483416
0.044833,matrix_product_state,335577088.0,1,e1ac7a60e6f6df620e4c32c302d519297156abc80c6364163e0e5ad7c0953568,32.834917,random_3_regular,16384.0,,m2:random_3_regular:n6:p3:g2027:a1,6,3,0.008084,338804736.0,0.091042,5,4096,,OK,warm_single,45.22691699999999,12.248041
0.041,matrix_product_state,335577088.0,1,107f87019ee86bbc970ee367895da90c24065941c87ba6d5b0135b978ce3db4f,38.674959,random_3_regular,32768.0,,m2:random_3_regular:n6:p3:g2027:a2,6,3,0.007,338837504.0,0.095,6,4096,,OK,warm_single,51.034667999999996,12.216709
0.044667,matrix_product_state,335577088.0,1,21e92fcb714c6abfe6c800108f49fde609cb217968b698b62cc9cc4d4a6e8b5d,38.365,random_3_regular,98304.0,,m2:random_3_regular:n6:p3:g2027:a3,6,3,0.007625,338935808.0,0.09175,7,4096,,OK,warm_single,50.616541999999995,12.1075
0.041292,matrix_product_state,335577088.0,1,54ada1f7483ffb1dc3351775afd15c7f6c8f0e334bcff4dabb0e09fb5a8b15d8,6.863625,random_3_regular,32768.0,,m2:random_3_regular:n6:p3:g2028:a0,6,3,0.007417,338968576.0,0.089917,8,4096,,OK,warm_single,19.058417,12.056166
0.045625,matrix_product_state,335577088.0,1,ffa42b5118c21366b77410d25cb183da06f3c44fb45e221e6b930e0edffd88dc,33.764959,random_3_regular,81920.0,,m2:random_3_regular:n6:p3:g2028:a1,6,3,0.008916,339050496.0,0.087042,9,4096,,OK,warm_single,45.906875,12.000333
0.153,matrix_product_state,,1,,9.406167,random_3_regular,,0.066916,,8,1,0.031042,,0.110792,,4096,,,cold_start,27.548374999999997,17.780458
0.137625,matrix_product_state,336084992.0,1,4b4e2abc44d0b8c7d577b94faad6d9fd5469b6519450f2a6a46ee95357e55444,8.270834,random_3_regular,0.0,,m2:random_3_regular:n8:p1:g2026:a0,8,1,0.030292,339247104.0,0.068583,0,4096,,OK,warm_single,20.66725,12.159916
0.144042,matrix_product_state,336084992.0,1,743eb8ab75b2048e29eb3a17b9f5b0ed7499687533f021ec8ae938844a767b99,53.473458,random_3_regular,0.0,,m2:random_3_regular:n8:p1:g2026:a1,8,1,0.032417,339247104.0,0.06125,1,4096,,OK,warm_single,65.810667,12.0995
0.13325,matrix_product_state,336084992.0,1,9dff8567018e7f7ac3b077b5b7a01795304850e5874b53e794c184b696fbe815,53.742625,random_3_regular,49152.0,,m2:random_3_regular:n8:p1:g2026:a2,8,1,0.029458,339296256.0,0.077417,2,4096,,OK,warm_single,66.616084,12.633334
0.109833,matrix_product_state,336084992.0,1,2e4cef21503d306579cd59393438b9873a2d3a3aa53676e6516ac633dce9387f,52.516167,random_3_regular,65536.0,,m2:random_3_regular:n8:p1:g2026:a3,8,1,0.023833,339361792.0,0.071,3,4096,,OK,warm_single,65.164833,12.444
0.141292,matrix_product_state,336084992.0,1,36d4828cc0e5dd2e0864273b5694ed41302c8bb4d58f18a5d53bef101cba8ca5,8.422333,random_3_regular,0.0,,m2:random_3_regular:n8:p1:g2027:a0,8,1,0.031417,339361792.0,0.063834,4,4096,,OK,warm_single,21.054042,12.395166
0.140125,matrix_product_state,336084992.0,1,a2af36af0b96e0234bceff901e94dfa1dfc55a2eebc8989112aa4981bf33c927,60.081875,random_3_regular,0.0,,m2:random_3_regular:n8:p1:g2027:a1,8,1,0.03125,339361792.0,0.076083,5,4096,,OK,warm_single,72.979458,12.650125
0.126167,matrix_product_state,336084992.0,1,f00a5a7d9b3edc3399c1027504a19d5377a3f32a5e925f626622ba1f4567815a,60.227125,random_3_regular,16384.0,,m2:random_3_regular:n8:p1:g2027:a2,8,1,0.028334,339378176.0,0.070667,6,4096,,OK,warm_single,72.903959,12.451666
0.124208,matrix_product_state,336084992.0,1,93aa501e1a45d946cb01f6ebf11f9e2bbe0ce7792980df26a08206d18ff31a4b,60.2065,random_3_regular,49152.0,,m2:random_3_regular:n8:p1:g2027:a3,8,1,0.027208,339427328.0,0.070125,7,4096,,OK,warm_single,72.909916,12.481875
0.137083,matrix_product_state,336084992.0,1,fd2871d2ed15b95542fe4a032fa75ce3f6e8a2baad9b4ae03e785d8b76c0938e,8.287875,random_3_regular,32768.0,,m2:random_3_regular:n8:p1:g2028:a0,8,1,0.030667,339460096.0,0.074625,8,4096,,OK,warm_single,21.100584,12.570334
0.135959,matrix_product_state,336084992.0,1,020ca4c97501f345b2f0a63c06af036e760c0b8edcf3e5f583eb3339c942c488,60.89375,random_3_regular,49152.0,,m2:random_3_regular:n8:p1:g2028:a1,8,1,0.030666,339509248.0,0.066875,9,4096,,OK,warm_single,73.329167,12.201917
0.158917,matrix_product_state,,1,,9.570625,random_3_regular,,0.06425,,8,2,0.031958,,0.130583,,4096,,,cold_start,27.701416000000002,17.745083
0.143166,matrix_product_state,335675392.0,1,3652f7414d555cfb45eba07389f4221498c7f9b1c3a89a29df879a81b6f8a220,8.621458,random_3_regular,0.0,,m2:random_3_regular:n8:p2:g2026:a0,8,2,0.031042,339066880.0,0.108,0,4096,,OK,warm_single,21.331833000000003,12.428167
0.139167,matrix_product_state,335675392.0,1,411accdf050887bd1662acf3df8e621e292dc289cdbdd59759b0e4e26df75bd9,49.783625,random_3_regular,0.0,,m2:random_3_regular:n8:p2:g2026:a1,8,2,0.031875,339066880.0,0.090208,1,4096,,OK,warm_single,62.434125,12.38925
0.140083,matrix_product_state,335675392.0,1,e6a847a8aebd47573c310fbe554d6a2298fdc49e315d3a8dd9e8a4691df72558,64.629042,random_3_regular,98304.0,,m2:random_3_regular:n8:p2:g2026:a2,8,2,0.031167,339165184.0,0.08925,2,4096,,OK,warm_single,77.069167,12.179625
0.137167,matrix_product_state,335675392.0,1,54891cf0f388bee3e6d6518351109e6826997af3b5cdda40536bc58757a76094,64.591333,random_3_regular,16384.0,,m2:random_3_regular:n8:p2:g2026:a3,8,2,0.031,339181568.0,0.097042,3,4096,,OK,warm_single,77.02704200000002,12.1705
0.1375,matrix_product_state,335675392.0,1,7dccc16e214964d0208cb1d7a704b1e466895c321a4cd69ce7c8ab575b18569c,8.646084,random_3_regular,32768.0,,m2:random_3_regular:n8:p2:g2027:a0,8,2,0.030292,339214336.0,0.09075,4,4096,,OK,warm_single,20.978125999999996,12.0735
0.141041,matrix_product_state,335675392.0,1,3ee5b0b979354ea4ab133c7d75017855847d5b725390bccb1a866b104accc6be,70.877708,random_3_regular,16384.0,,m2:random_3_regular:n8:p2:g2027:a1,8,2,0.032125,339230720.0,0.089708,5,4096,,OK,warm_single,83.24928999999999,12.108708
0.132833,matrix_product_state,335675392.0,1,575e9df16d144b6899f75d522e4f58a7af288e22ecd46450b60d2f38ba581fbf,69.4285,random_3_regular,32768.0,,m2:random_3_regular:n8:p2:g2027:a2,8,2,0.029667,339263488.0,0.089208,6,4096,,OK,warm_single,82.13225000000001,12.452042
0.140792,matrix_product_state,335675392.0,1,d520e0e9683ebfa3667e5a94e2d180ac68257541c49c33805b09d51c05e1ac69,69.479,random_3_regular,49152.0,,m2:random_3_regular:n8:p2:g2027:a3,8,2,0.034334,339312640.0,0.088084,7,4096,,OK,warm_single,82.12479400000001,12.382584
0.138584,matrix_product_state,335675392.0,1,67b32c8c59564c319d2216e4815c59ec093baf90ef3433f5d79c8e654844349a,8.4095,random_3_regular,32768.0,,m2:random_3_regular:n8:p2:g2028:a0,8,2,0.031291,339345408.0,0.097583,8,4096,,OK,warm_single,21.164333000000003,12.487375
0.136583,matrix_product_state,335675392.0,1,d3f21e3a31d1b735c7d980dc3f6130c65578f099b708ec5fdaf78f8a99c11bf8,70.542042,random_3_regular,65536.0,,m2:random_3_regular:n8:p2:g2028:a1,8,2,0.031125,339410944.0,0.086833,9,4096,,OK,warm_single,83.112958,12.316375
0.16375,matrix_product_state,,1,,9.495334,random_3_regular,,0.06875,,8,3,0.031625,,0.165166,,4096,,,cold_start,27.662875,17.73825
0.139166,matrix_product_state,335904768.0,1,49eeb222b528900f16c21a8074ef915cd32fd6e9a74a569e5ab888edd901a0e4,8.491792,random_3_regular,16384.0,,m2:random_3_regular:n8:p3:g2026:a0,8,3,0.030917,339197952.0,0.13825,0,4096,,OK,warm_single,21.095166999999996,12.295042
0.135791,matrix_product_state,335904768.0,1,4ee54e84c41a57c9ab15a3c86f2f8e5364650f102c32d400fda4b1ef3398ff5e,52.874708,random_3_regular,16384.0,,m2:random_3_regular:n8:p3:g2026:a1,8,3,0.032542,339214336.0,0.116209,1,4096,,OK,warm_single,65.144291,11.985041
0.141667,matrix_product_state,335904768.0,1,6b28ff887e5d20451ac644dbb92c3c58946be96a02b3f49fd61fe62b65231eb2,63.357542,random_3_regular,65536.0,,m2:random_3_regular:n8:p3:g2026:a2,8,3,0.032042,339279872.0,0.115709,2,4096,,OK,warm_single,75.68812700000001,12.041167
0.129625,matrix_product_state,335904768.0,1,541f474d49ae1d49d5bfb2c23df5f3cd97fbe73849a9c63f3fdf95db6c21e015,63.095125,random_3_regular,49152.0,,m2:random_3_regular:n8:p3:g2026:a3,8,3,0.029417,339329024.0,0.119875,3,4096,,OK,warm_single,75.852917,12.478875
0.138334,matrix_product_state,335904768.0,1,44e5cdb76f5a377f05c2f7d3999a250d621cd08f3994b3fe6257d390072afeba,8.581334,random_3_regular,32768.0,,m2:random_3_regular:n8:p3:g2027:a0,8,3,0.03025,339361792.0,0.119125,4,4096,,OK,warm_single,21.263335,12.394292
0.140625,matrix_product_state,335904768.0,1,627c050615cd5e82b5118b67dff648d4c969b4a0744a5f787ace13bcd1bcb641,60.429042,random_3_regular,16384.0,,m2:random_3_regular:n8:p3:g2027:a1,8,3,0.031666,339378176.0,0.11075,5,4096,,OK,warm_single,72.9825,12.270417
0.13575,matrix_product_state,335904768.0,1,20d54b5537034a6e2d2fac48b03a112cc8711140305de9a4299ebf2e75e322d7,69.916709,random_3_regular,81920.0,,m2:random_3_regular:n8:p3:g2027:a2,8,3,0.029375,339460096.0,0.117,6,4096,,OK,warm_single,82.651667,12.452833
0.128625,matrix_product_state,335904768.0,1,2c222763f130e7ac86737968253f15fbaab4704a6798acfa53ecae5355acdfe4,69.934875,random_3_regular,65536.0,,m2:random_3_regular:n8:p3:g2027:a3,8,3,0.027458,339525632.0,0.122542,7,4096,,OK,warm_single,82.373334,12.159834
0.141042,matrix_product_state,335904768.0,1,daa51331183d8768453c9e2dfaae0f0af95329456c8b05f724a26e3cc524bd6d,8.732,random_3_regular,0.0,,m2:random_3_regular:n8:p3:g2028:a0,8,3,0.032708,339525632.0,0.116542,8,4096,,OK,warm_single,21.180332999999997,12.158041
0.13575,matrix_product_state,335904768.0,1,d82ffce26638661cf0273f385cb8a83c7e5a661b1bdb1693980153518c86abe3,61.059375,random_3_regular,49152.0,,m2:random_3_regular:n8:p3:g2028:a1,8,3,0.030834,339574784.0,0.116041,9,4096,,OK,warm_single,73.30975000000001,11.96775
0.516959,matrix_product_state,,1,,11.73,random_3_regular,,0.060375,,10,1,0.151792,,0.112041,,4096,,,cold_start,30.263459,17.692292
0.518084,matrix_product_state,336052224.0,1,8c17447a8e139ef59c1b6d3e0b13a63c9cc49fd0da5a2886adf110f7e8c0a484,10.172833,random_3_regular,16384.0,,m2:random_3_regular:n10:p1:g2026:a0,10,1,0.153916,339558400.0,0.11725,0,4096,,OK,warm_single,23.079458,12.117375
0.143,matrix_product_state,336052224.0,1,e56e40725a0dbddc0f506a5984f7b28ec738975963c5af3468f1c8ded5a5db32,100.73025,random_3_regular,32768.0,,m2:random_3_regular:n10:p1:g2026:a1,10,1,0.032208,339591168.0,0.073042,1,4096,,OK,warm_single,112.90691699999999,11.928417
0.343958,matrix_product_state,336052224.0,1,f24f42a67fc70fe5d90eb51c959a2340de8934820b5d9689de4dd6d4f2e2715a,101.190792,random_3_regular,16384.0,,m2:random_3_regular:n10:p1:g2026:a2,10,1,0.100042,339607552.0,0.074792,2,4096,,OK,warm_single,113.691084,11.9815
0.327917,matrix_product_state,336052224.0,1,42c381643582d02f54118f0c564ebd3d1c92a54c480b21b6404f01d3761e60a0,101.16675,random_3_regular,49152.0,,m2:random_3_regular:n10:p1:g2026:a3,10,1,0.088667,339656704.0,0.074459,3,4096,,OK,warm_single,113.54458399999999,11.886791
0.552208,matrix_product_state,336052224.0,1,ab4d0b367190e36b21f5906a654760065c5acbbd6dba03ac3854a21f9ece767f,10.292375,random_3_regular,16384.0,,m2:random_3_regular:n10:p1:g2027:a0,10,1,0.161291,339673088.0,0.105708,4,4096,,OK,warm_single,23.956539999999997,12.844958
0.155959,matrix_product_state,336052224.0,1,c322fbc2932a49350c3733aaeb0f77bc66f03b02828b76156d28249f51f21e75,78.498459,random_3_regular,0.0,,m2:random_3_regular:n10:p1:g2027:a1,10,1,0.034416,339673088.0,0.078125,5,4096,,OK,warm_single,91.34612499999999,12.579166
0.37425,matrix_product_state,336052224.0,1,ae3ca7658d16acadab042a260c8042ffc079b82307bac359429ca11ecae035ec,81.086167,random_3_regular,32768.0,,m2:random_3_regular:n10:p1:g2027:a2,10,1,0.099666,339705856.0,0.077083,6,4096,,OK,warm_single,94.134375,12.497209
0.321042,matrix_product_state,336052224.0,1,c1f2e9240143deccbc0b2eea891d050b89e2849a6562d8527b0b5b38c0966bab,81.14,random_3_regular,114688.0,,m2:random_3_regular:n10:p1:g2027:a3,10,1,0.083,339820544.0,0.077834,7,4096,,OK,warm_single,94.141542,12.519666
0.514125,matrix_product_state,336052224.0,1,13eda4dccf918974d71d9c3f4606f2b4e76fe67c2dc2bd0cee22899b6c08d390,10.159375,random_3_regular,16384.0,,m2:random_3_regular:n10:p1:g2028:a0,10,1,0.153125,339836928.0,0.077292,8,4096,,OK,warm_single,23.425334,12.521417
0.524208,matrix_product_state,336052224.0,1,08885a035ba38a65dce3a9853cc57a978e3d3d6eb323a61fbe9b00f103356e87,79.728875,random_3_regular,32768.0,,m2:random_3_regular:n10:p1:g2028:a1,10,1,0.160125,339869696.0,0.0745,9,4096,,OK,warm_single,92.488542,12.000834
0.534334,matrix_product_state,,1,,11.936375,random_3_regular,,0.067417,,10,2,0.156209,,0.160375,,4096,,,cold_start,31.113626,18.258916
0.511,matrix_product_state,335642624.0,1,99b89baccddacbfa36cd2934bf955a8d88da189ad662ef71a61280e33cbebd80,10.663125,random_3_regular,32768.0,,m2:random_3_regular:n10:p2:g2026:a0,10,2,0.150291,339263488.0,0.116708,0,4096,,OK,warm_single,23.687706999999996,12.246583
0.521292,matrix_product_state,335642624.0,1,dfde5edfe3b0ab9f4e6755036edc7c5540da880c2916f121e6af4c62288eaf4f,102.8935,random_3_regular,16384.0,,m2:random_3_regular:n10:p2:g2026:a1,10,2,0.166,339279872.0,0.10475,1,4096,,OK,warm_single,115.788542,12.103
0.421292,matrix_product_state,335642624.0,1,0959b808f276199ccc0c4bd852e1c56e2f1868761202cf554c5c2ce8a4dcced9,151.947041,random_3_regular,0.0,,m2:random_3_regular:n10:p2:g2026:a2,10,2,0.123625,339279872.0,0.139542,2,4096,,OK,warm_single,164.90870800000002,12.277208
0.431708,matrix_product_state,335642624.0,1,cf5868c7a6aab71435ba8a8afc6bd77a3fa7c78e34b67fdbdf63ad152a73a260,152.021583,random_3_regular,16384.0,,m2:random_3_regular:n10:p2:g2026:a3,10,2,0.12825,339296256.0,0.108042,3,4096,,OK,warm_single,164.81841599999998,12.128833
0.50675,matrix_product_state,335642624.0,1,a76866ad82c2fc76c2e6ced54ac9befca2a57215b01800094e1d66a4e601bf0a,10.594791,random_3_regular,114688.0,,m2:random_3_regular:n10:p2:g2027:a0,10,2,0.148625,339410944.0,0.108167,4,4096,,OK,warm_single,23.808958,12.450625
0.515792,matrix_product_state,335642624.0,1,ee9a4b32f22e48030ca2e55e5b1455f1568f748077c1bd1216592298c5740779,104.202042,random_3_regular,49152.0,,m2:random_3_regular:n10:p2:g2027:a1,10,2,0.162291,339460096.0,0.098542,5,4096,,OK,warm_single,117.02775100000001,12.049084
0.416875,matrix_product_state,335642624.0,1,16207ce89e3bfe1e9b078cdf941908b13ac2f085b455fdb382adb9b87682a418,128.026666,random_3_regular,163840.0,,m2:random_3_regular:n10:p2:g2027:a2,10,2,0.123125,339623936.0,0.122542,6,4096,,OK,warm_single,140.955875,12.266667
0.449167,matrix_product_state,335642624.0,1,b10a1a1b005e606609345874a9f11652aa30323d8600f18944c47c7c076e382b,126.897041,random_3_regular,49152.0,,m2:random_3_regular:n10:p2:g2027:a3,10,2,0.133,339673088.0,0.129125,7,4096,,OK,warm_single,139.861624,12.253291
0.502292,matrix_product_state,335642624.0,1,39ae5d639831d34656c002dcd834d45b7c6262e97e2489da92640b67f0ff359e,10.58675,random_3_regular,32768.0,,m2:random_3_regular:n10:p2:g2028:a0,10,2,0.148834,339705856.0,0.117292,8,4096,,OK,warm_single,23.669793000000002,12.314625
0.510708,matrix_product_state,335642624.0,1,33818c821840350dc58948d05ebc6e939c52687c186e5ce1b4e16dfed490d24f,72.46425,random_3_regular,32768.0,,m2:random_3_regular:n10:p2:g2028:a1,10,2,0.155459,339738624.0,0.106458,9,4096,,OK,warm_single,85.34083299999999,12.103958
0.540125,matrix_product_state,,1,,11.934958,random_3_regular,,0.069875,,10,3,0.152208,,0.17825,,4096,,,cold_start,31.215874,18.340458
0.514292,matrix_product_state,335511552.0,1,3eeccaa095c2b2fcef7610934cbc81415712cf7e5f915a7e63d7a162166f25a1,10.4595,random_3_regular,32768.0,,m2:random_3_regular:n10:p3:g2026:a0,10,3,0.154375,339279872.0,0.155292,0,4096,,OK,warm_single,24.019167000000003,12.735708
0.027708,matrix_product_state,335511552.0,1,27affb74989b2cfa1753436dc95dec8d97e0701535fd86d51342a13af2722c35,81.160375,random_3_regular,0.0,,m2:random_3_regular:n10:p3:g2026:a1,10,3,0.004,339279872.0,0.134291,1,4096,,OK,warm_single,93.77058300000002,12.444209
0.374041,matrix_product_state,335511552.0,1,09604831017d0289832d4f02f9eeed4dfdb6970e751afaf5e824ea831a5bcae4,154.547833,random_3_regular,49152.0,,m2:random_3_regular:n10:p3:g2026:a2,10,3,0.120875,339329024.0,0.155166,2,4096,,OK,warm_single,167.83170700000002,12.633792
0.37775,matrix_product_state,335511552.0,1,3cfd82589ae43d74c40460aced970103061eb48df07b4914cbdf06ed632c616c,154.737042,random_3_regular,65536.0,,m2:random_3_regular:n10:p3:g2026:a3,10,3,0.10875,339394560.0,0.147334,3,4096,,OK,warm_single,167.87758399999998,12.506708
0.505708,matrix_product_state,335511552.0,1,0b6c77357d78111d117762ba88ab6c246f5d1a383e8d968b223c327c38758b27,10.459166,random_3_regular,16384.0,,m2:random_3_regular:n10:p3:g2027:a0,10,3,0.155667,339410944.0,0.137042,4,4096,,OK,warm_single,23.739207999999998,12.481625
0.0255,matrix_product_state,335511552.0,1,d9c0100e503afa3f35a0b0953e149de51bc0a7bb6e60956a2d36540b3f1bb24a,78.01875,random_3_regular,65536.0,,m2:random_3_regular:n10:p3:g2027:a1,10,3,0.003375,339476480.0,0.12975,5,4096,,OK,warm_single,90.56816599999999,12.390791
0.350083,matrix_product_state,335511552.0,1,cd2fa22b00409c2a5b6f25552a4dd16fcaf41bcb64733d0c6fc2a66408bc3ace,129.772917,random_3_regular,212992.0,,m2:random_3_regular:n10:p3:g2027:a2,10,3,0.108334,339689472.0,0.156208,6,4096,,OK,warm_single,142.98158400000003,12.594042
0.378834,matrix_product_state,335511552.0,1,77791a90d1f87886355518b297011c2081f6accee39f2c2d0e7e5040561f1bfd,129.659542,random_3_regular,65536.0,,m2:random_3_regular:n10:p3:g2027:a3,10,3,0.109959,339755008.0,0.153083,7,4096,,OK,warm_single,142.667626,12.366208
0.513208,matrix_product_state,335511552.0,1,3107524e24c3feee6fbe8a65e7810f9812068aee0ace9046d8a6846dbfe705c7,10.505042,random_3_regular,114688.0,,m2:random_3_regular:n10:p3:g2028:a0,10,3,0.151083,339869696.0,0.139375,8,4096,,OK,warm_single,23.527417,12.218709
0.506334,matrix_product_state,335511552.0,1,35360a87c6942c5b295f879cc1ca7e5732cec9599f8c750d5df34e6b645af8b6,73.290375,random_3_regular,49152.0,,m2:random_3_regular:n10:p3:g2028:a1,10,3,0.151375,339918848.0,0.131375,9,4096,,OK,warm_single,86.238001,12.158542
1.288875,matrix_product_state,,1,,13.698167,random_3_regular,,0.065125,,12,1,0.520667,,0.130167,,4096,,,cold_start,33.326418000000004,17.623417
1.320667,matrix_product_state,335708160.0,1,6367fdf1a60fbb8c97f3eb7ddcd4b9bfda1077e23fb77fc249e6ba217ee2068e,12.274625,random_3_regular,32768.0,,m2:random_3_regular:n12:p1:g2026:a0,12,1,0.468833,339509248.0,0.08875,0,4096,,OK,warm_single,26.342667000000002,12.189792
0.15075,matrix_product_state,335708160.0,1,9ddb13db88293be9ae97fb6bf5babbc8fec0b8153fc44c5b86b90a5cab495ba2,140.709041,random_3_regular,32768.0,,m2:random_3_regular:n12:p1:g2026:a1,12,1,0.036667,339542016.0,0.09375,1,4096,,OK,warm_single,153.204208,12.214
0.667917,matrix_product_state,335708160.0,1,25f703950c62458287352531070eb146ad8efaf12c69c0e3669db48379e0b7da,140.197667,random_3_regular,32768.0,,m2:random_3_regular:n12:p1:g2026:a2,12,1,0.214917,339574784.0,0.087958,2,4096,,OK,warm_single,153.417001,12.248542
0.655667,matrix_product_state,335708160.0,1,b8e73ec1d661111ae55f12ace0ffdac1ea48c95d94f87919af7c7d721f12d808,140.893333,random_3_regular,16384.0,,m2:random_3_regular:n12:p1:g2026:a3,12,1,0.226542,339591168.0,0.092667,3,4096,,OK,warm_single,154.092084,12.223875
1.325542,matrix_product_state,335708160.0,1,59739e009b7506f9dff3ddb59bdc673541c4d94bf527fa7078efc9d2473d7779,12.145333,random_3_regular,49152.0,,m2:random_3_regular:n12:p1:g2027:a0,12,1,0.459541,339640320.0,0.11125,4,4096,,OK,warm_single,26.446166,12.4045
1.307125,matrix_product_state,335708160.0,1,8db38367f0c4db7fdfa9ac601084c6c9fa68748c6589098aaf3ef0fde9173ee1,132.513125,random_3_regular,32768.0,,m2:random_3_regular:n12:p1:g2027:a1,12,1,0.463542,339673088.0,0.094708,5,4096,,OK,warm_single,146.702542,12.324042
0.704709,matrix_product_state,335708160.0,1,79ce16f42779d948a05f85de99589f79f93aaf2135844a02ae584bc8cf2212cc,132.80825,random_3_regular,16384.0,,m2:random_3_regular:n12:p1:g2027:a2,12,1,0.230167,339689472.0,0.091625,6,4096,,OK,warm_single,146.074918,12.240167
0.625667,matrix_product_state,335708160.0,1,205a64c03e37fd033567ebf04959aeede447931a9eaf40c97297691a12be9ebf,131.309917,random_3_regular,114688.0,,m2:random_3_regular:n12:p1:g2027:a3,12,1,0.199875,339804160.0,0.089959,7,4096,,OK,warm_single,144.461793,12.236375
1.280875,matrix_product_state,335708160.0,1,de04585fb64daae08b078d227754869581c349d327211239fe83f78f46c3a6cb,12.437792,random_3_regular,16384.0,,m2:random_3_regular:n12:p1:g2028:a0,12,1,0.446125,339820544.0,0.092875,8,4096,,OK,warm_single,26.428209,12.170542
0.532666,matrix_product_state,335708160.0,1,207d8052edcf168d945dbacb1b8f784d090a3eb0f10482dc1a67fcd571a2d1b0,152.719416,random_3_regular,163840.0,,m2:random_3_regular:n12:p1:g2028:a1,12,1,0.17225,339984384.0,0.0835,9,4096,,OK,warm_single,165.430541,11.922709
1.314333,matrix_product_state,,1,,13.721875,random_3_regular,,0.069583,,12,2,0.519959,,0.172041,,4096,,,cold_start,33.769832,17.972041
1.283541,matrix_product_state,335724544.0,1,50d923e9021bfaf93949635f98595731cdc2f1bbd760d47c6b850995f0e0c6a9,12.174625,random_3_regular,49152.0,,m2:random_3_regular:n12:p2:g2026:a0,12,2,0.448167,340344832.0,0.168375,0,4096,,OK,warm_single,26.36675,12.292042
1.290542,matrix_product_state,335724544.0,1,fb8d325c498313c0f241e5206abc356e3d2b709f8d1adacad2a175ab48383e17,228.208792,random_3_regular,32768.0,,m2:random_3_regular:n12:p2:g2026:a1,12,2,0.46025,340377600.0,0.11875,1,4096,,OK,warm_single,241.95662599999997,11.878292
0.944,matrix_product_state,335724544.0,1,09ccd9f0affe01a29ae5050e68a3aee3d133ffb72de5c5318eb0a62ffda55f74,479.2915,random_3_regular,32768.0,,m2:random_3_regular:n12:p2:g2026:a2,12,2,0.338916,340410368.0,0.128791,2,4096,,OK,warm_single,492.648957,11.94575
1.01425,matrix_product_state,335724544.0,1,90fe94e1c4b10b9f5099a52e612f119d511d0ad182adf81d53652a74912d2fb5,482.869125,random_3_regular,49152.0,,m2:random_3_regular:n12:p2:g2026:a3,12,2,0.368666,340459520.0,0.160916,3,4096,,OK,warm_single,496.60816500000004,12.195208
1.2815,matrix_product_state,335724544.0,1,801cef68bc83e1317ab0d03831e74c165a49c41e3b2cf68f2c7ef77db0a7455e,12.426416,random_3_regular,16384.0,,m2:random_3_regular:n12:p2:g2027:a0,12,2,0.455291,340475904.0,0.158792,4,4096,,OK,warm_single,26.835624,12.513625
1.32825,matrix_product_state,335724544.0,1,08ff4c249f0fb3528649c65050854c87a24b50ac0e91f81e6266236628ef3c3a,478.282042,random_3_regular,163840.0,,m2:random_3_regular:n12:p2:g2027:a1,12,2,0.484833,340639744.0,0.120125,5,4096,,OK,warm_single,492.398625,12.183375
0.930375,matrix_product_state,335724544.0,1,b78eaf9e2ce25c2624e2fa29cb4510434366a92cdea469f56c45d49064ae1b9c,486.428042,random_3_regular,65536.0,,m2:random_3_regular:n12:p2:g2027:a2,12,2,0.339583,340705280.0,0.215125,6,4096,,OK,warm_single,500.43050000000005,12.517375
1.019917,matrix_product_state,335724544.0,1,6e599060551855292897bd671098ab7dbefcc2e2473f5c17a8b124ab0b89500a,487.35575,random_3_regular,147456.0,,m2:random_3_regular:n12:p2:g2027:a3,12,2,0.365583,340852736.0,0.153709,7,4096,,OK,warm_single,501.484501,12.589542
1.296167,matrix_product_state,335724544.0,1,5b6d467b00f8ab34e74997af470a33ec0c0baec5a219c80a9113d0dd98c784a4,12.879541,random_3_regular,16384.0,,m2:random_3_regular:n12:p2:g2028:a0,12,2,0.462584,340869120.0,0.160916,8,4096,,OK,warm_single,27.041083,12.241875
0.155125,matrix_product_state,335724544.0,1,7dcebb930a76afa3a12f865dd206187a6f4a5b4ba1613b34005f3366aab25a2f,490.528542,random_3_regular,32768.0,,m2:random_3_regular:n12:p2:g2028:a1,12,2,0.046,340901888.0,0.134666,9,4096,,OK,warm_single,502.904958,12.040625
1.290125,matrix_product_state,,1,,14.045667,random_3_regular,,0.069542,,12,3,0.513667,,0.205708,,4096,,,cold_start,34.239543,18.114834
1.283833,matrix_product_state,335429632.0,1,411c9c682947fe472ac06c7be1f67d7735f0781128b92f8b2091437c0b772c01,12.544417,random_3_regular,114688.0,,m2:random_3_regular:n12:p3:g2026:a0,12,3,0.448875,340377600.0,0.280667,0,4096,,OK,warm_single,27.393042,12.83525
1.313875,matrix_product_state,335429632.0,1,1a857a84524b86ac1a71e9e333428b6334830be602ff9bdc7552448d656a300d,89.2385,random_3_regular,49152.0,,m2:random_3_regular:n12:p3:g2026:a1,12,3,0.46725,340426752.0,0.149208,1,4096,,OK,warm_single,103.43920800000001,12.270375
0.719667,matrix_product_state,335429632.0,1,a124f4f8f96972fdfb66b7c68aaa7d12b60c8c476cef8b98cd82de09a42f485d,506.316625,random_3_regular,32768.0,,m2:random_3_regular:n12:p3:g2026:a2,12,3,0.248125,340459520.0,0.192666,2,4096,,OK,warm_single,520.1311669999999,12.654084
0.83725,matrix_product_state,335429632.0,1,67cbee250d75b4d46bdebb6c5514cb3ce9df9d4e0edca80740c3976ebdfc5ff2,501.302917,random_3_regular,49152.0,,m2:random_3_regular:n12:p3:g2026:a3,12,3,0.290166,340508672.0,0.213167,3,4096,,OK,warm_single,515.417959,12.774459
1.304583,matrix_product_state,335429632.0,1,226805621d138f50fe4c587c4593c7a1a11ff5ef9cdc01db781257c90b14132e,12.77,random_3_regular,16384.0,,m2:random_3_regular:n12:p3:g2027:a0,12,3,0.4625,340525056.0,0.197666,4,4096,,OK,warm_single,27.189582,12.454833
1.29625,matrix_product_state,335429632.0,1,223963958dc07222a87c2922e4fbec5f0f9125257da772e12a6f73544dbf3269,207.964208,random_3_regular,65536.0,,m2:random_3_regular:n12:p3:g2027:a1,12,3,0.468542,340590592.0,0.159666,5,4096,,OK,warm_single,222.35012400000002,12.461458
0.786667,matrix_product_state,335429632.0,1,0d6ea3b3d492e82ebbdf067284df1a63c6ad216cead442dd1c9bf620baca18a5,509.2265,random_3_regular,327680.0,,m2:random_3_regular:n12:p3:g2027:a2,12,3,0.276625,340918272.0,0.164375,6,4096,,OK,warm_single,522.993167,12.539
0.858292,matrix_product_state,335429632.0,1,cb8756af6f8a58dc482630aecdf70e569edd45fcc1267c6d950d757e791f172b,514.314875,random_3_regular,49152.0,,m2:random_3_regular:n12:p3:g2027:a3,12,3,0.298125,340967424.0,0.199875,7,4096,,OK,warm_single,528.531959,12.860792
1.323667,matrix_product_state,335429632.0,1,cd40af6a0513e5ecc58be9198b51dbb2276b269264aaa04f433cc6395d82a5f8,13.019834,random_3_regular,65536.0,,m2:random_3_regular:n12:p3:g2028:a0,12,3,0.463292,341032960.0,0.185333,8,4096,,OK,warm_single,27.660000999999998,12.667875
1.297792,matrix_product_state,335429632.0,1,b20deb7bceb9e964a6f56ee77c6d15f91fcfe0f3e0ff700716fd92053d7049af,200.623958,random_3_regular,32768.0,,m2:random_3_regular:n12:p3:g2028:a1,12,3,0.471292,341065728.0,0.152833,9,4096,,OK,warm_single,215.01979199999997,12.473917
1.886041,matrix_product_state,,1,,15.744,random_3_regular,,0.063709,,14,1,0.734167,,0.137875,,4096,,,cold_start,36.761375,18.195583
1.875458,matrix_product_state,335675392.0,1,6a14913778304a3ca5dde6737e2f00d963696177ee342d054a5e91007ce1a256,14.313,random_3_regular,32768.0,,m2:random_3_regular:n14:p1:g2026:a0,14,1,0.67675,340066304.0,0.121333,0,4096,,OK,warm_single,29.616082,12.629541
1.311042,matrix_product_state,335675392.0,1,a08f3fdb6ae9f643757ed48b2b74825a2ce920ddb2a50fe5d335580fd3c77482,277.905916,random_3_regular,16384.0,,m2:random_3_regular:n14:p1:g2026:a1,14,1,0.485667,340082688.0,0.097666,1,4096,,OK,warm_single,292.25874999999996,12.458459
1.084625,matrix_product_state,335675392.0,1,2c43653b661bdd802e6c9f41877fb424daee5d8a5a118c63fcd7fa32a2f40201,285.598833,random_3_regular,32768.0,,m2:random_3_regular:n14:p1:g2026:a2,14,1,0.394458,340115456.0,0.128,2,4096,,OK,warm_single,299.78620800000004,12.580292
1.070333,matrix_product_state,335675392.0,1,f946386aded359b79bdfabe6248ebe6378d422c01d09658d8ecfbd3c1e0c1930,286.460208,random_3_regular,65536.0,,m2:random_3_regular:n14:p1:g2026:a3,14,1,0.388125,340180992.0,0.123917,3,4096,,OK,warm_single,300.374542,12.331959
1.851584,matrix_product_state,335675392.0,1,e558d75ff216fc3833ed3513ac2c81508f6ce84c77311f1e831961a5eaef091e,14.58375,random_3_regular,49152.0,,m2:random_3_regular:n14:p1:g2027:a0,14,1,0.658958,340230144.0,0.125458,4,4096,,OK,warm_single,29.437417,12.217667
1.311916,matrix_product_state,335675392.0,1,07e6a54342fe34b99ed6a85f89fa7f144f9f6856f7a255a904141637db85b7cb,423.404375,random_3_regular,278528.0,,m2:random_3_regular:n14:p1:g2027:a1,14,1,0.495708,340508672.0,0.090792,5,4096,,OK,warm_single,437.417749,12.114958
1.078375,matrix_product_state,335675392.0,1,bacedc0bccd3e87460a1094e14f12a56f30bd467ba6fa2e8f72bcddb9c136997,432.396042,random_3_regular,65536.0,,m2:random_3_regular:n14:p1:g2027:a2,14,1,0.391166,340574208.0,0.151209,6,4096,,OK,warm_single,446.551292,12.5345
1.082375,matrix_product_state,335675392.0,1,b52359198c5196fff4609cb2a97cbbd3de7d4d7c80b284d17377a25293fd7efe,421.582667,random_3_regular,49152.0,,m2:random_3_regular:n14:p1:g2027:a3,14,1,0.401375,340623360.0,0.132125,7,4096,,OK,warm_single,435.546042,12.3475
1.914417,matrix_product_state,335675392.0,1,ded379b39c4b26df293620b37cd8de85f85b4939a35763e436d77ad7f2a8a0d9,14.094667,random_3_regular,49152.0,,m2:random_3_regular:n14:p1:g2028:a0,14,1,0.684458,340672512.0,0.142958,8,4096,,OK,warm_single,29.598708,12.762208
1.322666,matrix_product_state,335675392.0,1,3ddd2f2cd15c9cb82cd7a5b25346bc3496bc974fc0f33a1cb5e072404b870f10,350.972167,random_3_regular,147456.0,,m2:random_3_regular:n14:p1:g2028:a1,14,1,0.481291,340819968.0,0.10625,9,4096,,OK,warm_single,365.44195700000006,12.559583
1.972083,matrix_product_state,,1,,16.409459,random_3_regular,,0.0675,,14,2,0.752334,,0.186375,,4096,,,cold_start,37.880751,18.493
1.85675,matrix_product_state,336052224.0,1,062d0fe6b817e4a8b7ec21904ca8d863e27ed26a7f4ba0b91ffe0742e4be724e,14.972167,random_3_regular,65536.0,,m2:random_3_regular:n14:p2:g2026:a0,14,2,0.679458,342654976.0,0.19175,0,4096,,OK,warm_single,30.445916999999998,12.745792
1.870208,matrix_product_state,336052224.0,1,fecb9bea943ba5fd3d7654ba48b53c3bdbea1b6b341a6f2377f4e377025d31fd,672.733041,random_3_regular,32768.0,,m2:random_3_regular:n14:p2:g2026:a1,14,2,0.692625,342687744.0,0.147,1,4096,,OK,warm_single,688.23179,12.788916
1.54625,matrix_product_state,336052224.0,1,3ba7e09547b6544d00ccc4f6587f220e995b62e6be344694acde7fd2f1bc0ce5,1876.891333,random_3_regular,32768.0,,m2:random_3_regular:n14:p2:g2026:a2,14,2,0.566333,342720512.0,0.182,2,4096,,OK,warm_single,1891.92775,12.741834
1.640417,matrix_product_state,336052224.0,1,cec1a81a574e9d174edb31aa4565f6eecdbbc46fd2f73935d7a9a1255ed25aa8,1884.536625,random_3_regular,81920.0,,m2:random_3_regular:n14:p2:g2026:a3,14,2,0.590708,342802432.0,0.1745,3,4096,,OK,warm_single,1899.741916,12.799666
1.884625,matrix_product_state,336052224.0,1,9a7b3d9eea79ad0b98334b093ac179c93ebd9f205fd2583733da740f3212719f,14.485958,random_3_regular,49152.0,,m2:random_3_regular:n14:p2:g2027:a0,14,2,0.689166,342851584.0,0.177625,4,4096,,OK,warm_single,29.872291,12.634917
1.85475,matrix_product_state,336052224.0,1,9260c9fb6fafb74ea1c0398603a459c1c1e111f14381c6afc03b15140aa34f0e,1788.859916,random_3_regular,49152.0,,m2:random_3_regular:n14:p2:g2027:a1,14,2,0.686375,342900736.0,0.150042,5,4096,,OK,warm_single,1804.135458,12.584375
1.545291,matrix_product_state,336052224.0,1,8a465f5c69ec8d2b328421110b4acecb0992dff0c38bd78963c61427c5c05af4,1858.077709,random_3_regular,212992.0,,m2:random_3_regular:n14:p2:g2027:a2,14,2,0.5745,343113728.0,0.177417,6,4096,,OK,warm_single,1873.0509589999997,12.676042
1.63875,matrix_product_state,336052224.0,1,01564c83a9ae3fbcbe83507d52c4fefb151204d6f2b4ac96cdc25ed7dd421409,1861.117416,random_3_regular,147456.0,,m2:random_3_regular:n14:p2:g2027:a3,14,2,0.610292,343261184.0,0.180875,7,4096,,OK,warm_single,1876.3987500000003,12.851417
1.854791,matrix_product_state,336052224.0,1,0aa2daa3fc531ece3f71240fa51f6c35ec365473698955254fe83b1707070153,14.771,random_3_regular,65536.0,,m2:random_3_regular:n14:p2:g2028:a0,14,2,0.670208,343326720.0,0.174875,8,4096,,OK,warm_single,30.245416,12.774542
1.876959,matrix_product_state,336052224.0,1,81a440af68727686b67f6199fc43746f7b8575ae4327b04633ce58272c3f6025,782.139792,random_3_regular,32768.0,,m2:random_3_regular:n14:p2:g2028:a1,14,2,0.855458,343359488.0,0.131917,9,4096,,OK,warm_single,797.4056680000001,12.401542
1.921542,matrix_product_state,,1,,17.721875,random_3_regular,,0.071875,,14,3,0.747917,,0.232708,,4096,,,cold_start,39.841709,19.145792
1.827541,matrix_product_state,335544320.0,1,1d9ae642d2340ff0c7431667eb586e2b2ee07f9557cfd611fa8c0247b86bcbdd,14.7365,random_3_regular,81920.0,,m2:random_3_regular:n14:p3:g2026:a0,14,3,0.653541,342130688.0,0.22825,0,4096,,OK,warm_single,29.918457,12.472625
1.883083,matrix_product_state,335544320.0,1,6f5d2237f763662b22361ae00d8bafa6cfbf9795a7cf78d0141116b2913556a5,670.516583,random_3_regular,49152.0,,m2:random_3_regular:n14:p3:g2026:a1,14,3,0.706375,342179840.0,0.169125,1,4096,,OK,warm_single,685.378124,12.102958
1.1205,matrix_product_state,335544320.0,1,c1dac8f4926b1865ff7959ac3a978ae760575a7fc651b1251c06ccbae732519b,2179.45025,random_3_regular,65536.0,,m2:random_3_regular:n14:p3:g2026:a2,14,3,0.403541,342245376.0,0.221959,2,4096,,OK,warm_single,2193.995958,12.799708
1.353167,matrix_product_state,335544320.0,1,91b69a105bf9735e8cfd6ababe5f666bc8a41e6c6fe2d37e8df2a190532581c7,2174.915333,random_3_regular,81920.0,,m2:random_3_regular:n14:p3:g2026:a3,14,3,0.494833,342327296.0,0.221042,3,4096,,OK,warm_single,2189.6842920000004,12.699917
1.839791,matrix_product_state,335544320.0,1,03e042683d729bcb8f642c47267affd3edab055345e75060905786b493c985c2,14.806958,random_3_regular,81920.0,,m2:random_3_regular:n14:p3:g2027:a0,14,3,0.6605,342409216.0,0.22075,4,4096,,OK,warm_single,29.965041,12.437042
1.854875,matrix_product_state,335544320.0,1,d7636a848bd38347d218f2542ab13aa2497b8c44114927bdef514be773db6835,1934.901875,random_3_regular,65536.0,,m2:random_3_regular:n14:p3:g2027:a1,14,3,0.689666,342474752.0,0.174583,5,4096,,OK,warm_single,1949.972415,12.351416
1.111167,matrix_product_state,335544320.0,1,9f1f64de5a10799ba0330c84b55c559bc15ef9166a32ca45ea645400e9f87617,2085.0335,random_3_regular,196608.0,,m2:random_3_regular:n14:p3:g2027:a2,14,3,0.397333,342671360.0,0.220458,6,4096,,OK,warm_single,2099.575458,12.813
1.429958,matrix_product_state,335544320.0,1,fa94f2238ff9b71ea77ba313f966479296b1ad7a717e1a8fe3d388db8cafe3b2,2077.680875,random_3_regular,131072.0,,m2:random_3_regular:n14:p3:g2027:a3,14,3,0.51575,342802432.0,0.211875,7,4096,,OK,warm_single,2092.3267910000004,12.488333
1.852916,matrix_product_state,335544320.0,1,fe9a62590d37a8fe664070476831fe725a32d1eedf3c1d5bbb1104822e91064b,14.860458,random_3_regular,98304.0,,m2:random_3_regular:n14:p3:g2028:a0,14,3,0.666666,342900736.0,0.217833,8,4096,,OK,warm_single,30.454039,12.856166
0.160917,matrix_product_state,335544320.0,1,042c5fa2f1ed99098df38d0967e16f048e9554a719c0e9b00b6363195b3542f3,401.693875,random_3_regular,65536.0,,m2:random_3_regular:n14:p3:g2028:a1,14,3,0.050875,342966272.0,0.178375,9,4096,,OK,warm_single,414.406709,12.322667
2.082667,matrix_product_state,,1,,18.191875,random_3_regular,,0.065459,,16,1,0.851208,,0.15025,,4096,,,cold_start,39.648126,18.306667
2.020625,matrix_product_state,335872000.0,1,cdb456b64164a698e6ea956dc06fe4fc504ed1cef5d561c50bc40a05d4e11349,16.515833,random_3_regular,49152.0,,m2:random_3_regular:n16:p1:g2026:a0,16,1,0.873042,341196800.0,0.1445,0,4096,,OK,warm_single,31.940583000000004,12.386583
2.016833,matrix_product_state,335872000.0,1,42dca2ba77f7b0ab66826cacde38cea14a1706507cc4e91da47de6407a87e86a,1153.625916,random_3_regular,16384.0,,m2:random_3_regular:n16:p1:g2026:a1,16,1,0.784625,341213184.0,0.102792,1,4096,,OK,warm_single,1168.6164159999998,12.08625
1.586583,matrix_product_state,335872000.0,1,8064325540970d0cff7ae8bcc4add3486878cd20c6e93599075127206c34086a,1152.125625,random_3_regular,16384.0,,m2:random_3_regular:n16:p1:g2026:a2,16,1,0.626667,341229568.0,0.146334,2,4096,,OK,warm_single,1166.9232929999998,12.438084
1.39975,matrix_product_state,335872000.0,1,efb9a3b50d07a0acd09e6c56ade4a4499f162c005054d03c716ae815842e9d63,1158.760125,random_3_regular,49152.0,,m2:random_3_regular:n16:p1:g2026:a3,16,1,0.547167,341278720.0,0.205417,3,4096,,OK,warm_single,1173.498418,12.585959
2.015958,matrix_product_state,335872000.0,1,384ff5597d2e7470597ecb13f59d00fc39ff81bcc5db82741843786c43d66ccb,15.820792,random_3_regular,98304.0,,m2:random_3_regular:n16:p1:g2027:a0,16,1,0.876791,341377024.0,0.145959,4,4096,,OK,warm_single,31.322000000000003,12.4625
1.321,matrix_product_state,335872000.0,1,67cc9355df7b9dfc0ff4319835af967c35e126833acd0400c74b19efa480ccd0,523.325667,random_3_regular,98304.0,,m2:random_3_regular:n16:p1:g2027:a1,16,1,0.514875,341475328.0,0.10275,5,4096,,OK,warm_single,537.405667,12.141375
1.590875,matrix_product_state,335872000.0,1,03baf90725897f04896da8504371aac4b2e2bb390b042adc01fb5d9261553756,533.592208,random_3_regular,114688.0,,m2:random_3_regular:n16:p1:g2027:a2,16,1,0.6305,341590016.0,0.135708,6,4096,,OK,warm_single,548.302041,12.35275
1.40175,matrix_product_state,335872000.0,1,c1f2af5eba25a7a554ef202ea942e454d071c58813ca5f7c2816fa376a398a49,524.516708,random_3_regular,0.0,,m2:random_3_regular:n16:p1:g2027:a3,16,1,0.541166,341590016.0,0.15025,7,4096,,OK,warm_single,539.38279,12.772916
2.090583,matrix_product_state,335872000.0,1,bd8bf1dd63c0a10833589fa95a4eaec85093ad587f37397ca52b0e5831a27e98,16.767167,random_3_regular,49152.0,,m2:random_3_regular:n16:p1:g2028:a0,16,1,0.919834,341639168.0,0.14525,8,4096,,OK,warm_single,32.707,12.784166
1.859208,matrix_product_state,335872000.0,1,46a5e73940ca5aa760e0d3301f39419bc7ba56657f44299b455d30f2d8555aba,176.96425,random_3_regular,16384.0,,m2:random_3_regular:n16:p1:g2028:a1,16,1,0.731291,341655552.0,0.105334,9,4096,,OK,warm_single,192.086042,12.425959
2.048125,matrix_product_state,,1,,17.717,random_3_regular,,0.065875,,16,2,0.844875,,0.195959,,4096,,,cold_start,39.604834,18.733
2.070792,matrix_product_state,335609856.0,1,ff09d3d588bf7ab5a3f2ded510f3802033cd267f9867677a88ec4cfb2e4343fc,16.459708,random_3_regular,81920.0,,m2:random_3_regular:n16:p2:g2026:a0,16,2,0.8825,358236160.0,0.207458,0,4096,,OK,warm_single,32.257875,12.637417
2.070125,matrix_product_state,335609856.0,1,4332b90651209d094f9c36c4d38a7b0a71eac87b435c8e97e07f3c8b1e10af59,8043.495709,random_3_regular,0.0,,m2:random_3_regular:n16:p2:g2026:a1,16,2,0.810333,358236160.0,0.152583,1,4096,,OK,warm_single,8058.7825,12.25375
1.928166,matrix_product_state,335609856.0,1,178b35fe69e81b1d0bec12a5885553be565fda0d3e2f8d94c3e34062df6de0f9,8736.38225,random_3_regular,32768.0,,m2:random_3_regular:n16:p2:g2026:a2,16,2,0.73275,358268928.0,0.201084,2,4096,,OK,warm_single,8751.861167,12.616917
1.96775,matrix_product_state,335609856.0,1,52979eefb20903460ba0a97044b72aa237acea6b97a624ca3d97335dc0206549,8710.209042,random_3_regular,65536.0,,m2:random_3_regular:n16:p2:g2026:a3,16,2,0.753666,358334464.0,0.194959,3,4096,,OK,warm_single,8725.358792,12.233375
2.033667,matrix_product_state,335609856.0,1,0c4e19191578ade8719f07aaed6b7b779d78cc04437f0af226921709f1dbfa17,16.287375,random_3_regular,131072.0,,m2:random_3_regular:n16:p2:g2027:a0,16,2,0.876375,358465536.0,0.188083,4,4096,,OK,warm_single,31.648500000000002,12.263
2.079875,matrix_product_state,335609856.0,1,58cd2b4548325aa1997054a1079f4101d1e1dbc027381485dfdd9b2b3148a35f,4433.464875,random_3_regular,131072.0,,m2:random_3_regular:n16:p2:g2027:a1,16,2,0.889375,358596608.0,0.142875,5,4096,,OK,warm_single,4448.446916,11.869916
1.949542,matrix_product_state,335609856.0,1,e9880bd49c9b8f816edeb0d30e6bb26f34754d6a47eb1688154d7aff149bdb9f,5999.769667,random_3_regular,147456.0,,m2:random_3_regular:n16:p2:g2027:a2,16,2,0.75275,358744064.0,0.187958,6,4096,,OK,warm_single,6014.929166999999,12.26925
1.959333,matrix_product_state,335609856.0,1,d3f3c22fc44ad9b3547b7d52103edd5ee88a9f5e4d632b333b8050825f012793,5987.135084,random_3_regular,0.0,,m2:random_3_regular:n16:p2:g2027:a3,16,2,0.762083,358744064.0,0.199083,7,4096,,OK,warm_single,6002.617957999999,12.562375
2.042917,matrix_product_state,335609856.0,1,3a4b41648736e1fd45a894d53725c30c4193299b3e91bcaf0987192233e5b172,16.636541,random_3_regular,49152.0,,m2:random_3_regular:n16:p2:g2028:a0,16,2,0.875125,358793216.0,0.194958,8,4096,,OK,warm_single,32.109833,12.360292
1.351208,matrix_product_state,335609856.0,1,f6c83e9c06c301c47c69bd6f698150888a2d1c24798caa60865076492f9b7560,560.711041,random_3_regular,163840.0,,m2:random_3_regular:n16:p2:g2028:a1,16,2,0.502958,358957056.0,0.145167,9,4096,,OK,warm_single,574.6704990000001,11.960125
2.082458,matrix_product_state,,1,,18.5045,random_3_regular,,0.062042,,16,3,0.83825,,0.232417,,4096,,,cold_start,40.553042000000005,18.833375
2.05175,matrix_product_state,335396864.0,1,b50b513d7fb2aa2cf2cb0d01b2ea4920cc140ff2543ce474deea1b84b1cce297,16.926666,random_3_regular,81920.0,,m2:random_3_regular:n16:p3:g2026:a0,16,3,0.897417,357416960.0,0.2665,0,4096,,OK,warm_single,33.213499,13.071166
2.0015,matrix_product_state,335396864.0,1,399c1deaf49ced0f92cdf24d098a6d300436617dd404a1d8136d65372e1de734,4134.900208,random_3_regular,0.0,,m2:random_3_regular:n16:p3:g2026:a1,16,3,0.782458,357416960.0,0.203333,1,4096,,OK,warm_single,4150.802416,12.914917
1.666958,matrix_product_state,335396864.0,1,eb20902943d40a5c975da809a766e5edb78f4c15d5c88e0f5688404fd22cb9a4,10287.485958,random_3_regular,32768.0,,m2:random_3_regular:n16:p3:g2026:a2,16,3,0.657125,357449728.0,0.247208,2,4096,,OK,warm_single,10302.742498999998,12.68525
1.856916,matrix_product_state,335396864.0,1,2ae14319804128f7e92786104accc2764c96fb1ebabd42254041ec979ef9a2f3,10277.726625,random_3_regular,16384.0,,m2:random_3_regular:n16:p3:g2026:a3,16,3,0.719542,357466112.0,0.236833,3,4096,,OK,warm_single,10293.534249,12.994333
2.012542,matrix_product_state,335396864.0,1,3e49aca20d25da5a1c42b35e32b5855c796f22b13e41c3f5c9a97fd1390c1115,16.970458,random_3_regular,131072.0,,m2:random_3_regular:n16:p3:g2027:a0,16,3,0.873875,357597184.0,0.241834,4,4096,,OK,warm_single,33.280001,13.181292
2.019666,matrix_product_state,335396864.0,1,97979c75ebd8347737d2ff4456a55fe432e6801f32060b7f204ed007bc9d2335,6242.966833,random_3_regular,114688.0,,m2:random_3_regular:n16:p3:g2027:a1,16,3,0.889292,357711872.0,0.197792,5,4096,,OK,warm_single,6258.6792080000005,12.605625
1.61325,matrix_product_state,335396864.0,1,8a8f77f13b6fa1cf8598657e58558aeed353af9d0f042d5f2850ea33ac4e2496,11170.228875,random_3_regular,65536.0,,m2:random_3_regular:n16:p3:g2027:a2,16,3,0.6375,357777408.0,0.236292,6,4096,,OK,warm_single,11185.357792000003,12.641875
1.789708,matrix_product_state,335396864.0,1,c3ccbaab66403afa0206d110bdd1090beffede969f1cbf625694f43d6be04f7e,11149.560041,random_3_regular,0.0,,m2:random_3_regular:n16:p3:g2027:a3,16,3,0.703542,357777408.0,0.245167,7,4096,,OK,warm_single,11165.248083,12.949625
2.04575,matrix_product_state,335396864.0,1,1ce2f85e9011e44d4959ac72a6a49ef91eb6570f12aa509bba1262d86dcda74f,17.158625,random_3_regular,65536.0,,m2:random_3_regular:n16:p3:g2028:a0,16,3,1.674166,357842944.0,0.24275,8,4096,,OK,warm_single,34.079791,12.9585
2.017416,matrix_product_state,335396864.0,1,cdc2ec1c601865188b991c8431253dc93438e19b267819fd0f8aad40dcd0324c,815.098333,random_3_regular,81920.0,,m2:random_3_regular:n16:p3:g2028:a1,16,3,0.889334,357924864.0,0.212834,9,4096,,OK,warm_single,831.052334,12.834417
2.081917,matrix_product_state,,1,,19.963542,random_3_regular,,0.071667,,18,1,0.876958,,0.167083,,4096,,,cold_start,42.008667,18.8475
2.068625,matrix_product_state,335708160.0,1,74272a58b0b9b1fe285123f7bb5a3be1bbe554b53806692459f7b381adf1f51f,18.551,random_3_regular,49152.0,,m2:random_3_regular:n18:p1:g2026:a0,18,1,0.893667,340590592.0,0.155,0,4096,,OK,warm_single,34.004957999999995,12.336666
2.115166,matrix_product_state,335708160.0,1,863b9f930c4d03da9ac52cae15289c4ae2abc2c96f377c331894b4fe7e89f785,481.977416,random_3_regular,0.0,,m2:random_3_regular:n18:p1:g2026:a1,18,1,0.939208,340590592.0,0.115833,1,4096,,OK,warm_single,497.408748,12.261125
1.856333,matrix_product_state,335708160.0,1,cdf92dd8fe3e47ebd5850e1acfdebe31157b10d89fd9bf3d09425d1459a0fe76,486.842625,random_3_regular,16384.0,,m2:random_3_regular:n18:p1:g2026:a2,18,1,0.725541,340606976.0,0.15475,2,4096,,OK,warm_single,502.23908300000005,12.659834
1.710292,matrix_product_state,335708160.0,1,29f0ea66514f1e3307e641bff00c04d15ec74213d2f932ba57a7eefbb3b19847,486.673625,random_3_regular,65536.0,,m2:random_3_regular:n18:p1:g2026:a3,18,1,0.663166,340672512.0,0.154584,3,4096,,OK,warm_single,501.819625,12.617958
2.075958,matrix_product_state,335708160.0,1,9ddf1af78e4b944e9e89bdee1cd250903a739c695c508c952f83faf21ef3763c,18.3945,random_3_regular,49152.0,,m2:random_3_regular:n18:p1:g2027:a0,18,1,0.891042,340721664.0,0.147292,4,4096,,OK,warm_single,33.737333,12.228541
2.114625,matrix_product_state,,1,,20.332,random_3_regular,,0.070083,,18,2,0.88,,0.214041,,4096,,,cold_start,41.632832,18.022083
2.15275,matrix_product_state,335560704.0,1,8178f475593eb14ec7ef7ff7ca15b996a12a2f3a911a1a9f12cc6bbfbd29aec0,18.426833,random_3_regular,0.0,,m2:random_3_regular:n18:p2:g2026:a0,18,2,0.910958,341557248.0,0.253792,0,4096,,OK,warm_single,34.562125,12.817792
1.893209,matrix_product_state,335560704.0,1,7adf8a98cdbbe52c244a1b8f0ac29e2623e1234e5e563c4867b88d93235eca88,2418.5225,random_3_regular,81920.0,,m2:random_3_regular:n18:p2:g2026:a1,18,2,0.725,341639168.0,0.1675,1,4096,,OK,warm_single,2433.6564169999997,12.348208
2.043958,matrix_product_state,335560704.0,1,10c2221cd99258605b44e1ee74dfc4a9bee414e400ef2e5d0357b75329ae1d3a,2733.410959,random_3_regular,16384.0,,m2:random_3_regular:n18:p2:g2026:a2,18,2,0.800167,341655552.0,0.205333,2,4096,,OK,warm_single,2748.832208,12.371791
2.1115,matrix_product_state,335560704.0,1,4b480273e599d9ca49db6f98373b332a53ac1cb38b966a7b0cbe496b436057d2,2740.190833,random_3_regular,81920.0,,m2:random_3_regular:n18:p2:g2026:a3,18,2,0.945541,341737472.0,0.210917,3,4096,,OK,warm_single,2756.084041,12.62525
2.079792,matrix_product_state,335560704.0,1,9e6d0e3632197f73cbfd1cfe441b8631a8488ee64b4c3611c4013e35369fdabc,18.36525,random_3_regular,0.0,,m2:random_3_regular:n18:p2:g2027:a0,18,2,0.882,341737472.0,0.205125,4,4096,,OK,warm_single,34.143083999999995,12.610917
2.1295,matrix_product_state,,1,,20.137208,random_3_regular,,0.065917,,18,3,0.892833,,0.2555,,4096,,,cold_start,41.60725000000001,18.126292
2.143084,matrix_product_state,335642624.0,1,2871788776a871ad11f935e12151448bbdb1017eeb9a378e8304c7064dc1f7ff,18.737084,random_3_regular,114688.0,,m2:random_3_regular:n18:p3:g2026:a0,18,3,0.950834,390135808.0,0.278292,0,4096,,OK,warm_single,35.047878000000004,12.938584
2.116667,matrix_product_state,335642624.0,1,9b0c720405a47d9874996cbda24aaad23721ef5100eb2ea206f0e3081a0e4743,8402.23225,random_3_regular,376832.0,,m2:random_3_regular:n18:p3:g2026:a1,18,3,0.945917,390512640.0,0.225917,1,4096,,OK,warm_single,8418.534085,13.013334
1.81225,matrix_product_state,335642624.0,1,11094a2671ecd5e3d28b0c8ad21f1058bc6244e4d79f51979d6cadd5e4de4844,25050.934417,random_3_regular,16384.0,,m2:random_3_regular:n18:p3:g2026:a2,18,3,0.692125,390529024.0,0.274375,2,4096,,OK,warm_single,25066.909709,13.196542
2.016458,matrix_product_state,335642624.0,1,f651f8d5c8ebb284d49fc8f0f518ad1ac58315632ef6d32d066806b61abfd2da,25010.976417,random_3_regular,98304.0,,m2:random_3_regular:n18:p3:g2026:a3,18,3,0.775792,390627328.0,0.273125,3,4096,,OK,warm_single,25026.914292,12.8725
2.097167,matrix_product_state,335642624.0,1,69eda23c5622680372467c70050f128bf0ee535c5d0ec1ad76ebc06e0be18645,18.810292,random_3_regular,81920.0,,m2:random_3_regular:n18:p3:g2027:a0,18,3,0.918083,390709248.0,0.266416,4,4096,,OK,warm_single,35.16825,13.076292
2.174542,matrix_product_state,,1,,21.360458,random_3_regular,,0.066792,,20,1,0.881708,,0.166792,,4096,,,cold_start,43.59537600000001,18.945084
2.170625,matrix_product_state,335429632.0,1,976c88feb268f49141b3609ebf35bee76bccf40c7080f82e3c18b617d3cb45a0,19.64975,random_3_regular,65536.0,,m2:random_3_regular:n20:p1:g2026:a0,20,1,0.930125,344293376.0,0.171917,0,4096,,OK,warm_single,35.828876,12.906459
2.155,matrix_product_state,335429632.0,1,930b0b41c2cdab3d173457451acc762a4bd012cceed7904d9b07f48486a513f6,2983.202708,random_3_regular,0.0,,m2:random_3_regular:n20:p1:g2026:a1,20,1,0.942208,344293376.0,0.122458,1,4096,,OK,warm_single,2999.115207,12.692833
2.060208,matrix_product_state,335429632.0,1,03567a37bdad48aa5dbe32ce2aaf35e5895515f730f37730b26a8322635be891,3085.245042,random_3_regular,32768.0,,m2:random_3_regular:n20:p1:g2026:a2,20,1,0.78275,344326144.0,0.173708,2,4096,,OK,warm_single,3101.119625,12.857917
1.979875,matrix_product_state,335429632.0,1,abb43f15a8dd899a7f809fc62d7953a8d8c9563ac7b396c04ee0249e3d07b69c,3084.22175,random_3_regular,65536.0,,m2:random_3_regular:n20:p1:g2026:a3,20,1,0.762125,344391680.0,0.167375,3,4096,,OK,warm_single,3100.0850410000003,12.953916
2.161292,matrix_product_state,335429632.0,1,bc563569a54a596bb560ce03aee6ca21afa3f23b302834a7523bc92aa3024cf5,20.19775,random_3_regular,98304.0,,m2:random_3_regular:n20:p1:g2027:a0,20,1,0.912125,344489984.0,0.178084,4,4096,,OK,warm_single,36.03945900000001,12.590208
0.055708,statevector,,1,,1.016417,random_3_regular,,0.071542,,6,3,0.009166,,0.134458,,1024,,,cold_start,27.888957,26.601666
0.046333,statevector,335642624.0,1,8396513103e38168ee392570c1350fcb337863fe3e605364ed76ac929d98eea5,0.724875,random_3_regular,16384.0,,m2:random_3_regular:n6:p3:g2026:a0,6,3,0.008333,337920000.0,0.101084,0,1024,,OK,warm_single,22.051833000000002,21.171208
0.044125,statevector,335642624.0,1,e00cc98e9728cf05ea6d0e6b362648e8b34e0a788485da9125dcb855aca4dd0b,0.665333,random_3_regular,32768.0,,m2:random_3_regular:n6:p3:g2026:a1,6,3,0.007417,337952768.0,0.094541,1,1024,,OK,warm_single,21.711541,20.900125
0.042833,statevector,335642624.0,1,04a24947af1efbc123498bec0ececfed1e0d1294e3d8a791f45abb714362f343,0.751166,random_3_regular,32768.0,,m2:random_3_regular:n6:p3:g2026:a2,6,3,0.007708,337985536.0,0.089208,2,1024,,OK,warm_single,22.037207000000002,21.146292
0.058291,statevector,,1,,16.087583,random_3_regular,,0.069542,,6,3,0.009333,,0.141167,,65536,,,cold_start,43.24170699999999,26.875791
0.04325,statevector,335495168.0,1,8396513103e38168ee392570c1350fcb337863fe3e605364ed76ac929d98eea5,14.908042,random_3_regular,16384.0,,m2:random_3_regular:n6:p3:g2026:a0,6,3,0.007709,343556096.0,0.092333,0,65536,,OK,warm_single,35.913542,20.862208
0.04225,statevector,335495168.0,1,e00cc98e9728cf05ea6d0e6b362648e8b34e0a788485da9125dcb855aca4dd0b,15.0275,random_3_regular,49152.0,,m2:random_3_regular:n6:p3:g2026:a1,6,3,0.007625,343605248.0,0.091209,1,65536,,OK,warm_single,35.964375000000004,20.795791
0.0435,statevector,335495168.0,1,04a24947af1efbc123498bec0ececfed1e0d1294e3d8a791f45abb714362f343,15.062416,random_3_regular,49152.0,,m2:random_3_regular:n6:p3:g2026:a2,6,3,0.008083,343654400.0,0.089042,2,65536,,OK,warm_single,36.057333,20.854292
0.491708,statevector,,1,,2.470583,random_3_regular,,0.067666,,12,3,0.138583,,0.204666,,1024,,,cold_start,30.268788999999998,26.895583
0.456417,statevector,335872000.0,1,411c9c682947fe472ac06c7be1f67d7735f0781128b92f8b2091437c0b772c01,2.046542,random_3_regular,49152.0,,m2:random_3_regular:n12:p3:g2026:a0,12,3,0.134875,338493440.0,0.150542,0,1024,,OK,warm_single,23.435126,20.64675
0.47375,statevector,335872000.0,1,1a857a84524b86ac1a71e9e333428b6334830be602ff9bdc7552448d656a300d,2.297542,random_3_regular,49152.0,,m2:random_3_regular:n12:p3:g2026:a1,12,3,0.135958,338542592.0,0.15525,1,1024,,OK,warm_single,24.061249999999998,20.99875
0.271459,statevector,335872000.0,1,a124f4f8f96972fdfb66b7c68aaa7d12b60c8c476cef8b98cd82de09a42f485d,2.214458,random_3_regular,49152.0,,m2:random_3_regular:n12:p3:g2026:a2,12,3,0.073,338591744.0,0.152375,2,1024,,OK,warm_single,23.598542000000002,20.88725
2.015292,statevector,,1,,60.275459,random_3_regular,,0.068584,,12,3,0.833041,,0.198708,,65536,,,cold_start,89.453334,26.06225
2.00725,statevector,335757312.0,1,411c9c682947fe472ac06c7be1f67d7735f0781128b92f8b2091437c0b772c01,59.253625,random_3_regular,65536.0,,m2:random_3_regular:n12:p3:g2026:a0,12,3,0.876583,344752128.0,0.157167,0,65536,,OK,warm_single,83.120667,20.826042
2.061583,statevector,335757312.0,1,1a857a84524b86ac1a71e9e333428b6334830be602ff9bdc7552448d656a300d,59.949541,random_3_regular,0.0,,m2:random_3_regular:n12:p3:g2026:a1,12,3,0.892041,344752128.0,0.150208,1,65536,,OK,warm_single,83.83791400000001,20.784541
1.757334,statevector,335757312.0,1,a124f4f8f96972fdfb66b7c68aaa7d12b60c8c476cef8b98cd82de09a42f485d,59.539042,random_3_regular,49152.0,,m2:random_3_regular:n12:p3:g2026:a2,12,3,0.661959,344801280.0,0.1705,2,65536,,OK,warm_single,83.148085,21.01925
0.569292,statevector,,1,,129.918167,random_3_regular,,0.067125,,20,3,0.177792,,0.271459,,1024,,,cold_start,157.67196,26.668125
0.556041,statevector,335544320.0,1,0e007bc7878151a1313adf33f1bb750c4faffc7fa68f18c92edd19001d12629a,132.264542,random_3_regular,81920.0,,m2:random_3_regular:n20:p3:g2026:a0,20,3,0.182959,355106816.0,0.261959,0,1024,,OK,warm_single,153.94754300000002,20.682042
0.562958,statevector,335544320.0,1,857a608ba18f9524e452b4bb4210cf08ed193d8550c9688de522e3bda37707d2,200.140667,random_3_regular,163840.0,,m2:random_3_regular:n20:p3:g2026:a1,20,3,0.17825,355270656.0,0.266042,1,1024,,OK,warm_single,222.602167,21.45425
0.544083,statevector,335544320.0,1,11b7454aeef108f25aa2194101631ad8d9c38bd8d407e21d64b8edb488812319,200.292625,random_3_regular,98304.0,,m2:random_3_regular:n20:p3:g2026:a2,20,3,0.177625,355368960.0,0.256417,2,1024,,OK,warm_single,221.91929199999998,20.648542
33.693333,statevector,,1,,232.725,random_3_regular,,0.0695,,20,3,18.143958,,0.27325,,65536,,,cold_start,311.73474899999997,26.829708
33.24825,statevector,336134144.0,1,0e007bc7878151a1313adf33f1bb750c4faffc7fa68f18c92edd19001d12629a,222.663625,random_3_regular,2146304.0,,m2:random_3_regular:n20:p3:g2026:a0,20,3,18.038791,384385024.0,0.278959,0,65536,,OK,warm_single,294.808833,20.579208
33.064625,statevector,336134144.0,1,857a608ba18f9524e452b4bb4210cf08ed193d8550c9688de522e3bda37707d2,294.615917,random_3_regular,98304.0,,m2:random_3_regular:n20:p3:g2026:a1,20,3,18.249792,384483328.0,0.266875,1,65536,,OK,warm_single,366.892542,20.695333
24.112583,statevector,336134144.0,1,11b7454aeef108f25aa2194101631ad8d9c38bd8d407e21d64b8edb488812319,293.748041,random_3_regular,114688.0,,m2:random_3_regular:n20:p3:g2026:a2,20,3,12.716333,384598016.0,0.272333,2,65536,,OK,warm_single,351.390415,20.541125
0.056708,matrix_product_state,,1,,2.977084,random_3_regular,,0.064209,,6,3,0.009042,,0.134125,,1024,,,cold_start,21.460293000000004,18.219125
0.046917,matrix_product_state,335527936.0,1,8396513103e38168ee392570c1350fcb337863fe3e605364ed76ac929d98eea5,2.148125,random_3_regular,16384.0,,m2:random_3_regular:n6:p3:g2026:a0,6,3,0.008875,338378752.0,0.090125,0,1024,,OK,warm_single,14.651876000000001,12.357834
0.044375,matrix_product_state,335527936.0,1,e00cc98e9728cf05ea6d0e6b362648e8b34e0a788485da9125dcb855aca4dd0b,9.019958,random_3_regular,32768.0,,m2:random_3_regular:n6:p3:g2026:a1,6,3,0.0085,338411520.0,0.098791,1,1024,,OK,warm_single,21.761499,12.589875
0.044833,matrix_product_state,335527936.0,1,04a24947af1efbc123498bec0ececfed1e0d1294e3d8a791f45abb714362f343,10.607958,random_3_regular,65536.0,,m2:random_3_regular:n6:p3:g2026:a2,6,3,0.007833,338477056.0,0.091125,2,1024,,OK,warm_single,23.200499,12.44875
0.061584,matrix_product_state,,1,,100.284375,random_3_regular,,0.068667,,6,3,0.010916,,0.137542,,65536,,,cold_start,118.887542,18.324458
0.049375,matrix_product_state,335462400.0,1,8396513103e38168ee392570c1350fcb337863fe3e605364ed76ac929d98eea5,98.786459,random_3_regular,16384.0,,m2:random_3_regular:n6:p3:g2026:a0,6,3,0.010625,347291648.0,0.138208,0,65536,,OK,warm_single,111.87599999999999,12.891333
0.060042,matrix_product_state,335462400.0,1,e00cc98e9728cf05ea6d0e6b362648e8b34e0a788485da9125dcb855aca4dd0b,505.002375,random_3_regular,32768.0,,m2:random_3_regular:n6:p3:g2026:a1,6,3,0.013625,347324416.0,0.112417,1,65536,,OK,warm_single,517.905709,12.71725
0.055,matrix_product_state,335462400.0,1,04a24947af1efbc123498bec0ececfed1e0d1294e3d8a791f45abb714362f343,613.272833,random_3_regular,16384.0,,m2:random_3_regular:n6:p3:g2026:a2,6,3,0.012709,347340800.0,0.161958,2,65536,,OK,warm_single,626.3980829999999,12.895583
0.476375,matrix_product_state,,1,,4.800167,random_3_regular,,0.068292,,12,3,0.138459,,0.202958,,1024,,,cold_start,23.339418000000002,17.653167
0.466541,matrix_product_state,336183296.0,1,411c9c682947fe472ac06c7be1f67d7735f0781128b92f8b2091437c0b772c01,3.814584,random_3_regular,65536.0,,m2:random_3_regular:n12:p3:g2026:a0,12,3,0.138625,340295680.0,0.149,0,1024,,OK,warm_single,16.823458,12.254708
0.46,matrix_product_state,336183296.0,1,1a857a84524b86ac1a71e9e333428b6334830be602ff9bdc7552448d656a300d,31.797208,random_3_regular,49152.0,,m2:random_3_regular:n12:p3:g2026:a1,12,3,0.134791,340344832.0,0.143625,1,1024,,OK,warm_single,44.823083000000004,12.287459
0.287667,matrix_product_state,336183296.0,1,a124f4f8f96972fdfb66b7c68aaa7d12b60c8c476cef8b98cd82de09a42f485d,144.704,random_3_regular,49152.0,,m2:random_3_regular:n12:p3:g2026:a2,12,3,0.08625,340393984.0,0.157375,2,1024,,OK,warm_single,157.645542,12.41025
2.10925,matrix_product_state,,1,,183.78475,random_3_regular,,0.068958,,12,3,0.867542,,0.192541,,65536,,,cold_start,205.224208,18.201167
2.035209,matrix_product_state,335396864.0,1,411c9c682947fe472ac06c7be1f67d7735f0781128b92f8b2091437c0b772c01,181.073,random_3_regular,98304.0,,m2:random_3_regular:n12:p3:g2026:a0,12,3,0.867125,352206848.0,0.207708,0,65536,,OK,warm_single,196.693376,12.510334
2.06025,matrix_product_state,335396864.0,1,1a857a84524b86ac1a71e9e333428b6334830be602ff9bdc7552448d656a300d,1211.494,random_3_regular,0.0,,m2:random_3_regular:n12:p3:g2026:a1,12,3,0.89725,352206848.0,0.1675,1,65536,,OK,warm_single,1226.809959,12.190959
1.787042,matrix_product_state,335396864.0,1,a124f4f8f96972fdfb66b7c68aaa7d12b60c8c476cef8b98cd82de09a42f485d,7531.574625,random_3_regular,49152.0,,m2:random_3_regular:n12:p3:g2026:a2,12,3,0.6885,352256000.0,0.208625,2,65536,,OK,warm_single,7547.028917000001,12.770125
2.163667,statevector,,1,,260.363375,cycle,,0.071,,22,1,0.883583,,0.146583,,4096,,,cold_start,290.158874,26.530666
2.143041,statevector,335560704.0,1,3b0cfd354d88961a01683fe25c6794897ba8f8a301453c7d7515b7ca5a6ce374,250.277167,cycle,32768.0,,m2:cycle:n22:p1:g2026:a0,22,1,0.893375,406208512.0,0.14025,0,4096,,OK,warm_single,274.69862399999994,21.244791
2.13625,statevector,335560704.0,1,0504e177324182525b5dc63753bf725a2d1ccb7f8b17a361d4a22d11f5346855,250.052959,cycle,0.0,,m2:cycle:n22:p1:g2026:a1,22,1,0.882833,406208512.0,0.144417,1,4096,,OK,warm_single,274.151501,20.935042
2.063084,statevector,335560704.0,1,c5ae5925dcbfef7b000445207ed327b073ca10fd14e76454ea8415c0b1c719fb,250.932625,cycle,49152.0,,m2:cycle:n22:p1:g2026:a2,22,1,0.778291,406257664.0,0.148167,2,4096,,OK,warm_single,274.60512500000004,20.682958
2.308458,statevector,,1,,1106.3695,cycle,,0.066666,,24,1,0.903959,,0.154792,,4096,,,cold_start,1136.696166,26.892791
2.1935,statevector,335495168.0,1,9cfe0d4ed5316ebaed28b4a088f248d3e41bf16c9ca0aec79f7f52e5adec7712,1067.706667,cycle,65536.0,,m2:cycle:n24:p1:g2026:a0,24,1,0.936458,607387648.0,0.154208,0,4096,,OK,warm_single,1092.161208,21.170375
2.169417,statevector,335495168.0,1,1f703cd0ffbed6e834ded5c02093d31b827990fc0e420a03e6583805546ce623,1069.025333,cycle,114688.0,,m2:cycle:n24:p1:g2026:a1,24,1,0.918708,607502336.0,0.163833,1,4096,,OK,warm_single,1093.398708,21.121417
2.187459,statevector,335495168.0,1,56586c721eeefef63d557688f41420e2d4b38068d9d62e064b03d3eb761be9b5,1068.3025,cycle,32768.0,,m2:cycle:n24:p1:g2026:a2,24,1,0.928083,607535104.0,0.158417,2,4096,,OK,warm_single,1092.302959,20.7265
2.235333,statevector,,1,,320.0135,cycle,,0.064333,,22,2,0.883959,,0.193458,,4096,,,cold_start,349.394042,26.003459
2.136125,statevector,335806464.0,1,ebce7627f9da7f8510b6320df7580e2a45c91e6636d773b5fa10f07fa948ed5c,310.3515,cycle,65536.0,,m2:cycle:n22:p2:g2026:a0,22,2,0.889166,406421504.0,0.210833,0,4096,,OK,warm_single,334.979582,21.391958
2.201958,statevector,335806464.0,1,43021ac9084962d12485e3d8e1762138aae578de8e6de3ba664ef0ca4c544121,554.66225,cycle,49152.0,,m2:cycle:n22:p2:g2026:a1,22,2,0.9475,406470656.0,0.191041,1,4096,,OK,warm_single,578.5764989999999,20.57375
2.218125,statevector,335806464.0,1,cd687db1e76aebddffbddb127e7916fb02a449fd200a99bdb5d5f6b28db9df87,570.369375,cycle,98304.0,,m2:cycle:n22:p2:g2026:a2,22,2,1.694417,406568960.0,0.222833,2,4096,,OK,warm_single,595.726042,21.221292
2.24225,statevector,,1,,1397.849291,cycle,,0.067875,,24,2,0.914875,,0.2105,,4096,,,cold_start,1427.798791,26.514
3.348708,statevector,335675392.0,1,613cc0d3e25dede0c0063a47cbd16004a2716b7d5c0aaedae6f99f40965419b8,1908.771208,cycle,65536.0,,m2:cycle:n24:p2:g2026:a0,24,2,1.382917,607764480.0,0.257708,0,4096,,OK,warm_single,1941.6973739999999,27.936833
2.823875,statevector,335675392.0,1,fd1e26a63c64af0c072f0843839dafe8ac3872a58e7d5e04beb3fd203f2389dc,3275.754,cycle,49152.0,,m2:cycle:n24:p2:g2026:a1,24,2,1.18175,607813632.0,0.28675,1,4096,,OK,warm_single,3310.4295,30.383125
2.889708,statevector,335675392.0,1,0336da992daa9d671e95063b6a51c943de5e55df133da13cc7ca842c88f3cf1b,3057.368458,cycle,49152.0,,m2:cycle:n24:p2:g2026:a2,24,2,1.24425,607862784.0,0.262042,2,4096,,OK,warm_single,3088.1334170000005,26.368959
2.776708,statevector,,1,,457.664541,cycle,,0.071916,,22,3,1.045792,,0.270791,,4096,,,cold_start,492.134415,30.304667
2.842708,statevector,335773696.0,1,dece489f13dfad13e5042e9fb0c93d52bbcfebb220fd00bbb744a547a2c66b91,508.01875,cycle,114688.0,,m2:cycle:n22:p3:g2026:a0,22,3,1.139709,406503424.0,0.290875,0,4096,,OK,warm_single,540.318167,28.026125
2.862625,statevector,335773696.0,1,7d4697af4ef0278d3e8a49a3e79717d6acc1b08677769cd4fd02dd7917204478,1095.127875,cycle,131072.0,,m2:cycle:n22:p3:g2026:a1,22,3,1.185084,406634496.0,0.287042,1,4096,,OK,warm_single,1126.6952929999998,27.232667
2.866584,statevector,335773696.0,1,d60f028129fe393a2d82cfd1133bdc7a3bc59ac34ffe00e719338497cd8b81e8,1110.889375,cycle,131072.0,,m2:cycle:n22:p3:g2026:a2,22,3,2.033,406765568.0,0.30075,2,4096,,OK,warm_single,1143.975292,27.885583
3.114167,statevector,,1,,2083.77225,cycle,,0.073625,,24,3,1.270125,,0.282708,,4096,,,cold_start,2118.656667,30.143792
2.815709,statevector,335462400.0,1,f6dd3dfb2466f83fa664f3dfc76681705cb90413f43751607c35172f492b10a3,2126.802041,cycle,81920.0,,m2:cycle:n24:p3:g2026:a0,24,3,1.170875,607584256.0,0.31375,0,4096,,OK,warm_single,2156.7605,25.658125
2.837041,statevector,335462400.0,1,356a4c11951688bc5b7c39a3432d9acb5e1e3bf6697033112818e1650c1a2c63,4565.461875,cycle,81920.0,,m2:cycle:n24:p3:g2026:a1,24,3,1.214,607666176.0,0.308417,1,4096,,OK,warm_single,4596.599499999999,26.778167
2.877459,statevector,335462400.0,1,e6e93123331e5cf009fe955f8586e53efaaaa36eaf8794ebe9f527d303aa9a5c,4799.43975,cycle,131072.0,,m2:cycle:n24:p3:g2026:a2,24,3,2.008833,607797248.0,0.317333,2,4096,,OK,warm_single,4832.028915999999,27.385541
2.733625,statevector,,1,,391.232625,random_3_regular,,0.068417,,22,1,1.059542,,0.17725,,4096,,,cold_start,424.293584,29.022125
3.035625,statevector,335740928.0,1,d78d502dbe72d96a9ed66746256a2ecd9f777f1eea55810fc950791f7dc47e99,455.756958,random_3_regular,49152.0,,m2:random_3_regular:n22:p1:g2026:a0,22,1,1.270083,406290432.0,0.210084,0,4096,,OK,warm_single,488.825791,28.553041
3.058375,statevector,335740928.0,1,037545c6da75c1e4e2cf19194857ba7689bf821eef1db854e18d390c551ed218,548.022333,random_3_regular,49152.0,,m2:random_3_regular:n22:p1:g2026:a1,22,1,1.28,406339584.0,0.210125,1,4096,,OK,warm_single,582.101333,29.5305
3.008959,statevector,335740928.0,1,db9f6bb420ab7fa4c844bb6c25f17503e89f8e8ae55425fbb1721b9968248a92,547.043333,random_3_regular,49152.0,,m2:random_3_regular:n22:p1:g2026:a2,22,1,2.056208,406388736.0,0.205041,2,4096,,OK,warm_single,581.907207,29.593666
3.196667,statevector,,1,,1746.568083,random_3_regular,,0.077,,24,1,1.2445,,0.209333,,4096,,,cold_start,1783.9440829999999,32.6485
3.008833,statevector,335314944.0,1,ee10044920e6db49c0ecb1771a7757cfebdd38fdeca14ce6772452441817f3b4,1887.26525,random_3_regular,65536.0,,m2:random_3_regular:n24:p1:g2026:a0,24,1,1.273417,607338496.0,0.261417,0,4096,,OK,warm_single,1922.5632090000001,30.754292
3.08325,statevector,335314944.0,1,7e1dd75526033116b0f3413aea308cc64eed4fc45035c609a972cd06e291e6da,2300.327583,random_3_regular,32768.0,,m2:random_3_regular:n24:p1:g2026:a1,24,1,1.303291,607371264.0,0.225416,1,4096,,OK,warm_single,2334.85654,29.917
3.003208,statevector,335314944.0,1,23dbb4585e4c2bfbd4fa11e643ebe14204d7e2958e8d803e1864fb3923c871d3,2279.90775,random_3_regular,81920.0,,m2:random_3_regular:n24:p1:g2026:a2,24,1,1.2625,607453184.0,0.238458,2,4096,,OK,warm_single,2314.262332,29.850416
2.78475,statevector,,1,,534.058125,random_3_regular,,0.075833,,22,2,1.082375,,0.271375,,4096,,,cold_start,569.3127499999999,31.040292
2.805333,statevector,335298560.0,1,e85a00747ff6a1825c057075a3ff7b805a5e19edcf86f20be44eef7f6e05f643,601.402916,random_3_regular,65536.0,,m2:random_3_regular:n22:p2:g2026:a0,22,2,1.158916,406077440.0,0.288625,0,4096,,OK,warm_single,633.227873,27.572083
2.807792,statevector,335298560.0,1,7c4abec89f4a729f67cf07703082751895ebe2b9264f4eecc0ecfc2fc7699a82,926.40125,random_3_regular,65536.0,,m2:random_3_regular:n22:p2:g2026:a1,22,2,1.15925,406142976.0,0.295208,1,4096,,OK,warm_single,957.418875,26.755375
2.8085,statevector,335298560.0,1,0157e5cae3a214703d14f23647ee8ab40f8987a3d317c16df0038d8b029f120f,914.738833,random_3_regular,65536.0,,m2:random_3_regular:n22:p2:g2026:a2,22,2,1.930791,406208512.0,0.279709,2,4096,,OK,warm_single,947.269417,27.511584
3.209,statevector,,1,,2487.546125,random_3_regular,,0.0715,,24,2,1.238834,,0.276667,,4096,,,cold_start,2522.5572509999997,30.215125
2.150542,statevector,335724544.0,1,f435915059fae66768d8b838975f79bb64a3d56dac8a78935074f0ca11a479c1,1881.839584,random_3_regular,81920.0,,m2:random_3_regular:n24:p2:g2026:a0,24,2,0.929375,607813632.0,0.242458,0,4096,,OK,warm_single,1905.773917,20.611958
2.182167,statevector,335724544.0,1,82f3bbd4cce202abcfc64f4438cea80950ef395452c144a547b0b3f10bc84033,2728.614875,random_3_regular,49152.0,,m2:random_3_regular:n24:p2:g2026:a1,24,2,0.950458,607862784.0,0.247125,1,4096,,OK,warm_single,2753.096791,21.102166
2.141458,statevector,335724544.0,1,ca0acecbf96b1b77263b3e27e9d6752423ebfedce367700cb5fe5b78a50c754f,2732.996833,random_3_regular,65536.0,,m2:random_3_regular:n24:p2:g2026:a2,24,2,0.915625,607928320.0,0.2525,2,4096,,OK,warm_single,2757.3865410000003,21.080125
2.253792,statevector,,1,,561.400041,random_3_regular,,0.065625,,22,3,0.864625,,0.281292,,4096,,,cold_start,590.7697079999999,25.904333
2.209166,statevector,335495168.0,1,f1710f7cc27aa620b9b215fbd293f052e0c4e3f5e05f0e93238790460119a1cf,546.884209,random_3_regular,81920.0,,m2:random_3_regular:n22:p3:g2026:a0,22,3,0.877958,406290432.0,0.276375,0,4096,,OK,warm_single,570.7894580000001,20.54175
2.229167,statevector,335495168.0,1,5046320f00962f976b5b370e97df4c4cfbfc726ed92457836bc31cb7b187b5ea,944.57325,random_3_regular,81920.0,,m2:random_3_regular:n22:p3:g2026:a1,22,3,0.926042,406372352.0,0.273208,1,4096,,OK,warm_single,968.457792,20.456125
2.641334,statevector,335495168.0,1,f36f025de009528783badcabf85c5e8ee35bdfc54d8992258349003463d10935,1038.473584,random_3_regular,114688.0,,m2:random_3_regular:n22:p3:g2026:a2,22,3,1.068,406487040.0,0.282083,2,4096,,OK,warm_single,1063.904668,21.439667
2.907083,statevector,,1,,3242.217875,random_3_regular,,0.082417,,24,3,1.140292,,0.373458,,4096,,,cold_start,3280.718167,33.997042
2.82175,statevector,335855616.0,1,8795d0d44c91e24e0ac8bdcc4ed38f465f1bba9fb7bdc4b531a84646d6fcac2a,3239.072459,random_3_regular,81920.0,,m2:random_3_regular:n24:p3:g2026:a0,24,3,1.178375,608124928.0,0.415542,0,4096,,OK,warm_single,3271.459835,27.971709
3.043084,statevector,335855616.0,1,660bf749e3941bdda96b6548e007241d45a8071d03dd622944e2addf8318c89b,5370.062958,random_3_regular,81920.0,,m2:random_3_regular:n24:p3:g2026:a1,24,3,1.259542,608206848.0,0.378209,1,4096,,OK,warm_single,5401.805501,27.061708
3.047166,statevector,335855616.0,1,3c0c1807b9bc5bc7f2f618c7676a98aecb3def9f3e8a78ad20310384a097768c,5279.060917,random_3_regular,65536.0,,m2:random_3_regular:n24:p3:g2026:a2,24,3,1.268334,608272384.0,0.416917,2,4096,,OK,warm_single,5313.007251,29.213917
2.793208,matrix_product_state,,1,,28.827167,cycle,,0.092792,,22,1,1.072375,,0.194666,,4096,,,cold_start,55.536500000000004,22.556292
2.640167,matrix_product_state,335331328.0,1,3b0cfd354d88961a01683fe25c6794897ba8f8a301453c7d7515b7ca5a6ce374,25.991416,cycle,81920.0,,m2:cycle:n22:p1:g2026:a0,22,1,1.101875,340033536.0,0.133167,0,4096,,OK,warm_single,44.951208,15.084583
2.603625,matrix_product_state,335331328.0,1,0504e177324182525b5dc63753bf725a2d1ccb7f8b17a361d4a22d11f5346855,175.198333,cycle,0.0,,m2:cycle:n22:p1:g2026:a1,22,1,1.060791,340033536.0,0.124875,1,4096,,OK,warm_single,193.989208,15.001584
2.581,matrix_product_state,335331328.0,1,c5ae5925dcbfef7b000445207ed327b073ca10fd14e76454ea8415c0b1c719fb,174.183458,cycle,65536.0,,m2:cycle:n22:p1:g2026:a2,22,1,0.958542,340099072.0,0.138791,2,4096,,OK,warm_single,193.08237499999998,15.220584
2.633083,matrix_product_state,,1,,28.787584,cycle,,0.071667,,24,1,1.017541,,0.175709,,4096,,,cold_start,53.472834,20.78725
2.631791,matrix_product_state,336199680.0,1,9cfe0d4ed5316ebaed28b4a088f248d3e41bf16c9ca0aec79f7f52e5adec7712,28.455958,cycle,65536.0,,m2:cycle:n24:p1:g2026:a0,24,1,1.08025,340951040.0,0.138584,0,4096,,OK,warm_single,47.206792,14.900209
2.676417,matrix_product_state,336199680.0,1,1f703cd0ffbed6e834ded5c02093d31b827990fc0e420a03e6583805546ce623,194.013417,cycle,49152.0,,m2:cycle:n24:p1:g2026:a1,24,1,1.112792,341000192.0,0.150916,1,4096,,OK,warm_single,212.586501,14.632959
2.63925,matrix_product_state,336199680.0,1,56586c721eeefef63d557688f41420e2d4b38068d9d62e064b03d3eb761be9b5,192.871834,cycle,65536.0,,m2:cycle:n24:p1:g2026:a2,24,1,1.097666,341065728.0,0.173833,2,4096,,OK,warm_single,211.56179100000003,14.779208
2.59975,matrix_product_state,,1,,31.201958,cycle,,0.070958,,26,1,1.011042,,0.1845,,4096,,,cold_start,55.932208,20.864
2.660292,matrix_product_state,335986688.0,1,d469da632688f7bbabb2a04ba11bc05295da62d0093bcb0aa527569874c863ec,30.948459,cycle,131072.0,,m2:cycle:n26:p1:g2026:a0,26,1,1.105542,341032960.0,0.165083,0,4096,,OK,warm_single,49.790001,14.910625
2.652333,matrix_product_state,335986688.0,1,040c95fa5f44571aebd0f0f707a11b565e191e4f618fe76fdf9b8796792ec843,212.105666,cycle,49152.0,,m2:cycle:n26:p1:g2026:a1,26,1,1.094834,341082112.0,0.190709,1,4096,,OK,warm_single,231.082,15.038458
2.700208,matrix_product_state,335986688.0,1,1c5a760ba8122971e725467168b417af8d56dc0fb0c8bb6a5493f773ebbc931a,209.648542,cycle,49152.0,,m2:cycle:n26:p1:g2026:a2,26,1,1.112167,341131264.0,0.170125,2,4096,,OK,warm_single,228.523667,14.892625
2.733709,matrix_product_state,,1,,34.978833,cycle,,0.073416,,28,1,1.07925,,0.194792,,4096,,,cold_start,60.017584,20.957584
2.664042,matrix_product_state,335265792.0,1,5c762bdff0ee0c4270fc8e76a4c523f2c558abb2864227480ecab72c7873ab58,33.430958,cycle,81920.0,,m2:cycle:n28:p1:g2026:a0,28,1,1.111083,340328448.0,0.181375,0,4096,,OK,warm_single,52.668917,15.281459
2.671083,matrix_product_state,335265792.0,1,9e76c2109d7c85d044e159b79aef1b435fd7ae87f17e1cd483fe6b2b8d7c9095,226.497542,cycle,114688.0,,m2:cycle:n28:p1:g2026:a1,28,1,1.12525,340443136.0,0.153042,1,4096,,OK,warm_single,245.84970900000002,15.402792
2.754334,matrix_product_state,335265792.0,1,4bde86e70a709ca1818cfad2b28166001b12f2bb0e0497c41aad0ee69a22c85d,227.184,cycle,49152.0,,m2:cycle:n28:p1:g2026:a2,28,1,1.158,340492288.0,0.173875,2,4096,,OK,warm_single,246.755418,15.485209
2.694875,matrix_product_state,,1,,36.482083,cycle,,0.071041,,30,1,1.017416,,0.195917,,4096,,,cold_start,61.217624,20.756292
2.757208,matrix_product_state,335527936.0,1,9bae649c00d57bece0327b36eb0336d2ff81c7aff10274155749a256b4b7bd12,35.553333,cycle,98304.0,,m2:cycle:n30:p1:g2026:a0,30,1,1.059083,340738048.0,0.185792,0,4096,,OK,warm_single,54.574499,15.019083
2.775,matrix_product_state,335527936.0,1,2010a99cc06800ce70aa68fd295437c3a10d807d04c2b3d33c54dab02a0cec70,243.055,cycle,32768.0,,m2:cycle:n30:p1:g2026:a1,30,1,1.112834,340770816.0,0.157042,1,4096,,OK,warm_single,261.99071,14.890834
2.765041,matrix_product_state,335527936.0,1,69bd584ccc9d4b14cb816f8afc0982d0db565952e010e6a66d11897a653857cc,250.410375,cycle,114688.0,,m2:cycle:n30:p1:g2026:a2,30,1,1.113042,340885504.0,0.18125,2,4096,,OK,warm_single,270.00825,15.538542
2.660833,matrix_product_state,,1,,39.825459,cycle,,0.069583,,32,1,0.994541,,0.203833,,4096,,,cold_start,64.34166599999999,20.587417
2.739958,matrix_product_state,335888384.0,1,4dfc759376a999207979c8f21de56e5d7f276b6852828f48c6bd4f880ffe0871,38.940459,cycle,49152.0,,m2:cycle:n32:p1:g2026:a0,32,1,1.108917,341131264.0,0.183416,0,4096,,OK,warm_single,58.428749999999994,15.456
2.769542,matrix_product_state,335888384.0,1,5b74420046f89c70f648cd64c811a5afa5a3d10e00d846d7de77c45437ca5f80,269.380209,cycle,49152.0,,m2:cycle:n32:p1:g2026:a1,32,1,1.131959,341180416.0,0.169125,1,4096,,OK,warm_single,288.806627,15.355792
3.014417,matrix_product_state,335888384.0,1,428dbb24ae4372aac604d9793f70fb78d9766b4b41d64ca95d6afb4b35c3fbe9,271.182875,cycle,98304.0,,m2:cycle:n32:p1:g2026:a2,32,1,2.053459,341278720.0,0.190833,2,4096,,OK,warm_single,292.598125,16.156541
2.552875,matrix_product_state,,1,,26.6725,cycle,,0.068333,,22,2,0.992708,,0.216416,,4096,,,cold_start,51.030165,20.527333
2.789125,matrix_product_state,336134144.0,1,ebce7627f9da7f8510b6320df7580e2a45c91e6636d773b5fa10f07fa948ed5c,27.790458,cycle,81920.0,,m2:cycle:n22:p2:g2026:a0,22,2,1.134958,341393408.0,0.2445,0,4096,,OK,warm_single,48.098082999999995,16.139042
2.862666,matrix_product_state,336134144.0,1,43021ac9084962d12485e3d8e1762138aae578de8e6de3ba664ef0ca4c544121,464.274458,cycle,65536.0,,m2:cycle:n22:p2:g2026:a1,22,2,1.2105,341458944.0,0.196459,1,4096,,OK,warm_single,484.325208,15.781125
2.862292,matrix_product_state,336134144.0,1,cd687db1e76aebddffbddb127e7916fb02a449fd200a99bdb5d5f6b28db9df87,465.763125,cycle,49152.0,,m2:cycle:n22:p2:g2026:a2,22,2,2.156583,341508096.0,0.244792,2,4096,,OK,warm_single,487.56741700000003,16.540625
2.601958,matrix_product_state,,1,,29.445667,cycle,,0.064917,,24,2,1.002542,,0.224917,,4096,,,cold_start,52.921084,19.581083
2.710792,matrix_product_state,335577088.0,1,613cc0d3e25dede0c0063a47cbd16004a2716b7d5c0aaedae6f99f40965419b8,29.891834,cycle,98304.0,,m2:cycle:n24:p2:g2026:a0,24,2,1.114458,341000192.0,0.234584,0,4096,,OK,warm_single,49.428293,15.476625
2.663375,matrix_product_state,335577088.0,1,fd1e26a63c64af0c072f0843839dafe8ac3872a58e7d5e04beb3fd203f2389dc,509.791542,cycle,49152.0,,m2:cycle:n24:p2:g2026:a1,24,2,1.098541,341049344.0,0.201959,1,4096,,OK,warm_single,528.76875,15.013333
2.880375,matrix_product_state,335577088.0,1,0336da992daa9d671e95063b6a51c943de5e55df133da13cc7ca842c88f3cf1b,511.980166,cycle,81920.0,,m2:cycle:n24:p2:g2026:a2,24,2,2.0425,341131264.0,0.231375,2,4096,,OK,warm_single,532.5548319999999,15.420416
3.146125,matrix_product_state,,1,,143.601542,cycle,,0.081083,,26,2,1.309125,,0.281458,,4096,,,cold_start,172.427416,24.008083
3.031667,matrix_product_state,335691776.0,1,afb4c18c568e8649b3eb2dd9bb7c4cba2e91f7ef1d259e876e21cbe48858c84c,35.894875,cycle,131072.0,,m2:cycle:n26:p2:g2026:a0,26,2,1.280959,341229568.0,0.296875,0,4096,,OK,warm_single,58.543709,18.039333
2.81425,matrix_product_state,335691776.0,1,f9cd0edca6c1c909940c7e9287d7698a594fe7686ba5eda24039bd2a4cd7d0ce,589.552541,cycle,32768.0,,m2:cycle:n26:p2:g2026:a1,26,2,1.168292,341262336.0,0.255875,1,4096,,OK,warm_single,611.627249,17.836291
2.825875,matrix_product_state,335691776.0,1,c6bc00e64c60de091da69f6c8fbf749685bb323249c0d841558e2395ea22668f,578.033333,cycle,49152.0,,m2:cycle:n26:p2:g2026:a2,26,2,1.169083,341311488.0,0.263375,2,4096,,OK,warm_single,598.476625,16.184959
2.814584,matrix_product_state,,1,,37.236459,cycle,,0.075708,,28,2,1.049583,,0.272,,4096,,,cold_start,62.234417,20.786083
2.732083,matrix_product_state,335609856.0,1,b7622a6612ca09135aa0cc939bb061d86f864f93665dd770a33e8f8a18bf252d,37.237917,cycle,98304.0,,m2:cycle:n28:p2:g2026:a0,28,2,1.074875,341327872.0,0.29875,0,4096,,OK,warm_single,57.599708,16.256083
2.82075,matrix_product_state,335609856.0,1,e30ef800a54ca06a4bd22788fbca06ee72560b5d84c0232d98cd8dc57594f0f0,623.005042,cycle,81920.0,,m2:cycle:n28:p2:g2026:a1,28,2,1.206166,341409792.0,0.226709,1,4096,,OK,warm_single,642.718917,15.46025
2.88075,matrix_product_state,335609856.0,1,11170cca7dc956663906ebf0361967b841a1fed025b50c51dea00046a30b386a,630.89775,cycle,32768.0,,m2:cycle:n28:p2:g2026:a2,28,2,1.223834,341442560.0,0.261833,2,4096,,OK,warm_single,651.617584,16.353417
2.736709,matrix_product_state,,1,,37.442833,cycle,,0.076917,,30,2,1.019125,,0.271708,,4096,,,cold_start,62.911125,21.363833
3.466792,matrix_product_state,335413248.0,1,a91e08f2762fe33418ad3f6289afa97990be3eb15d093c244098f102269ef0d3,46.090208,cycle,131072.0,,m2:cycle:n30:p2:g2026:a0,30,2,1.3915,341098496.0,0.352625,0,4096,,OK,warm_single,71.50245899999999,20.201334
3.163583,matrix_product_state,335413248.0,1,8fd5d68208026ee12cf8bfc5133182a51c80647409a4c40cba78c110a2584326,729.020959,cycle,49152.0,,m2:cycle:n30:p2:g2026:a1,30,2,1.298,341147648.0,0.292,1,4096,,OK,warm_single,753.258667,19.484125
2.962166,matrix_product_state,335413248.0,1,d648ec4392bd0914bd7e64cad0cc649719cc300c36df1152b76422ac8f7b3d21,700.418083,cycle,98304.0,,m2:cycle:n30:p2:g2026:a2,30,2,1.200625,341245952.0,0.286917,2,4096,,OK,warm_single,722.890041,18.02225
2.519959,matrix_product_state,,1,,37.999958,cycle,,0.067,,32,2,0.955375,,0.270583,,4096,,,cold_start,61.754999999999995,19.942125
2.717417,matrix_product_state,335446016.0,1,770f6a2fcc354eb788ba234bc6725042bc7690c9784ae03faf555335246220cd,39.3135,cycle,98304.0,,m2:cycle:n32:p2:g2026:a0,32,2,1.072292,341377024.0,0.298417,0,4096,,OK,warm_single,58.96454299999999,15.562917
2.936958,matrix_product_state,335446016.0,1,e709f0d5bcf9d7de25b6ac404a0a44185fa481515b55378077a128eb2b4c1fe6,725.901333,cycle,98304.0,,m2:cycle:n32:p2:g2026:a1,32,2,1.220417,341475328.0,0.25075,1,4096,,OK,warm_single,745.451499,15.142041
2.940542,matrix_product_state,335446016.0,1,0bc403b7c4ec51f1277df6c147cef4678874444b7bb7a1f303478336975d4f6f,733.472125,cycle,114688.0,,m2:cycle:n32:p2:g2026:a2,32,2,2.02,341590016.0,0.310584,2,4096,,OK,warm_single,755.439834,16.696583
2.439958,matrix_product_state,,1,,30.5695,cycle,,0.068666,,22,3,0.945708,,0.260834,,4096,,,cold_start,53.930666,19.646
2.522292,matrix_product_state,335626240.0,1,dece489f13dfad13e5042e9fb0c93d52bbcfebb220fd00bbb744a547a2c66b91,25.836,cycle,114688.0,,m2:cycle:n22:p3:g2026:a0,22,3,1.042916,341606400.0,0.284083,0,4096,,OK,warm_single,44.36725,14.681959
2.49075,matrix_product_state,335626240.0,1,7d4697af4ef0278d3e8a49a3e79717d6acc1b08677769cd4fd02dd7917204478,3813.434,cycle,65536.0,,m2:cycle:n22:p3:g2026:a1,22,3,1.030834,341671936.0,0.220916,1,4096,,OK,warm_single,3831.467,14.2905
2.527125,matrix_product_state,335626240.0,1,d60f028129fe393a2d82cfd1133bdc7a3bc59ac34ffe00e719338497cd8b81e8,3884.289084,cycle,114688.0,,m2:cycle:n22:p3:g2026:a2,22,3,1.836292,341786624.0,0.267792,2,4096,,OK,warm_single,3903.177668,14.257375
2.512333,matrix_product_state,,1,,28.756375,cycle,,0.071125,,24,3,0.977792,,0.281625,,4096,,,cold_start,52.834417,20.235167
2.576083,matrix_product_state,335609856.0,1,f6dd3dfb2466f83fa664f3dfc76681705cb90413f43751607c35172f492b10a3,27.926875,cycle,180224.0,,m2:cycle:n24:p3:g2026:a0,24,3,1.060042,342425600.0,0.276875,0,4096,,OK,warm_single,46.271625,14.43175
2.558042,matrix_product_state,335609856.0,1,356a4c11951688bc5b7c39a3432d9acb5e1e3bf6697033112818e1650c1a2c63,4443.901583,cycle,49152.0,,m2:cycle:n24:p3:g2026:a1,24,3,1.049083,342474752.0,0.246167,1,4096,,OK,warm_single,4462.3391249999995,14.58425
2.627959,matrix_product_state,335609856.0,1,e6e93123331e5cf009fe955f8586e53efaaaa36eaf8794ebe9f527d303aa9a5c,4499.678208,cycle,98304.0,,m2:cycle:n24:p3:g2026:a2,24,3,1.111875,342573056.0,0.289583,2,4096,,OK,warm_single,4518.731583000001,15.023958
2.525,matrix_product_state,,1,,31.9585,cycle,,0.065792,,26,3,0.950917,,0.29325,,4096,,,cold_start,55.850209,20.05675
2.511416,matrix_product_state,335872000.0,1,d61daf50da65607a1f74a66778f0bf71d1997bc152ce4e7cee9e7b90c872ae95,30.848959,cycle,196608.0,,m2:cycle:n26:p3:g2026:a0,26,3,1.058875,342917120.0,0.312042,0,4096,,OK,warm_single,49.626542,14.89525
2.515292,matrix_product_state,335872000.0,1,93bed598cea329d5051335a2f5ca569332b6e6b5af78e610e34356a5b38f2979,5159.758166,cycle,65536.0,,m2:cycle:n26:p3:g2026:a1,26,3,1.055958,342982656.0,0.267375,1,4096,,OK,warm_single,5178.061666,14.464875
2.541833,matrix_product_state,335872000.0,1,0640b94a8f1def405e89dd25915150c6fe980e4b32017d3b3ecb88dcd4e8a59e,5173.445459,cycle,81920.0,,m2:cycle:n26:p3:g2026:a2,26,3,1.806042,343064576.0,0.31175,2,4096,,OK,warm_single,5192.5278339999995,14.42275
2.532917,matrix_product_state,,1,,33.920792,cycle,,0.068916,,28,3,0.966875,,0.31675,,4096,,,cold_start,58.186959,20.380709
2.557417,matrix_product_state,335626240.0,1,4750cee88031b9d85aef785f10999fa9882b7f959df36e2eb8cc3dfeeecc23a1,34.707375,cycle,81920.0,,m2:cycle:n28:p3:g2026:a0,28,3,1.036875,343310336.0,0.332375,0,4096,,OK,warm_single,53.429417,14.795375
2.552667,matrix_product_state,335626240.0,1,fc0e25cd716a8d264b5b66276fb25c2db30cf50d262d36ee26256460ecf16ba5,5835.94525,cycle,98304.0,,m2:cycle:n28:p3:g2026:a1,28,3,1.059833,343408640.0,0.29225,1,4096,,OK,warm_single,5854.204875,14.354875
2.49125,matrix_product_state,335626240.0,1,29b0c5a9161ce71fd808121685d01e94ecdea360c3182a386f4ced2b077d9ebf,5805.019542,cycle,114688.0,,m2:cycle:n28:p3:g2026:a2,28,3,1.019625,343523328.0,0.323292,2,4096,,OK,warm_single,5823.309375,14.455666
2.494792,matrix_product_state,,1,,36.735,cycle,,0.070625,,30,3,0.960834,,0.323292,,4096,,,cold_start,60.33008499999999,19.745542
2.543708,matrix_product_state,335708160.0,1,51ea4d499be6a0f36de74d5612855bd5ea23d1eee0c42404559addcd461b0d08,37.063875,cycle,131072.0,,m2:cycle:n30:p3:g2026:a0,30,3,1.023333,344211456.0,0.366834,0,4096,,OK,warm_single,55.77062500000001,14.772875
2.567542,matrix_product_state,335708160.0,1,39df0c1cd99fcf161ba9e7ffcee3edbdc292ec4bde9ef139247baf1fe31f0957,6451.81125,cycle,65536.0,,m2:cycle:n30:p3:g2026:a1,30,3,1.080208,344276992.0,0.293916,1,4096,,OK,warm_single,6470.090333,14.337417
2.621625,matrix_product_state,335708160.0,1,6b76a1afe778113e9bc655588577bd0c248551b7ea8d2d4a2f5f1d6e03f3388f,6463.050792,cycle,81920.0,,m2:cycle:n30:p3:g2026:a2,30,3,1.11525,344358912.0,0.34225,2,4096,,OK,warm_single,6481.8422089999995,14.712292
2.726291,matrix_product_state,,1,,40.997,cycle,,0.068459,,32,3,1.014125,,0.34225,,4096,,,cold_start,65.770042,20.621917
2.676,matrix_product_state,336019456.0,1,0331071a5cc9a6c24ffcf9192329f9de5b3085bc71efd9461e81014e4414be7d,39.206625,cycle,147456.0,,m2:cycle:n32:p3:g2026:a0,32,3,1.057083,345178112.0,0.403084,0,4096,,OK,warm_single,58.472417,15.129625
2.495334,matrix_product_state,336019456.0,1,c3abaa660bec9a86f70ab8e59b767caa739277dcb090ed4c8e6dace4c58d88e6,7148.332167,cycle,81920.0,,m2:cycle:n32:p3:g2026:a1,32,3,1.0395,345260032.0,0.313125,1,4096,,OK,warm_single,7166.931667999999,14.751542
2.729667,matrix_product_state,336019456.0,1,d0c97efbb31475a8636a5edf40ca7ed3c02498e23cd9547374a8cfe25452c9ca,7241.090459,cycle,491520.0,,m2:cycle:n32:p3:g2026:a2,32,3,1.903542,345751552.0,0.35725,2,4096,,OK,warm_single,7260.731793,14.650875
2.462875,matrix_product_state,,1,,26.515125,random_3_regular,,0.065834,,22,1,0.999958,,0.176583,,4096,,,cold_start,49.675667000000004,19.455292
2.635375,matrix_product_state,335757312.0,1,d78d502dbe72d96a9ed66746256a2ecd9f777f1eea55810fc950791f7dc47e99,26.536667,random_3_regular,65536.0,,m2:random_3_regular:n22:p1:g2026:a0,22,1,1.066834,346112000.0,0.205375,0,4096,,OK,warm_single,45.82112600000001,15.376875
2.814458,matrix_product_state,335757312.0,1,037545c6da75c1e4e2cf19194857ba7689bf821eef1db854e18d390c551ed218,9104.410084,random_3_regular,65536.0,,m2:random_3_regular:n22:p1:g2026:a1,22,1,1.164958,346177536.0,0.17125,1,4096,,OK,warm_single,9123.232,14.67125
2.480375,matrix_product_state,335757312.0,1,db9f6bb420ab7fa4c844bb6c25f17503e89f8e8ae55425fbb1721b9968248a92,8773.994875,random_3_regular,65536.0,,m2:random_3_regular:n22:p1:g2026:a2,22,1,1.029125,346243072.0,0.208458,2,4096,,OK,warm_single,8792.865708,15.152875
2.575667,matrix_product_state,,1,,29.837125,random_3_regular,,0.072792,,24,1,1.051166,,0.204708,,4096,,,cold_start,54.78858300000001,21.047125
2.66725,matrix_product_state,335544320.0,1,ee10044920e6db49c0ecb1771a7757cfebdd38fdeca14ce6772452441817f3b4,28.896875,random_3_regular,81920.0,,m2:random_3_regular:n24:p1:g2026:a0,24,1,1.104583,342065152.0,0.218042,0,4096,,OK,warm_single,47.73825,14.8515
2.525417,matrix_product_state,335544320.0,1,7e1dd75526033116b0f3413aea308cc64eed4fc45035c609a972cd06e291e6da,3840.647334,random_3_regular,32768.0,,m2:random_3_regular:n24:p1:g2026:a1,24,1,1.076334,342097920.0,0.160625,1,4096,,OK,warm_single,3859.1432099999993,14.7335
2.495209,matrix_product_state,335544320.0,1,23dbb4585e4c2bfbd4fa11e643ebe14204d7e2958e8d803e1864fb3923c871d3,3975.034875,random_3_regular,98304.0,,m2:random_3_regular:n24:p1:g2026:a2,24,1,1.770667,342196224.0,0.204208,2,4096,,OK,warm_single,3994.903292,15.398333
2.588458,matrix_product_state,,1,,33.21775,random_3_regular,,0.073458,,26,1,1.030666,,0.206625,,4096,,,cold_start,58.251248000000004,21.134291
2.532667,matrix_product_state,335380480.0,1,02485874a660ffeb06154e9a20e9524cb2c3442cac80f5e7c8e553843c913e03,30.4455,random_3_regular,98304.0,,m2:random_3_regular:n26:p1:g2026:a0,26,1,1.057958,349454336.0,0.230541,0,4096,,OK,warm_single,49.141791,14.875125
2.504,matrix_product_state,335380480.0,1,012088be076a2bb45425d3cc74528f9ccbeb4c0af9cadb4563bd907257143585,5566.503083,random_3_regular,32768.0,,m2:random_3_regular:n26:p1:g2026:a1,26,1,1.05475,349487104.0,0.170792,1,4096,,OK,warm_single,5584.897666,14.665041
2.541125,matrix_product_state,335380480.0,1,87193202c1f46669ce56b1cb215dec3748da0815b9fb0b7bfd333283d661546b,5598.402042,random_3_regular,65536.0,,m2:random_3_regular:n26:p1:g2026:a2,26,1,1.063,349552640.0,0.236875,2,4096,,OK,warm_single,5616.77625,14.533208
2.462375,matrix_product_state,,1,,33.2775,random_3_regular,,0.069125,,28,1,0.965334,,0.215083,,4096,,,cold_start,56.79241700000001,19.803
2.641416,matrix_product_state,335740928.0,1,6dd9bd19709571483f9dc778664e2c8b4fd70b24b338b32f423a66c09e955f2e,33.8735,random_3_regular,81920.0,,m2:random_3_regular:n28:p1:g2026:a0,28,1,1.081542,362692608.0,0.240791,0,4096,,OK,warm_single,53.474707,15.637458
2.524417,matrix_product_state,335740928.0,1,40c28bebcb11e38aaa05e79655beea2bb59e0403748b710271e769fdb7140e4e,23863.527542,random_3_regular,65536.0,,m2:random_3_regular:n28:p1:g2026:a1,28,1,1.057917,362758144.0,0.195625,1,4096,,OK,warm_single,23881.651001,14.3455
2.672791,matrix_product_state,335740928.0,1,9c11a58611ad4c75e3ed7ae356ade4bed5154fda8b553116975ef79b492e4c53,23737.826666,random_3_regular,49152.0,,m2:random_3_regular:n28:p1:g2026:a2,28,1,1.117833,362807296.0,0.226959,2,4096,,OK,warm_single,23757.281291000003,15.437042
,qute,,1,,44.819833,pilot_cycle_plus_chord,212992.0,,,6,1,,363560960.0,,0,1024,,OK,warm_single,44.819833,0.0
,qute,,1,,43.750792,pilot_cycle_plus_chord,212992.0,,,6,1,,363560960.0,,1,1024,,OK,warm_single,43.750792,0.0
,qute,,1,,43.802792,pilot_cycle_plus_chord,212992.0,,,6,1,,363560960.0,,2,1024,,OK,warm_single,43.802792,0.0
,qute,,1,,43.631333,pilot_cycle_plus_chord,212992.0,,,6,1,,363560960.0,,3,1024,,OK,warm_single,43.631333,0.0
,qute,,1,,43.675333,pilot_cycle_plus_chord,212992.0,,,6,1,,363560960.0,,4,1024,,OK,warm_single,43.675333,0.0
,qute,,1,,178.78475,pilot_cycle_plus_chord,802816.0,,,6,1,,364150784.0,,0,4096,,OK,warm_single,178.78475,0.0
,qute,,1,,181.153958,pilot_cycle_plus_chord,802816.0,,,6,1,,364150784.0,,1,4096,,OK,warm_single,181.153958,0.0
,qute,,1,,185.050584,pilot_cycle_plus_chord,802816.0,,,6,1,,364150784.0,,2,4096,,OK,warm_single,185.050584,0.0
,qute,,1,,190.198166,pilot_cycle_plus_chord,802816.0,,,6,1,,364150784.0,,3,4096,,OK,warm_single,190.198166,0.0
,qute,,1,,190.634833,pilot_cycle_plus_chord,802816.0,,,6,1,,364150784.0,,4,4096,,OK,warm_single,190.634833,0.0
,qute,,8,,1609.799292,pilot_cycle_plus_chord,819200.0,,,6,1,,364167168.0,,0,4096,,OK,warm_batch,1609.799292,0.0
,qute,,8,,1632.023833,pilot_cycle_plus_chord,835584.0,,,6,1,,364183552.0,,1,4096,,OK,warm_batch,1632.023833,0.0
,qute,,8,,1567.921459,pilot_cycle_plus_chord,835584.0,,,6,1,,364183552.0,,2,4096,,OK,warm_batch,1567.921459,0.0
,qute,,8,,1549.277791,pilot_cycle_plus_chord,835584.0,,,6,1,,364183552.0,,3,4096,,OK,warm_batch,1549.277791,0.0
,qute,,8,,1548.995667,pilot_cycle_plus_chord,835584.0,,,6,1,,364183552.0,,4,4096,,OK,warm_batch,1548.995667,0.0
,qute,,32,,6283.208708,pilot_cycle_plus_chord,901120.0,,,6,1,,364249088.0,,0,4096,,OK,warm_batch,6283.208708,0.0
,qute,,32,,6276.559417,pilot_cycle_plus_chord,999424.0,,,6,1,,364347392.0,,1,4096,,OK,warm_batch,6276.559417,0.0
,qute,,32,,6254.646416,pilot_cycle_plus_chord,1015808.0,,,6,1,,364363776.0,,2,4096,,OK,warm_batch,6254.646416,0.0
,qute,,32,,6261.208542,pilot_cycle_plus_chord,1015808.0,,,6,1,,364363776.0,,3,4096,,OK,warm_batch,6261.208542,0.0
,qute,,32,,6263.223291,pilot_cycle_plus_chord,1032192.0,,,6,1,,364380160.0,,4,4096,,OK,warm_batch,6263.223291,0.0
,qute,,1,,3164.731667,pilot_cycle_plus_chord,71548928.0,,,6,1,,434896896.0,,0,65536,,OK,warm_single,3164.731667,0.0
,qute,,1,,3158.861958,pilot_cycle_plus_chord,71516160.0,,,6,1,,434864128.0,,1,65536,,OK,warm_single,3158.861958,0.0
,qute,,1,,3177.589792,pilot_cycle_plus_chord,71516160.0,,,6,1,,434864128.0,,2,65536,,OK,warm_single,3177.589792,0.0
,qute,,1,,3158.214583,pilot_cycle_plus_chord,71516160.0,,,6,1,,434864128.0,,3,65536,,OK,warm_single,3158.214583,0.0
,qute,,1,,3158.77725,pilot_cycle_plus_chord,71516160.0,,,6,1,,434864128.0,,4,65536,,OK,warm_single,3158.77725,0.0
2.511,statevector,335626240.0,1,multiple,215.683792,cycle,20185088.0,,batch,20,3,1.096875,355811328.0,0.238625,0,4096,,OK,warm_batch,243.24250100000003,23.712209
2.489459,statevector,335626240.0,1,multiple,222.878208,cycle,20250624.0,,batch,20,3,1.105958,355876864.0,0.235125,1,4096,,OK,warm_batch,251.218458,24.509708
2.641083,statevector,335626240.0,1,multiple,232.815792,cycle,20283392.0,,batch,20,3,1.111083,355909632.0,0.251208,2,4096,,OK,warm_batch,261.430416,24.61125
21.846167,statevector,335626240.0,8,multiple,1713.629,cycle,26673152.0,,batch,20,3,9.351,363347968.0,1.619292,0,4096,,OK,warm_batch,1772.457876,26.012417
21.399875,statevector,335626240.0,8,multiple,1748.677709,cycle,27869184.0,,batch,20,3,8.469083,363495424.0,1.724417,1,4096,,OK,warm_batch,1808.724667,28.453583
20.48225,statevector,335626240.0,8,multiple,1716.167625,cycle,28360704.0,,batch,20,3,8.221917,363986944.0,1.716875,2,4096,,OK,warm_batch,1774.4905,27.901833
83.481333,statevector,335626240.0,32,multiple,6683.154375,cycle,55984128.0,,batch,20,3,33.034833,402096128.0,6.243,0,4096,,OK,warm_batch,6835.151499,29.237958
81.5075,statevector,335626240.0,32,multiple,6711.62025,cycle,59883520.0,,batch,20,3,32.566083,405995520.0,6.144542,1,4096,,OK,warm_batch,6861.093249999999,29.254875
81.891375,statevector,335626240.0,32,multiple,6766.222917,cycle,63193088.0,,batch,20,3,32.053625,408256512.0,6.222375,2,4096,,OK,warm_batch,6915.6185,29.228208
0.0205,statevector,335462400.0,1,multiple,1.470458,random_3_regular,2277376.0,,batch,6,1,0.003083,337739776.0,0.062083,0,4096,,OK,warm_batch,25.234874,23.67875
0.018875,statevector,335462400.0,1,multiple,1.375791,random_3_regular,2326528.0,,batch,6,1,0.002708,337788928.0,0.062916,1,4096,,OK,warm_batch,25.152624,23.692334
0.018333,statevector,335462400.0,1,multiple,1.352,random_3_regular,2326528.0,,batch,6,1,0.002667,337788928.0,0.0585,2,4096,,OK,warm_batch,25.053707999999997,23.622208
0.261333,statevector,335462400.0,8,multiple,10.314792,random_3_regular,2703360.0,,batch,6,1,0.049666,338165760.0,0.367,0,4096,,OK,warm_batch,34.957666,23.964875
0.257167,statevector,335462400.0,8,multiple,10.3855,random_3_regular,2850816.0,,batch,6,1,0.045958,338313216.0,0.395083,1,4096,,OK,warm_batch,36.1535,25.069792
0.25825,statevector,335462400.0,8,multiple,10.308917,random_3_regular,2998272.0,,batch,6,1,0.046625,338460672.0,0.36875,2,4096,,OK,warm_batch,35.995583999999994,25.013042
1.040416,statevector,335462400.0,32,multiple,40.983625,random_3_regular,4489216.0,,batch,6,1,0.170584,339951616.0,1.378875,0,4096,,OK,warm_batch,69.705667,26.132167
0.985209,statevector,335462400.0,32,multiple,40.695792,random_3_regular,4784128.0,,batch,6,1,0.165334,340246528.0,1.373083,1,4096,,OK,warm_batch,69.297668,26.07825
0.971291,statevector,335462400.0,32,multiple,40.5765,random_3_regular,5308416.0,,batch,6,1,0.169166,340770816.0,1.369916,2,4096,,OK,warm_batch,69.392082,26.305209
2.610792,statevector,335872000.0,1,multiple,110.108125,random_3_regular,20070400.0,,batch,20,1,1.109709,355942400.0,0.150541,0,4096,,OK,warm_batch,139.28662500000002,25.307458
2.606375,statevector,335872000.0,1,multiple,110.005792,random_3_regular,20135936.0,,batch,20,1,1.111875,356007936.0,0.1675,1,4096,,OK,warm_batch,139.239459,25.347917
2.795791,statevector,335872000.0,1,multiple,116.430042,random_3_regular,20168704.0,,batch,20,1,1.17,356040704.0,0.172584,2,4096,,OK,warm_batch,145.908458,25.340041
21.132,statevector,335872000.0,8,multiple,955.116042,random_3_regular,26132480.0,,batch,20,1,9.015667,363053056.0,1.084459,0,4096,,OK,warm_batch,1014.1642929999999,27.816125
21.338292,statevector,335872000.0,8,multiple,976.200833,random_3_regular,27344896.0,,batch,20,1,8.522333,363216896.0,1.064833,1,4096,,OK,warm_batch,1035.3274159999999,28.201125
21.276083,statevector,335872000.0,8,multiple,972.783583,random_3_regular,27770880.0,,batch,20,1,8.638333,363642880.0,1.1025,2,4096,,OK,warm_batch,1032.7148740000002,28.914375
86.145709,statevector,335872000.0,32,multiple,3783.90825,random_3_regular,55345152.0,,batch,20,1,33.923041,400654336.0,3.987167,0,4096,,OK,warm_batch,3939.277792,31.313625
80.867375,statevector,335872000.0,32,multiple,3729.821708,random_3_regular,59064320.0,,batch,20,1,31.485583,404373504.0,4.04925,1,4096,,OK,warm_batch,3877.521749,31.297833
84.35725,statevector,335872000.0,32,multiple,3803.97575,random_3_regular,62767104.0,,batch,20,1,34.1815,405979136.0,3.697125,2,4096,,OK,warm_batch,3954.7704590000003,28.558834
2.470875,matrix_product_state,335642624.0,1,multiple,3249.177542,cycle,5783552.0,,batch,20,3,1.080333,341426176.0,0.206625,0,4096,,OK,warm_batch,3267.1259999999997,14.190625
2.498292,matrix_product_state,335642624.0,1,multiple,3259.890708,cycle,5849088.0,,batch,20,3,1.058667,341491712.0,0.274417,1,4096,,OK,warm_batch,3278.766459,15.044375
2.457583,matrix_product_state,335642624.0,1,multiple,3248.452792,cycle,5881856.0,,batch,20,3,1.060041,341524480.0,0.25625,2,4096,,OK,warm_batch,3267.294166,15.0675
19.56825,matrix_product_state,335642624.0,8,multiple,19566.0315,cycle,12386304.0,,batch,20,3,8.555583,349077504.0,1.569792,0,4096,,OK,warm_batch,19611.351417,15.626292
20.1575,matrix_product_state,335642624.0,8,multiple,19590.125666,cycle,13565952.0,,batch,20,3,7.961875,349208576.0,1.613709,1,4096,,OK,warm_batch,19636.076459000004,16.217709
19.287375,matrix_product_state,335642624.0,8,multiple,19562.651667,cycle,14172160.0,,batch,20,3,7.990541,349814784.0,1.648333,2,4096,,OK,warm_batch,19607.808208,16.230292
80.471291,matrix_product_state,335642624.0,32,multiple,78787.136833,cycle,41844736.0,,batch,20,3,32.919916,387973120.0,6.150542,0,4096,,OK,warm_batch,78925.31491599999,18.636334
81.086458,matrix_product_state,335642624.0,32,multiple,78963.174833,cycle,45580288.0,,batch,20,3,31.656458,391708672.0,6.201542,1,4096,,OK,warm_batch,79101.236166,19.116875
81.135708,matrix_product_state,335642624.0,32,multiple,78302.859375,cycle,49840128.0,,batch,20,3,32.5245,393871360.0,6.19725,2,4096,,OK,warm_batch,78441.280916,18.564083
0.020833,matrix_product_state,335413248.0,1,multiple,48.546291,random_3_regular,2998272.0,,batch,6,1,0.002875,338411520.0,0.063,0,4096,,OK,warm_batch,62.96670700000001,14.333708
0.021833,matrix_product_state,335413248.0,1,multiple,45.684917,random_3_regular,3063808.0,,batch,6,1,0.003125,338477056.0,0.061625,1,4096,,OK,warm_batch,60.164542,14.393042
0.023334,matrix_product_state,335413248.0,1,multiple,45.864167,random_3_regular,3063808.0,,batch,6,1,0.003291,338477056.0,0.066708,2,4096,,OK,warm_batch,60.361042,14.403542
0.279167,matrix_product_state,335413248.0,8,multiple,279.158916,random_3_regular,3407872.0,,batch,6,1,0.054125,338821120.0,0.405208,0,4096,,OK,warm_batch,295.06645799999995,15.169042
0.28625,matrix_product_state,335413248.0,8,multiple,291.5405,random_3_regular,3604480.0,,batch,6,1,0.055584,339017728.0,0.415208,1,4096,,OK,warm_batch,308.175917,15.878375
0.278,matrix_product_state,335413248.0,8,multiple,290.756708,random_3_regular,3702784.0,,batch,6,1,0.051959,339116032.0,0.47275,2,4096,,OK,warm_batch,307.22766700000005,15.66825
1.168125,matrix_product_state,335413248.0,32,multiple,1180.508125,random_3_regular,5193728.0,,batch,6,1,0.196083,340606976.0,1.479416,0,4096,,OK,warm_batch,1200.317249,16.9655
1.054667,matrix_product_state,335413248.0,32,multiple,1190.388375,random_3_regular,5488640.0,,batch,6,1,0.189042,340901888.0,1.538958,1,4096,,OK,warm_batch,1210.9096260000001,17.738584
1.059833,matrix_product_state,335413248.0,32,multiple,1171.3855,random_3_regular,6062080.0,,batch,6,1,0.193375,341475328.0,1.533958,2,4096,,OK,warm_batch,1191.691375,17.518709
2.5145,matrix_product_state,335560704.0,1,multiple,3558.389125,random_3_regular,7258112.0,,batch,20,1,1.063917,342818816.0,0.132875,0,4096,,OK,warm_batch,3576.173459,14.073042
2.522792,matrix_product_state,335560704.0,1,multiple,3550.595458,random_3_regular,7389184.0,,batch,20,1,1.100792,342949888.0,0.18425,1,4096,,OK,warm_batch,3569.189292,14.786
2.618125,matrix_product_state,335560704.0,1,multiple,3551.77375,random_3_regular,7454720.0,,batch,20,1,1.116875,343015424.0,0.184334,2,4096,,OK,warm_batch,3570.894459,15.201375
19.906416,matrix_product_state,335560704.0,8,multiple,13081.248292,random_3_regular,14303232.0,,batch,20,1,8.629959,350912512.0,1.054,0,4096,,OK,warm_batch,13126.179876,15.341209
19.946084,matrix_product_state,335560704.0,8,multiple,13041.645334,random_3_regular,15515648.0,,batch,20,1,7.720166,351076352.0,1.087875,1,4096,,OK,warm_batch,13087.409583999999,17.010125
19.749,matrix_product_state,335560704.0,8,multiple,13039.559166,random_3_regular,16941056.0,,batch,20,1,7.9285,352501760.0,1.023542,2,4096,,OK,warm_batch,13084.303915999999,16.043708
81.012125,matrix_product_state,335560704.0,32,multiple,43071.057542,random_3_regular,42139648.0,,batch,20,1,32.122042,387137536.0,3.761166,0,4096,,OK,warm_batch,43206.683000000005,18.730125
80.802917,matrix_product_state,335560704.0,32,multiple,43026.928333,random_3_regular,45989888.0,,batch,20,1,32.020541,390987776.0,3.76075,1,4096,,OK,warm_batch,43162.153583,18.641042
91.179041,matrix_product_state,335560704.0,32,multiple,43412.309959,random_3_regular,49709056.0,,batch,20,1,35.722375,392609792.0,3.751792,2,4096,,OK,warm_batch,43561.599541999996,18.636375
